---- WorkLoadUnit (NetworkId, LayerId, subLayerID, numIter, tileID) [Ni x inW x inH] => [No x outW x outH] | LayerType
 LinkSubtype (Link ID) : [delay, freq, repeat, period]
     BuffType <bufDbIndex> (BuffShape,dataType)[freq,repeat,repeatOffset,period]: space(coreId), bufWidth, activeBufWidth, bufHeight, bufSize, [offset, superOffset], baseMem
     FlowInfo : [pipeup]***[pipeline]***[pipedown]***[flowUnitBoundary]

 ******************************   CORE Number = 0 ***************************
 ------------- 1( 0, 1, 0, 7, 0) [3 x 640 x  640] => [3 x 640 x  640] | TIDL_DataConvertLayer
 LINK_X_FM_IN_FULL_TO_PART      16          :  [0,6,1,1]
    FM_FULL        <0> ( L,U8b)[ 6, 1,    0, 1]: DDR( 0),409600,409600,     3,1229824,[  0,  0],     0 |||| FM_IN_PART     <2> (PP,U8b)[ 6, 1,    0, 1]:  L2( 0),409600,409600,     1,409600,[     0,     0],     0
     Src_Flow [     0,     1,     1,     1] [     0,     0,     0]***[ 51200,     4,     2,     3] [ 51200,204800,409600]***[     0,     1,     1,     1] [     0,     0,     0]***[2]
     Snk_Flow [     0,     1,     1,     1] [     0,     0,     0]***[ 51200,     4,     2,     3] [ 51200,204800,     0]***[     0,     1,     1,     1] [     0,     0,     0]***[2]
 LINK_P                         134217744   :  [1,6,1,1]
    FM_IN_PART     <2> (PP,U8b)[ 6, 1,    0, 1]:  L2( 0),409600,409600,     1,409600,[  0,  0],     0 |||| FM_FULL        <1> ( L,U8b)[ 6, 1,    0, 1]: MSMC( 0),411523,411523,     3,1234690,[   642,     0],    7e
     Src_Flow [     0,     1,     1,     1] [     0,     0,     0]***[204800,     1,     2,     3] [409600,204800,     0]***[     0,     1,     1,     1] [     0,     0,     0]***[2]
     Snk_Flow [     0,     1,     1,     1] [     0,     0,     0]***[205120,     1,     2,     3] [411523,205120,411523]***[     0,     1,     1,     1] [     0,     0,     0]***[2]
Padding Info [Row, Col]: Actual  IN -> OUT : [ 0,  0] -> [ 1,  1],  To fill zero OUT: [ 1,  1], Virtual Pad(T,L,B,R): [ 0,  0,  0,  0]

 ------------- 2( 0, 2, 0, 9, 0) [3 x 640 x  640] => [12 x 320 x  320] | TIDL_ConvolutionLayer
 LINK_X_FM_IN_FULL_TO_PART      536870944   :  [1,7,1,1]
    FM_FULL        <1> ( L,U8b)[ 7, 1,    0, 1]: MSMC( 0),411523,411523,     3,1234690,[  0,  0],    7e |||| FM_IN_PART     <4> ( C,U8b)[ 7, 1,    0, 1]:  L2( 0),131072,131072,     3,393216,[     0,     0],     0
     Src_Flow [ 64742,     3,     1,     1] [411523, 64742,     0]***[ 64100,     3,     5,     1] [411523, 64100,1234569]***[ 25640,     3,     1,     1] [411523, 64100,     0]***[2]
     Snk_Flow [ 64742,     3,     1,     1] [131072, 64742,     0]***[ 64100,     3,     5,     1] [131072, 64100,     0]***[ 25640,     3,     1,     1] [131072, 64100,     0]***[2]
 LINK_X_COEFF_IN_ANY_TO_FINAL   587202592   :  [1,1,1,1]
    COEFF_IN_STAGE <6> ( L,S8b)[ 1, 1,    0, 1]: MSMC( 0),    28,    28,    12,   384,[  0,  0],7b9d80 |||| COEFF_IN_FINAL <7> ( L,S8b)[ 1, 1,    0, 1]:  L2( 0),    28,    28,    12,   384,[     0,     0], 60000
     Src_Flow [     0,     1,     1,     1] [     0,     0,     0]***[    28,    12,     1,     1] [    28,    28,   336]***[     0,     1,     1,     1] [     0,     0,     0]***[2]
     Snk_Flow [     0,     1,     1,     1] [     0,     0,     0]***[    28,    12,     1,     1] [    28,    28,     0]***[     0,     1,     1,     1] [     0,     0,     0]***[2]
 LINK_P                         671088672   :  [2,7,1,1]
    FM_IN_PART     <4> ( C,U8b)[ 7, 1,    0, 1]:  L2( 0),131072,131072,     3,393216,[  0,  0],     0 |||| FM_FULL        <3> ( L,S8b)[ 7, 1,    0, 1]: MSMC( 0),103488,103363,    12,1241922,[   322,     0],12f33e
    COEFF_IN_FINAL  <7> ( L,S8b)[ 1, 1,    0, 1]:  L2( 0),    28,    28,    12,   384,[  0,  0], 60000
     Src_Flow [     0,     1,     1,     1] [     0,     0,     0]***[ 64742,     3,     6,     1] [131072, 64100,     0]***[ 26282,     3,     1,     1] [131072, 64100,     0]***[2]
    Src2_Flow [     0,     1,     1,     1] [     0,     0,     0]***[    28,    12,     1,     1] [    28,   336,     0]***[     0,     1,     1,     1] [     0,     0,     0]***[2]
     Snk_Flow [     0,     1,     1,     1] [     0,     0,     0]***[ 16050,    12,     6,     1] [103488, 16050,1241856]***[  6420,    12,     1,     1] [103488, 16050,     0]***[2]
Padding Info [Row, Col]: Actual  IN -> OUT : [ 1,  1] -> [ 1,  1],  To fill zero OUT: [ 1,  1], Virtual Pad(T,L,B,R): [ 0,  0,  0,  0]

 ------------- 3( 0, 3, 0, 8, 0) [12 x 320 x  320] => [32 x 320 x  320] | TIDL_ConvolutionLayer
 LINK_X_FM_IN_FULL_TO_PART      1073741872  :  [0,7,1,1]
    FM_FULL        <3> ( L,S8b)[ 7, 1,    0, 1]: MSMC( 0),103488,103363,    12,1241922,[  0,  0],12f33e |||| FM_IN_PART     <9> ( L,S8b)[ 7, 1,    0, 1]:  L2( 0), 31168, 31168,    12,450176,[     0,     0],     0
     Src_Flow [ 15936,    12,     1,     1] [103488, 15936,     0]***[ 15232,    12,     5,     1] [103488, 15232,1241856]***[ 11267,    12,     1,     1] [103488, 15232,     0]***[2]
     Snk_Flow [ 15936,    12,     1,     1] [ 31168, 15936,     0]***[ 15232,    12,     5,     1] [ 31168, 15232,     0]***[ 11267,    12,     1,     1] [ 31168, 15232,     0]***[2]
 LINK_X_COEFF_IN_ANY_TO_FINAL   1124073520  :  [0,1,1,1]
    COEFF_FULL     <10> ( L,S8b)[ 1, 1,    0, 1]: DDR_PERSIST( 0),   109,   109,    32,  3584,[  0,  0],   180 |||| COEFF_IN_FINAL <11> ( L,S8b)[ 1, 1,    0, 1]:  L2( 0),   192,   109,    32,  6144,[     0,     0], 6de80
     Src_Flow [     0,     1,     1,     1] [     0,     0,     0]***[   109,    32,     1,     1] [   109,   109,  3488]***[     0,     1,     1,     1] [     0,     0,     0]***[2]
     Snk_Flow [     0,     1,     1,     1] [     0,     0,     0]***[   109,    32,     1,     1] [   192,   109,     0]***[     0,     1,     1,     1] [     0,     0,     0]***[2]
 LINK_P                         1207959600  :  [1,7,1,1]
    FM_IN_PART     <9> ( L,S8b)[ 7, 1,    0, 1]:  L2( 0), 31168, 31168,    12,450176,[  0,  0],     0 |||| FM_FULL        <8> ( L,U8b)[ 7, 1,    0, 1]: MSMC( 0),103488,103363,    32,3311682,[   322,     0],    3e
    COEFF_IN_FINAL  <11> ( L,S8b)[ 1, 1,    0, 1]:  L2( 0),   192,   109,    32,  6144,[  0,  0], 6de80
     Src_Flow [     0,     1,     1,     1] [     0,     0,     0]***[ 15876,    12,     6,     1] [ 31168, 15232,     0]***[ 11971,    12,     1,     1] [ 31168, 15232,     0]***[2]
    Src2_Flow [     0,     1,     1,     1] [     0,     0,     0]***[   109,    32,     1,     1] [   192,  6144,     0]***[     0,     1,     1,     1] [     0,     0,     0]***[2]
     Snk_Flow [     0,     1,     1,     1] [     0,     0,     0]***[ 15232,    32,     6,     1] [103488, 15232,3311616]***[ 11327,    32,     1,     1] [103488, 15232,     0]***[2]
Padding Info [Row, Col]: Actual  IN -> OUT : [ 1,  1] -> [ 1,  1],  To fill zero OUT: [ 1,  1], Virtual Pad(T,L,B,R): [ 0,  0,  0,  0]

 ------------- 4( 0, 4, 0, 21, 0) [32 x 320 x  320] => [64 x 160 x  160] | TIDL_ConvolutionLayer
 LINK_X_FM_IN_FULL_TO_PART      1610612800  :  [0,20,1,1]
    FM_FULL        <8> ( L,U8b)[20, 1,    0, 1]: MSMC( 0),103488,103363,    32,3311682,[  0,  0],    3e |||| FM_IN_PART     <13> ( L,U8b)[20, 1,    0, 1]:  L2( 0), 10688, 10688,    32,434432,[     0,     0],     0
     Src_Flow [  5458,    32,     1,     1] [103488,  5458,     0]***[  5136,    32,    19,     1] [103488,  5136,3311616]***[     0,     1,     1,     1] [     0,     0,     0]***[2]
     Snk_Flow [  5458,    32,     1,     1] [ 10688,  5458,     0]***[  5136,    32,    19,     1] [ 10688,  5136,     0]***[     0,     1,     1,     1] [     0,     0,     0]***[2]
 LINK_X_COEFF_IN_ANY_TO_FINAL   1660944448  :  [0,1,1,1]
    COEFF_FULL     <14> ( L,S8b)[ 1, 1,    0, 1]: DDR_PERSIST( 0),   289,   289,    64, 18560,[  0,  0],   f80 |||| COEFF_IN_FINAL <15> ( L,S8b)[ 1, 1,    0, 1]:  L2( 0),   320,   289,    64, 20480,[     0,     0], 6a100
     Src_Flow [     0,     1,     1,     1] [     0,     0,     0]***[   289,    64,     1,     1] [   289,   289, 18496]***[     0,     1,     1,     1] [     0,     0,     0]***[2]
     Snk_Flow [     0,     1,     1,     1] [     0,     0,     0]***[   289,    64,     1,     1] [   320,   289,     0]***[     0,     1,     1,     1] [     0,     0,     0]***[2]
 LINK_P                         1744830528  :  [1,20,1,1]
    FM_IN_PART     <13> ( L,U8b)[20, 1,    0, 1]:  L2( 0), 10688, 10688,    32,434432,[  0,  0],     0 |||| FM_FULL        <12> ( L,U8b)[20, 1,    0, 1]: MSMC( 0), 26176, 26083,    64,1675298,[   162,     0],3288de
    COEFF_IN_FINAL  <15> ( L,S8b)[ 1, 1,    0, 1]:  L2( 0),   320,   289,    64, 20480,[  0,  0], 6a100
     Src_Flow [     0,     1,     1,     1] [     0,     0,     0]***[  5458,    32,    20,     1] [ 10688,  5136,     0]***[     0,     1,     1,     1] [     0,     0,     0]***[2]
    Src2_Flow [     0,     1,     1,     1] [     0,     0,     0]***[   289,    64,     1,     1] [   320, 20480,     0]***[     0,     1,     1,     1] [     0,     0,     0]***[2]
     Snk_Flow [     0,     1,     1,     1] [     0,     0,     0]***[  1288,    64,    20,     1] [ 26176,  1288,1675264]***[     0,     1,     1,     1] [     0,     0,     0]***[2]
Padding Info [Row, Col]: Actual  IN -> OUT : [ 1,  1] -> [ 1,  1],  To fill zero OUT: [ 0,  0], Virtual Pad(T,L,B,R): [ 0,  0,  0,  0]

 ------------- 5( 0, 5, 0, 9, 0) [64 x 160 x  160] => [32 x 160 x  160] | TIDL_ConvolutionLayer
 LINK_X_FM_IN_FULL_TO_PART      2147483728  :  [0,8,1,1]
    FM_FULL        <12> ( L,U8b)[ 8, 1,    0, 1]: MSMC( 0), 26176, 26083,    64,1675298,[162,  0],3288de |||| FM_IN_PART     <17> ( L,U8b)[ 8, 1,    0, 1]:  L2( 0),  6720,  6720,    64,450048,[     0,     0],     0
     Src_Flow [     0,     1,     1,     1] [     0,     0,     0]***[  3328,    64,     7,     1] [ 26176,  3328,1675264]***[  2464,    64,     1,     1] [ 26176,  3328,     0]***[2]
     Snk_Flow [     0,     1,     1,     1] [     0,     0,     0]***[  3328,    64,     7,     1] [  6720,  3328,     0]***[  2464,    64,     1,     1] [  6720,  3328,     0]***[2]
 LINK_X_COEFF_IN_ANY_TO_FINAL   2197815376  :  [0,1,1,1]
    COEFF_FULL     <18> ( L,S8b)[ 1, 1,    0, 1]: DDR_PERSIST( 0),    65,    65,    32,  2176,[  0,  0],  5800 |||| COEFF_IN_FINAL <19> ( L,S8b)[ 1, 1,    0, 1]:  L2( 0),   192,    65,    32,  6144,[     0,     0], 6de00
     Src_Flow [     0,     1,     1,     1] [     0,     0,     0]***[    65,    32,     1,     1] [    65,    65,  2080]***[     0,     1,     1,     1] [     0,     0,     0]***[2]
     Snk_Flow [     0,     1,     1,     1] [     0,     0,     0]***[    65,    32,     1,     1] [   192,    65,     0]***[     0,     1,     1,     1] [     0,     0,     0]***[2]
 LINK_P                         2281701456  :  [1,8,1,1]
    FM_IN_PART     <17> ( L,U8b)[ 8, 1,    0, 1]:  L2( 0),  6720,  6720,    64,450048,[  0,  0],     0 |||| FM_FULL        <16> ( L,U8b)[ 8, 1,    0, 1]: MSMC( 0), 26176, 26083,    32,837666,[   162,     0],    5e
    COEFF_IN_FINAL  <19> ( L,S8b)[ 1, 1,    0, 1]:  L2( 0),   192,    65,    32,  6144,[  0,  0], 6de00
     Src_Flow [     0,     1,     1,     1] [     0,     0,     0]***[  3328,    64,     7,     1] [  6720,  3328,     0]***[  2464,    64,     1,     1] [  6720,  3328,     0]***[2]
    Src2_Flow [     0,     1,     1,     1] [     0,     0,     0]***[    65,    32,     1,     1] [   192,  6144,     0]***[     0,     1,     1,     1] [     0,     0,     0]***[2]
     Snk_Flow [     0,     1,     1,     1] [     0,     0,     0]***[  3328,    32,     7,     1] [ 26176,  3328,837632]***[  2464,    32,     1,     1] [ 26176,  3328,     0]***[2]
Padding Info [Row, Col]: Actual  IN -> OUT : [ 1,  1] -> [ 1,  1],  To fill zero OUT: [ 0,  0], Virtual Pad(T,L,B,R): [ 0,  0,  0,  0]

 ------------- 6( 0, 7, 0, 6, 0) [32 x 160 x  160] => [32 x 160 x  160] | TIDL_ConvolutionLayer
 LINK_X_FM_IN_FULL_TO_PART      2684354672  :  [1,4,1,1]
    FM_FULL        <16> ( L,U8b)[ 4, 1,    0, 1]: MSMC( 0), 26176, 26083,    32,837666,[162,  0],    5e |||| FM_IN_PART     <21> ( L,U8b)[ 4, 1,    0, 1]:  L2( 0), 13760, 13760,    32,454016,[     0,     0],     0
     Src_Flow [     0,     1,     1,     1] [     0,     0,     0]***[  6848,    32,     3,     1] [ 26176,  6848,837632]***[  5216,    32,     1,     1] [ 26176,  6848,     0]***[2]
     Snk_Flow [     0,     1,     1,     1] [     0,     0,     0]***[  6848,    32,     3,     1] [ 13760,  6848,     0]***[  5216,    32,     1,     1] [ 13760,  6848,     0]***[2]
 LINK_X_COEFF_IN_ANY_TO_FINAL   2734686320  :  [1,1,1,1]
    COEFF_IN_STAGE <23> ( L,S8b)[ 1, 1,    0, 1]: MSMC( 0),    33,    33,    32,  1152,[  0,  0],7b9900 |||| COEFF_IN_FINAL <24> ( L,S8b)[ 1, 1,    0, 1]:  L2( 0),    33,    33,    32,  1152,[     0,     0], 6ed80
     Src_Flow [     0,     1,     1,     1] [     0,     0,     0]***[    33,    32,     1,     1] [    33,    33,  1056]***[     0,     1,     1,     1] [     0,     0,     0]***[2]
     Snk_Flow [     0,     1,     1,     1] [     0,     0,     0]***[    33,    32,     1,     1] [    33,    33,     0]***[     0,     1,     1,     1] [     0,     0,     0]***[2]
 LINK_P                         2818572400  :  [2,4,1,1]
    FM_IN_PART     <21> ( L,U8b)[ 4, 1,    0, 1]:  L2( 0), 13760, 13760,    32,454016,[  0,  0],     0 |||| FM_FULL        <20> ( L,U8b)[ 4, 1,    0, 1]: MSMC( 0), 26176, 26083,    32,837666,[   162,     0], cc8de
    COEFF_IN_FINAL  <24> ( L,S8b)[ 1, 1,    0, 1]:  L2( 0),    33,    33,    32,  1152,[  0,  0], 6ed80
     Src_Flow [     0,     1,     1,     1] [     0,     0,     0]***[  6848,    32,     3,     1] [ 13760,  6848,     0]***[  5216,    32,     1,     1] [ 13760,  6848,     0]***[2]
    Src2_Flow [     0,     1,     1,     1] [     0,     0,     0]***[    33,    32,     1,     1] [    33,  1056,     0]***[     0,     1,     1,     1] [     0,     0,     0]***[2]
     Snk_Flow [     0,     1,     1,     1] [     0,     0,     0]***[  6848,    32,     3,     1] [ 26176,  6848,837632]***[  5216,    32,     1,     1] [ 26176,  6848,     0]***[2]
Padding Info [Row, Col]: Actual  IN -> OUT : [ 1,  1] -> [ 1,  1],  To fill zero OUT: [ 1,  1], Virtual Pad(T,L,B,R): [ 0,  0,  0,  0]

 ------------- 7( 0, 8, 0, 5, 0) [32 x 160 x  160] => [32 x 160 x  160] | TIDL_ConvolutionLayer
 LINK_X_FM_IN_FULL_TO_PART      3758096512  :  [0,4,1,1]
    FM_FULL        <20> ( L,U8b)[ 4, 1,    0, 1]: MSMC( 0), 26176, 26083,    32,837666,[  0,  0], cc8de |||| FM_IN_PART     <26> ( L,U8b)[ 4, 1,    0, 1]:  L2( 0), 13504, 13504,    32,445184,[     0,     0],     0
     Src_Flow [  6912,    32,     1,     1] [ 26176,  6912,     0]***[  6528,    32,     2,     1] [ 26176,  6528,837632]***[  6115,    32,     1,     1] [ 26176,  6528,     0]***[2]
     Snk_Flow [  6912,    32,     1,     1] [ 13504,  6912,     0]***[  6528,    32,     2,     1] [ 13504,  6528,     0]***[  6115,    32,     1,     1] [ 13504,  6528,     0]***[2]
 LINK_X_COEFF_IN_ANY_TO_FINAL   3808428160  :  [0,1,1,1]
    COEFF_FULL     <27> ( L,S8b)[ 1, 1,    0, 1]: DDR_PERSIST( 0),   289,   289,    32,  9344,[  0,  0],  6500 |||| COEFF_IN_FINAL <28> ( L,S8b)[ 1, 1,    0, 1]:  L2( 0),   320,   289,    32, 10240,[     0,     0], 6cb00
     Src_Flow [     0,     1,     1,     1] [     0,     0,     0]***[   289,    32,     1,     1] [   289,   289,  9248]***[     0,     1,     1,     1] [     0,     0,     0]***[2]
     Snk_Flow [     0,     1,     1,     1] [     0,     0,     0]***[   289,    32,     1,     1] [   320,   289,     0]***[     0,     1,     1,     1] [     0,     0,     0]***[2]
 LINK_P                         3892314240  :  [1,4,1,1]
    FM_IN_PART     <26> ( L,U8b)[ 4, 1,    0, 1]:  L2( 0), 13504, 13504,    32,445184,[  0,  0],     0 |||| FM_FULL        <25> ( L,U8b)[ 4, 1,    0, 1]: MSMC( 0), 26176, 26083,    32,837666,[   162,     0], cc8de
    COEFF_IN_FINAL  <28> ( L,S8b)[ 1, 1,    0, 1]:  L2( 0),   320,   289,    32, 10240,[  0,  0], 6cb00
     Src_Flow [     0,     1,     1,     1] [     0,     0,     0]***[  6852,    32,     3,     1] [ 13504,  6528,     0]***[  6499,    32,     1,     1] [ 13504,  6528,     0]***[2]
    Src2_Flow [     0,     1,     1,     1] [     0,     0,     0]***[   289,    32,     1,     1] [   320, 10240,     0]***[     0,     1,     1,     1] [     0,     0,     0]***[2]
     Snk_Flow [     0,     1,     1,     1] [     0,     0,     0]***[  6528,    32,     3,     1] [ 26176,  6528,837632]***[  6175,    32,     1,     1] [ 26176,  6528,     0]***[2]
Padding Info [Row, Col]: Actual  IN -> OUT : [ 1,  1] -> [ 1,  1],  To fill zero OUT: [ 0,  0], Virtual Pad(T,L,B,R): [ 0,  0,  0,  0]

 ------------- 8( 0, 9, 0, 9, 0) [64 x 160 x  160] => [32 x 160 x  160] | TIDL_EltWiseLayer
 LINK_X_FM_IN_FULL_TO_PART      4294967440  :  [0,8,1,1]
    FM_FULL        <25> ( L,U8b)[ 8, 1,    0, 1]: MSMC( 0), 26176, 26083,    32,837666,[162,  0], cc8de |||| FM_IN_PART     <30> (PP,U8b)[ 8, 1,    0, 1]:  L2( 0), 26243, 26243,    16,419968,[     0,     0],     0
     Src_Flow [     0,     1,     1,     1] [     0,     0,     0]***[ 25760,     4,     8,     1] [ 26176,104704,104704]***[     0,     1,     1,     1] [     0,     0,     0]***[2]
     Snk_Flow [     0,     1,     1,     1] [     0,     0,     0]***[ 25760,     4,     2,     4] [ 26243,209944,     0]***[     0,     1,     1,     1] [     0,     0,     0]***[2]
 LINK_X_FM_IN_FULL_TO_PART      2684354704  :  [0,8,1,1]
    FM_FULL        <16> ( L,U8b)[ 8, 1,    0, 1]: MSMC( 0), 26176, 26083,    32,837666,[162,  0],    5e |||| FM_IN_PART     <30> (PP,U8b)[ 8, 1,    0, 1]:  L2( 0), 26243, 26243,    16,419968,[104972,     0],     0
     Src_Flow [     0,     1,     1,     1] [     0,     0,     0]***[ 25760,     4,     8,     1] [ 26176,104704,104704]***[     0,     1,     1,     1] [     0,     0,     0]***[2]
     Snk_Flow [     0,     1,     1,     1] [     0,     0,     0]***[ 25760,     4,     2,     4] [ 26243,209944,     0]***[     0,     1,     1,     1] [     0,     0,     0]***[2]
 LINK_P                         35183969435792:  [1,8,1,1]
    FM_IN_PART     <30> (PP,U8b)[ 8, 1,    0, 1]:  L2( 0), 26243, 26243,    16,419968,[  0,  0],     0 |||| FM_FULL        <29> ( L,U8b)[ 8, 1,    0, 1]: MSMC( 0), 26176, 26083,    32,837666,[   162,     0],19915e
    FM_IN_PART      <30> (PP,U8b)[ 8, 1,    0, 1]:  L2( 0), 26243, 26243,    16,419968,[104972,  0],     0
     Src_Flow [     0,     1,     1,     1] [     0,     0,     0]***[ 25760,     4,     2,     4] [ 26243,209944,     0]***[     0,     1,     1,     1] [     0,     0,     0]***[2]
    Src2_Flow [     0,     1,     1,     1] [     0,     0,     0]***[ 25760,     4,     2,     4] [ 26243,209944,     0]***[     0,     1,     1,     1] [     0,     0,     0]***[2]
     Snk_Flow [     0,     1,     1,     1] [     0,     0,     0]***[ 25760,     4,     8,     1] [ 26176,104704,104704]***[     0,     1,     1,     1] [     0,     0,     0]***[2]
Padding Info [Row, Col]: Actual  IN -> OUT : [ 1,  1] -> [ 1,  1],  To fill zero OUT: [ 0,  0], Virtual Pad(T,L,B,R): [ 0,  0,  0,  0]

 ------------- 9( 0, 6, 0, 9, 0) [64 x 160 x  160] => [32 x 160 x  160] | TIDL_ConvolutionLayer
 LINK_X_FM_IN_FULL_TO_PART      2147483744  :  [0,8,1,1]
    FM_FULL        <12> ( L,U8b)[ 8, 1,    0, 1]: MSMC( 0), 26176, 26083,    64,1675298,[162,  0],3288de |||| FM_IN_PART     <32> ( L,U8b)[ 8, 1,    0, 1]:  L2( 0),  6720,  6720,    64,450048,[     0,     0],     0
     Src_Flow [     0,     1,     1,     1] [     0,     0,     0]***[  3328,    64,     7,     1] [ 26176,  3328,1675264]***[  2464,    64,     1,     1] [ 26176,  3328,     0]***[2]
     Snk_Flow [     0,     1,     1,     1] [     0,     0,     0]***[  3328,    64,     7,     1] [  6720,  3328,     0]***[  2464,    64,     1,     1] [  6720,  3328,     0]***[2]
 LINK_X_COEFF_IN_ANY_TO_FINAL   2197815392  :  [0,1,1,1]
    COEFF_FULL     <33> ( L,S8b)[ 1, 1,    0, 1]: DDR_PERSIST( 0),    65,    65,    32,  2176,[  0,  0],  8980 |||| COEFF_IN_FINAL <34> ( L,S8b)[ 1, 1,    0, 1]:  L2( 0),   192,    65,    32,  6144,[     0,     0], 6de00
     Src_Flow [     0,     1,     1,     1] [     0,     0,     0]***[    65,    32,     1,     1] [    65,    65,  2080]***[     0,     1,     1,     1] [     0,     0,     0]***[2]
     Snk_Flow [     0,     1,     1,     1] [     0,     0,     0]***[    65,    32,     1,     1] [   192,    65,     0]***[     0,     1,     1,     1] [     0,     0,     0]***[2]
 LINK_P                         2281701472  :  [1,8,1,1]
    FM_IN_PART     <32> ( L,U8b)[ 8, 1,    0, 1]:  L2( 0),  6720,  6720,    64,450048,[  0,  0],     0 |||| FM_FULL        <31> ( L,U8b)[ 8, 1,    0, 1]: MSMC( 0), 26176, 26083,    32,837666,[   162,     0],    5e
    COEFF_IN_FINAL  <34> ( L,S8b)[ 1, 1,    0, 1]:  L2( 0),   192,    65,    32,  6144,[  0,  0], 6de00
     Src_Flow [     0,     1,     1,     1] [     0,     0,     0]***[  3328,    64,     7,     1] [  6720,  3328,     0]***[  2464,    64,     1,     1] [  6720,  3328,     0]***[2]
    Src2_Flow [     0,     1,     1,     1] [     0,     0,     0]***[    65,    32,     1,     1] [   192,  6144,     0]***[     0,     1,     1,     1] [     0,     0,     0]***[2]
     Snk_Flow [     0,     1,     1,     1] [     0,     0,     0]***[  3328,    32,     7,     1] [ 26176,  3328,837632]***[  2464,    32,     1,     1] [ 26176,  3328,     0]***[2]
Padding Info [Row, Col]: Actual  IN -> OUT : [ 1,  1] -> [ 1,  1],  To fill zero OUT: [ 0,  0], Virtual Pad(T,L,B,R): [ 0,  0,  0,  0]

 ------------- 10( 0, 10, 0, 9, 0) [64 x 160 x  160] => [64 x 160 x  160] | TIDL_ConcatLayer
 LINK_X_FM_IN_FULL_TO_PART      4831838368  :  [0,4,1,1]
    FM_FULL        <29> ( L,U8b)[ 4, 1,    0, 1]: MSMC( 0), 26176, 26083,    32,837666,[162,  0],19915e |||| FM_IN_PART     <36> (PP,U8b)[ 4, 1,    0, 1]:  L2( 0), 26243, 26243,    16,419968,[     0,     0],     0
     Src_Flow [     0,     1,     1,     1] [     0,     0,     0]***[ 25760,     8,     4,     1] [ 26176,209408,209408]***[     0,     1,     1,     1] [     0,     0,     0]***[2]
     Snk_Flow [     0,     1,     1,     1] [     0,     0,     0]***[ 25760,     8,     2,     2] [ 26243,209944,     0]***[     0,     1,     1,     1] [     0,     0,     0]***[2]
 LINK_X_FM_IN_FULL_TO_PART      3221225632  :  [4,4,1,1]
    FM_FULL        <31> ( L,U8b)[ 4, 1,    0, 1]: MSMC( 0), 26176, 26083,    32,837666,[162,  0],    5e |||| FM_IN_PART     <36> (PP,U8b)[ 4, 1,    0, 1]:  L2( 0), 26243, 26243,    16,419968,[     0,     0],     0
     Src_Flow [     0,     1,     1,     1] [     0,     0,     0]***[ 25760,     8,     4,     1] [ 26176,209408,209408]***[     0,     1,     1,     1] [     0,     0,     0]***[2]
     Snk_Flow [     0,     1,     1,     1] [     0,     0,     0]***[ 25760,     8,     2,     2] [ 26243,209944,     0]***[     0,     1,     1,     1] [     0,     0,     0]***[2]
 LINK_P                         4966056096  :  [1,4,1,1]
    FM_IN_PART     <36> (PP,U8b)[ 4, 1,    0, 1]:  L2( 0), 26243, 26243,    16,419968,[  0,  0],     0 |||| FM_FULL        <35> ( L,U8b)[ 4, 1,    0, 1]: MSMC( 0), 26176, 26083,    64,1675298,[   162,     0], d94de
     Src_Flow [     0,     1,     1,     1] [     0,     0,     0]***[ 25760,     8,     2,     2] [ 26243,209944,     0]***[     0,     1,     1,     1] [     0,     0,     0]***[2]
     Snk_Flow [     0,     1,     1,     1] [     0,     0,     0]***[ 25760,     8,     4,     1] [ 26176,209408,209408]***[     0,     1,     1,     1] [     0,     0,     0]***[2]
 LINK_P                         3355443360  :  [5,4,1,1]
    FM_IN_PART     <36> (PP,U8b)[ 4, 1,    0, 1]:  L2( 0), 26243, 26243,    16,419968,[  0,  0],     0 |||| FM_FULL        <35> ( L,U8b)[ 4, 1,    0, 1]: MSMC( 0), 26176, 26083,    64,1675298,[837794,     0], d94de
     Src_Flow [     0,     1,     1,     1] [     0,     0,     0]***[ 25760,     8,     2,     2] [ 26243,209944,     0]***[     0,     1,     1,     1] [     0,     0,     0]***[2]
     Snk_Flow [     0,     1,     1,     1] [     0,     0,     0]***[ 25760,     8,     4,     1] [ 26176,209408,209408]***[     0,     1,     1,     1] [     0,     0,     0]***[2]
Padding Info [Row, Col]: Actual  IN -> OUT : [ 1,  1] -> [ 1,  1],  To fill zero OUT: [ 0,  0], Virtual Pad(T,L,B,R): [ 0,  0,  0,  0]

 ------------- 11( 0, 11, 0, 9, 0) [64 x 160 x  160] => [64 x 160 x  160] | TIDL_ConvolutionLayer
 LINK_X_FM_IN_FULL_TO_PART      5368709296  :  [0,8,1,1]
    FM_FULL        <35> ( L,U8b)[ 8, 1,    0, 1]: MSMC( 0), 26176, 26083,    64,1675298,[162,  0], d94de |||| FM_IN_PART     <38> ( L,U8b)[ 8, 1,    0, 1]:  L2( 0),  6592,  6592,    64,441472,[     0,     0],     0
     Src_Flow [     0,     1,     1,     1] [     0,     0,     0]***[  3264,    64,     7,     1] [ 26176,  3264,1675264]***[  2912,    64,     1,     1] [ 26176,  3264,     0]***[2]
     Snk_Flow [     0,     1,     1,     1] [     0,     0,     0]***[  3264,    64,     7,     1] [  6592,  3264,     0]***[  2912,    64,     1,     1] [  6592,  3264,     0]***[2]
 LINK_X_COEFF_IN_ANY_TO_FINAL   5419040944  :  [0,1,1,1]
    COEFF_FULL     <39> ( L,S8b)[ 1, 1,    0, 1]: DDR_PERSIST( 0),    65,    65,    64,  4224,[  0,  0],  9200 |||| COEFF_IN_FINAL <40> ( L,S8b)[ 1, 1,    0, 1]:  L2( 0),   192,    65,    64, 12288,[     0,     0], 6bc80
     Src_Flow [     0,     1,     1,     1] [     0,     0,     0]***[    65,    64,     1,     1] [    65,    65,  4160]***[     0,     1,     1,     1] [     0,     0,     0]***[2]
     Snk_Flow [     0,     1,     1,     1] [     0,     0,     0]***[    65,    64,     1,     1] [   192,    65,     0]***[     0,     1,     1,     1] [     0,     0,     0]***[2]
 LINK_P                         5502927024  :  [1,8,1,1]
    FM_IN_PART     <38> ( L,U8b)[ 8, 1,    0, 1]:  L2( 0),  6592,  6592,    64,441472,[  0,  0],     0 |||| FM_FULL        <37> ( L,U8b)[ 8, 1,    0, 1]: MSMC( 0), 26176, 26083,    64,1675298,[   162,     0],    5e
    COEFF_IN_FINAL  <40> ( L,S8b)[ 1, 1,    0, 1]:  L2( 0),   192,    65,    64, 12288,[  0,  0], 6bc80
     Src_Flow [     0,     1,     1,     1] [     0,     0,     0]***[  3264,    64,     7,     1] [  6592,  3264,     0]***[  2912,    64,     1,     1] [  6592,  3264,     0]***[2]
    Src2_Flow [     0,     1,     1,     1] [     0,     0,     0]***[    65,    64,     1,     1] [   192, 12288,     0]***[     0,     1,     1,     1] [     0,     0,     0]***[2]
     Snk_Flow [     0,     1,     1,     1] [     0,     0,     0]***[  3264,    64,     7,     1] [ 26176,  3264,1675264]***[  2912,    64,     1,     1] [ 26176,  3264,     0]***[2]
Padding Info [Row, Col]: Actual  IN -> OUT : [ 1,  1] -> [ 1,  1],  To fill zero OUT: [ 1,  1], Virtual Pad(T,L,B,R): [ 0,  0,  0,  0]

 ------------- 12( 0, 12, 0, 13, 0) [64 x 160 x  160] => [128 x 80 x  80] | TIDL_ConvolutionLayer
 LINK_X_FM_IN_FULL_TO_PART      5905580224  :  [0,12,1,1]
    FM_FULL        <37> ( L,U8b)[12, 1,    0, 1]: MSMC( 0), 26176, 26083,    64,1675298,[  0,  0],    5e |||| FM_IN_PART     <42> ( L,U8b)[12, 1,    0, 1]:  L2( 0),  4672,  4672,    64,321664,[     0,     0],     0
     Src_Flow [  2416,    64,     1,     1] [ 26176,  2416,     0]***[  2254,    64,    10,     1] [ 26176,  2254,1675264]***[   966,    64,     1,     1] [ 26176,  2254,     0]***[2]
     Snk_Flow [  2416,    64,     1,     1] [  4672,  2416,     0]***[  2254,    64,    10,     1] [  4672,  2254,     0]***[   966,    64,     1,     1] [  4672,  2254,     0]***[2]
 LINK_X_COEFF_IN_ANY_TO_FINAL   5955911872  :  [0,1,1,1]
    COEFF_FULL     <43> ( L,S8b)[ 1, 1,    0, 1]: DDR_PERSIST( 0),   577,   577,   128, 73856,[  0,  0],  a280 |||| COEFF_IN_FINAL <44> ( L,S8b)[ 1, 1,    0, 1]:  L2( 0),   704,   577,   128, 90112,[     0,     0], 4e880
     Src_Flow [     0,     1,     1,     1] [     0,     0,     0]***[   577,   128,     1,     1] [   577,   577, 73856]***[     0,     1,     1,     1] [     0,     0,     0]***[2]
     Snk_Flow [     0,     1,     1,     1] [     0,     0,     0]***[   577,   128,     1,     1] [   704,   577,     0]***[     0,     1,     1,     1] [     0,     0,     0]***[2]
 LINK_P                         6039797952  :  [1,12,1,1]
    FM_IN_PART     <42> ( L,U8b)[12, 1,    0, 1]:  L2( 0),  4672,  4672,    64,321664,[  0,  0],     0 |||| FM_FULL        <41> ( L,U8b)[12, 1,    0, 1]: MSMC( 0),  6720,  6643,   128,860242,[    82,     0],1990ae
    COEFF_IN_FINAL  <44> ( L,S8b)[ 1, 1,    0, 1]:  L2( 0),   704,   577,   128, 90112,[  0,  0], 4e880
     Src_Flow [     0,     1,     1,     1] [     0,     0,     0]***[  2416,    64,    11,     1] [  4672,  2254,     0]***[  1128,    64,     1,     1] [  4672,  2254,     0]***[2]
    Src2_Flow [     0,     1,     1,     1] [     0,     0,     0]***[   577,   128,     1,     1] [   704, 90112,     0]***[     0,     1,     1,     1] [     0,     0,     0]***[2]
     Snk_Flow [     0,     1,     1,     1] [     0,     0,     0]***[   567,   128,    11,     1] [  6720,   567,860160]***[   243,   128,     1,     1] [  6720,   567,     0]***[2]
Padding Info [Row, Col]: Actual  IN -> OUT : [ 1,  1] -> [ 1,  1],  To fill zero OUT: [ 0,  0], Virtual Pad(T,L,B,R): [ 0,  0,  0,  0]

 ------------- 13( 0, 13, 0, 5, 0) [128 x 80 x  80] => [64 x 80 x  80] | TIDL_ConvolutionLayer
 LINK_X_FM_IN_FULL_TO_PART      6442451152  :  [0,4,1,1]
    FM_FULL        <41> ( L,U8b)[ 4, 1,    0, 1]: MSMC( 0),  6720,  6643,   128,860242,[ 82,  0],1990ae |||| FM_IN_PART     <46> ( L,U8b)[ 4, 1,    0, 1]:  L2( 0),  3392,  3392,   128,437504,[     0,     0],     0
     Src_Flow [     0,     1,     1,     1] [     0,     0,     0]***[  1664,   128,     3,     1] [  6720,  1664,860160]***[  1488,   128,     1,     1] [  6720,  1664,     0]***[2]
     Snk_Flow [     0,     1,     1,     1] [     0,     0,     0]***[  1664,   128,     3,     1] [  3392,  1664,     0]***[  1488,   128,     1,     1] [  3392,  1664,     0]***[2]
 LINK_X_COEFF_IN_ANY_TO_FINAL   6492782800  :  [0,1,1,1]
    COEFF_FULL     <47> ( L,S8b)[ 1, 1,    0, 1]: DDR_PERSIST( 0),   129,   129,    64,  8320,[  0,  0], 1c300 |||| COEFF_IN_FINAL <48> ( L,S8b)[ 1, 1,    0, 1]:  L2( 0),   192,   129,    64, 12288,[     0,     0], 6ad00
     Src_Flow [     0,     1,     1,     1] [     0,     0,     0]***[   129,    64,     1,     1] [   129,   129,  8256]***[     0,     1,     1,     1] [     0,     0,     0]***[2]
     Snk_Flow [     0,     1,     1,     1] [     0,     0,     0]***[   129,    64,     1,     1] [   192,   129,     0]***[     0,     1,     1,     1] [     0,     0,     0]***[2]
 LINK_P                         6576668880  :  [1,4,1,1]
    FM_IN_PART     <46> ( L,U8b)[ 4, 1,    0, 1]:  L2( 0),  3392,  3392,   128,437504,[  0,  0],     0 |||| FM_FULL        <45> ( L,U8b)[ 4, 1,    0, 1]: MSMC( 0),  6720,  6643,    64,430162,[    82,     0],    2e
    COEFF_IN_FINAL  <48> ( L,S8b)[ 1, 1,    0, 1]:  L2( 0),   192,   129,    64, 12288,[  0,  0], 6ad00
     Src_Flow [     0,     1,     1,     1] [     0,     0,     0]***[  1664,   128,     3,     1] [  3392,  1664,     0]***[  1488,   128,     1,     1] [  3392,  1664,     0]***[2]
    Src2_Flow [     0,     1,     1,     1] [     0,     0,     0]***[   129,    64,     1,     1] [   192, 12288,     0]***[     0,     1,     1,     1] [     0,     0,     0]***[2]
     Snk_Flow [     0,     1,     1,     1] [     0,     0,     0]***[  1664,    64,     3,     1] [  6720,  1664,430080]***[  1488,    64,     1,     1] [  6720,  1664,     0]***[2]
Padding Info [Row, Col]: Actual  IN -> OUT : [ 1,  1] -> [ 1,  1],  To fill zero OUT: [ 0,  0], Virtual Pad(T,L,B,R): [ 0,  0,  0,  0]

 ------------- 14( 0, 15, 0, 3, 0) [64 x 80 x  80] => [64 x 80 x  80] | TIDL_ConvolutionLayer
 LINK_X_FM_IN_FULL_TO_PART      6979322096  :  [0,2,1,1]
    FM_FULL        <45> ( L,U8b)[ 2, 1,    0, 1]: MSMC( 0),  6720,  6643,    64,430162,[ 82,  0],    2e |||| FM_IN_PART     <50> ( L,U8b)[ 2, 1,    0, 1]:  L2( 0),  6848,  6848,    64,438272,[     0,     0],     0
     Src_Flow [     0,     1,     1,     1] [     0,     0,     0]***[  3392,    64,     1,     1] [  6720,  3392,430080]***[  3088,    64,     1,     1] [  6720,  3392,     0]***[2]
     Snk_Flow [     0,     1,     1,     1] [     0,     0,     0]***[  3392,    64,     1,     1] [  6848,  3392,     0]***[  3088,    64,     1,     1] [  6848,  3392,     0]***[2]
 LINK_X_COEFF_IN_ANY_TO_FINAL   7029653744  :  [0,1,1,1]
    COEFF_FULL     <51> ( L,S8b)[ 1, 1,    0, 1]: DDR_PERSIST( 0),    65,    65,    64,  4224,[  0,  0], 1e380 |||| COEFF_IN_FINAL <52> ( L,S8b)[ 1, 1,    0, 1]:  L2( 0),   192,    65,    64, 12288,[     0,     0], 6b000
     Src_Flow [     0,     1,     1,     1] [     0,     0,     0]***[    65,    64,     1,     1] [    65,    65,  4160]***[     0,     1,     1,     1] [     0,     0,     0]***[2]
     Snk_Flow [     0,     1,     1,     1] [     0,     0,     0]***[    65,    64,     1,     1] [   192,    65,     0]***[     0,     1,     1,     1] [     0,     0,     0]***[2]
 LINK_P                         7113539824  :  [1,2,1,1]
    FM_IN_PART     <50> ( L,U8b)[ 2, 1,    0, 1]:  L2( 0),  6848,  6848,    64,438272,[  0,  0],     0 |||| FM_FULL        <49> ( L,U8b)[ 2, 1,    0, 1]: MSMC( 0),  6720,  6643,    64,430162,[    82,     0], 690ae
    COEFF_IN_FINAL  <52> ( L,S8b)[ 1, 1,    0, 1]:  L2( 0),   192,    65,    64, 12288,[  0,  0], 6b000
     Src_Flow [     0,     1,     1,     1] [     0,     0,     0]***[  3392,    64,     1,     1] [  6848,  3392,     0]***[  3088,    64,     1,     1] [  6848,  3392,     0]***[2]
    Src2_Flow [     0,     1,     1,     1] [     0,     0,     0]***[    65,    64,     1,     1] [   192, 12288,     0]***[     0,     1,     1,     1] [     0,     0,     0]***[2]
     Snk_Flow [     0,     1,     1,     1] [     0,     0,     0]***[  3392,    64,     1,     1] [  6720,  3392,430080]***[  3088,    64,     1,     1] [  6720,  3392,     0]***[2]
Padding Info [Row, Col]: Actual  IN -> OUT : [ 1,  1] -> [ 1,  1],  To fill zero OUT: [ 1,  1], Virtual Pad(T,L,B,R): [ 0,  0,  0,  0]

 ------------- 15( 0, 16, 0, 4, 0) [64 x 80 x  80] => [64 x 80 x  80] | TIDL_ConvolutionLayer
 LINK_X_FM_IN_FULL_TO_PART      8053063936  :  [0,3,1,1]
    FM_FULL        <49> ( L,U8b)[ 3, 1,    0, 1]: MSMC( 0),  6720,  6643,    64,430162,[  0,  0], 690ae |||| FM_IN_PART     <54> ( L,U8b)[ 3, 1,    0, 1]:  L2( 0),  6336,  6336,    64,408576,[     0,     0],     0
     Src_Flow [  3264,    64,     1,     1] [  6720,  3264,     0]***[  3072,    64,     1,     1] [  6720,  3072,430080]***[   307,    64,     1,     1] [  6720,  3072,     0]***[2]
     Snk_Flow [  3264,    64,     1,     1] [  6336,  3264,     0]***[  3072,    64,     1,     1] [  6336,  3072,     0]***[   307,    64,     1,     1] [  6336,  3072,     0]***[2]
 LINK_X_COEFF_IN_ANY_TO_FINAL   8103395584  :  [0,1,1,1]
    COEFF_FULL     <55> ( L,S8b)[ 1, 1,    0, 1]: DDR_PERSIST( 0),   577,   577,    64, 36992,[  0,  0], 1f400 |||| COEFF_IN_FINAL <56> ( L,S8b)[ 1, 1,    0, 1]:  L2( 0),   704,   577,    64, 45056,[     0,     0], 63c00
     Src_Flow [     0,     1,     1,     1] [     0,     0,     0]***[   577,    64,     1,     1] [   577,   577, 36928]***[     0,     1,     1,     1] [     0,     0,     0]***[2]
     Snk_Flow [     0,     1,     1,     1] [     0,     0,     0]***[   577,    64,     1,     1] [   704,   577,     0]***[     0,     1,     1,     1] [     0,     0,     0]***[2]
 LINK_P                         8187281664  :  [1,3,1,1]
    FM_IN_PART     <54> ( L,U8b)[ 3, 1,    0, 1]:  L2( 0),  6336,  6336,    64,408576,[  0,  0],     0 |||| FM_FULL        <53> ( L,U8b)[ 3, 1,    0, 1]: MSMC( 0),  6720,  6643,    64,430162,[    82,     0], 690ae
    COEFF_IN_FINAL  <56> ( L,S8b)[ 1, 1,    0, 1]:  L2( 0),   704,   577,    64, 45056,[  0,  0], 63c00
     Src_Flow [     0,     1,     1,     1] [     0,     0,     0]***[  3236,    64,     2,     1] [  6336,  3072,     0]***[   499,    64,     1,     1] [  6336,  3072,     0]***[2]
    Src2_Flow [     0,     1,     1,     1] [     0,     0,     0]***[   577,    64,     1,     1] [   704, 45056,     0]***[     0,     1,     1,     1] [     0,     0,     0]***[2]
     Snk_Flow [     0,     1,     1,     1] [     0,     0,     0]***[  3072,    64,     2,     1] [  6720,  3072,430080]***[   335,    64,     1,     1] [  6720,  3072,     0]***[2]
Padding Info [Row, Col]: Actual  IN -> OUT : [ 1,  1] -> [ 1,  1],  To fill zero OUT: [ 0,  0], Virtual Pad(T,L,B,R): [ 0,  0,  0,  0]

 ------------- 16( 0, 17, 0, 5, 0) [128 x 80 x  80] => [64 x 80 x  80] | TIDL_EltWiseLayer
 LINK_X_FM_IN_FULL_TO_PART      8589934864  :  [0,4,1,1]
    FM_FULL        <53> ( L,U8b)[ 4, 1,    0, 1]: MSMC( 0),  6720,  6643,    64,430162,[ 82,  0], 690ae |||| FM_IN_PART     <58> (PP,U8b)[ 4, 1,    0, 1]:  L2( 0),  6723,  6723,    64,430336,[     0,     0],     0
     Src_Flow [     0,     1,     1,     1] [     0,     0,     0]***[  6480,    16,     4,     1] [  6720,107520,107520]***[     0,     1,     1,     1] [     0,     0,     0]***[2]
     Snk_Flow [     0,     1,     1,     1] [     0,     0,     0]***[  6480,    16,     2,     2] [  6723,215136,     0]***[     0,     1,     1,     1] [     0,     0,     0]***[2]
 LINK_X_FM_IN_FULL_TO_PART      6979322128  :  [0,4,1,1]
    FM_FULL        <45> ( L,U8b)[ 4, 1,    0, 1]: MSMC( 0),  6720,  6643,    64,430162,[ 82,  0],    2e |||| FM_IN_PART     <58> (PP,U8b)[ 4, 1,    0, 1]:  L2( 0),  6723,  6723,    64,430336,[107568,     0],     0
     Src_Flow [     0,     1,     1,     1] [     0,     0,     0]***[  6480,    16,     4,     1] [  6720,107520,107520]***[     0,     1,     1,     1] [     0,     0,     0]***[2]
     Snk_Flow [     0,     1,     1,     1] [     0,     0,     0]***[  6480,    16,     2,     2] [  6723,215136,     0]***[     0,     1,     1,     1] [     0,     0,     0]***[2]
 LINK_P                         35183969435920:  [1,4,1,1]
    FM_IN_PART     <58> (PP,U8b)[ 4, 1,    0, 1]:  L2( 0),  6723,  6723,    64,430336,[  0,  0],     0 |||| FM_FULL        <57> ( L,U8b)[ 4, 1,    0, 1]: MSMC( 0),  6720,  6643,    64,430162,[    82,     0],    2e
    FM_IN_PART      <58> (PP,U8b)[ 4, 1,    0, 1]:  L2( 0),  6723,  6723,    64,430336,[107568,  0],     0
     Src_Flow [     0,     1,     1,     1] [     0,     0,     0]***[  6480,    16,     2,     2] [  6723,215136,     0]***[     0,     1,     1,     1] [     0,     0,     0]***[2]
    Src2_Flow [     0,     1,     1,     1] [     0,     0,     0]***[  6480,    16,     2,     2] [  6723,215136,     0]***[     0,     1,     1,     1] [     0,     0,     0]***[2]
     Snk_Flow [     0,     1,     1,     1] [     0,     0,     0]***[  6480,    16,     4,     1] [  6720,107520,107520]***[     0,     1,     1,     1] [     0,     0,     0]***[2]
Padding Info [Row, Col]: Actual  IN -> OUT : [ 1,  1] -> [ 1,  1],  To fill zero OUT: [ 0,  0], Virtual Pad(T,L,B,R): [ 0,  0,  0,  0]

 ------------- 17( 0, 18, 0, 3, 0) [64 x 80 x  80] => [64 x 80 x  80] | TIDL_ConvolutionLayer
 LINK_X_FM_IN_FULL_TO_PART      9126805792  :  [0,2,1,1]
    FM_FULL        <57> ( L,U8b)[ 2, 1,    0, 1]: MSMC( 0),  6720,  6643,    64,430162,[ 82,  0],    2e |||| FM_IN_PART     <60> ( L,U8b)[ 2, 1,    0, 1]:  L2( 0),  6848,  6848,    64,438272,[     0,     0],     0
     Src_Flow [     0,     1,     1,     1] [     0,     0,     0]***[  3392,    64,     1,     1] [  6720,  3392,430080]***[  3088,    64,     1,     1] [  6720,  3392,     0]***[2]
     Snk_Flow [     0,     1,     1,     1] [     0,     0,     0]***[  3392,    64,     1,     1] [  6848,  3392,     0]***[  3088,    64,     1,     1] [  6848,  3392,     0]***[2]
 LINK_X_COEFF_IN_ANY_TO_FINAL   9177137440  :  [0,1,1,1]
    COEFF_FULL     <61> ( L,S8b)[ 1, 1,    0, 1]: DDR_PERSIST( 0),    65,    65,    64,  4224,[  0,  0], 28480 |||| COEFF_IN_FINAL <62> ( L,S8b)[ 1, 1,    0, 1]:  L2( 0),   192,    65,    64, 12288,[     0,     0], 6b000
     Src_Flow [     0,     1,     1,     1] [     0,     0,     0]***[    65,    64,     1,     1] [    65,    65,  4160]***[     0,     1,     1,     1] [     0,     0,     0]***[2]
     Snk_Flow [     0,     1,     1,     1] [     0,     0,     0]***[    65,    64,     1,     1] [   192,    65,     0]***[     0,     1,     1,     1] [     0,     0,     0]***[2]
 LINK_P                         9261023520  :  [1,2,1,1]
    FM_IN_PART     <60> ( L,U8b)[ 2, 1,    0, 1]:  L2( 0),  6848,  6848,    64,438272,[  0,  0],     0 |||| FM_FULL        <59> ( L,U8b)[ 2, 1,    0, 1]: MSMC( 0),  6720,  6643,    64,430162,[    82,     0], 690ae
    COEFF_IN_FINAL  <62> ( L,S8b)[ 1, 1,    0, 1]:  L2( 0),   192,    65,    64, 12288,[  0,  0], 6b000
     Src_Flow [     0,     1,     1,     1] [     0,     0,     0]***[  3392,    64,     1,     1] [  6848,  3392,     0]***[  3088,    64,     1,     1] [  6848,  3392,     0]***[2]
    Src2_Flow [     0,     1,     1,     1] [     0,     0,     0]***[    65,    64,     1,     1] [   192, 12288,     0]***[     0,     1,     1,     1] [     0,     0,     0]***[2]
     Snk_Flow [     0,     1,     1,     1] [     0,     0,     0]***[  3392,    64,     1,     1] [  6720,  3392,430080]***[  3088,    64,     1,     1] [  6720,  3392,     0]***[2]
Padding Info [Row, Col]: Actual  IN -> OUT : [ 1,  1] -> [ 1,  1],  To fill zero OUT: [ 1,  1], Virtual Pad(T,L,B,R): [ 0,  0,  0,  0]

 ------------- 18( 0, 19, 0, 4, 0) [64 x 80 x  80] => [64 x 80 x  80] | TIDL_ConvolutionLayer
 LINK_X_FM_IN_FULL_TO_PART      9663676720  :  [0,3,1,1]
    FM_FULL        <59> ( L,U8b)[ 3, 1,    0, 1]: MSMC( 0),  6720,  6643,    64,430162,[  0,  0], 690ae |||| FM_IN_PART     <64> ( L,U8b)[ 3, 1,    0, 1]:  L2( 0),  6336,  6336,    64,408576,[     0,     0],     0
     Src_Flow [  3264,    64,     1,     1] [  6720,  3264,     0]***[  3072,    64,     1,     1] [  6720,  3072,430080]***[   307,    64,     1,     1] [  6720,  3072,     0]***[2]
     Snk_Flow [  3264,    64,     1,     1] [  6336,  3264,     0]***[  3072,    64,     1,     1] [  6336,  3072,     0]***[   307,    64,     1,     1] [  6336,  3072,     0]***[2]
 LINK_X_COEFF_IN_ANY_TO_FINAL   9714008368  :  [0,1,1,1]
    COEFF_FULL     <65> ( L,S8b)[ 1, 1,    0, 1]: DDR_PERSIST( 0),   577,   577,    64, 36992,[  0,  0], 29500 |||| COEFF_IN_FINAL <66> ( L,S8b)[ 1, 1,    0, 1]:  L2( 0),   704,   577,    64, 45056,[     0,     0], 63c00
     Src_Flow [     0,     1,     1,     1] [     0,     0,     0]***[   577,    64,     1,     1] [   577,   577, 36928]***[     0,     1,     1,     1] [     0,     0,     0]***[2]
     Snk_Flow [     0,     1,     1,     1] [     0,     0,     0]***[   577,    64,     1,     1] [   704,   577,     0]***[     0,     1,     1,     1] [     0,     0,     0]***[2]
 LINK_P                         9797894448  :  [1,3,1,1]
    FM_IN_PART     <64> ( L,U8b)[ 3, 1,    0, 1]:  L2( 0),  6336,  6336,    64,408576,[  0,  0],     0 |||| FM_FULL        <63> ( L,U8b)[ 3, 1,    0, 1]: MSMC( 0),  6720,  6643,    64,430162,[    82,     0], 690ae
    COEFF_IN_FINAL  <66> ( L,S8b)[ 1, 1,    0, 1]:  L2( 0),   704,   577,    64, 45056,[  0,  0], 63c00
     Src_Flow [     0,     1,     1,     1] [     0,     0,     0]***[  3236,    64,     2,     1] [  6336,  3072,     0]***[   499,    64,     1,     1] [  6336,  3072,     0]***[2]
    Src2_Flow [     0,     1,     1,     1] [     0,     0,     0]***[   577,    64,     1,     1] [   704, 45056,     0]***[     0,     1,     1,     1] [     0,     0,     0]***[2]
     Snk_Flow [     0,     1,     1,     1] [     0,     0,     0]***[  3072,    64,     2,     1] [  6720,  3072,430080]***[   335,    64,     1,     1] [  6720,  3072,     0]***[2]
Padding Info [Row, Col]: Actual  IN -> OUT : [ 1,  1] -> [ 1,  1],  To fill zero OUT: [ 0,  0], Virtual Pad(T,L,B,R): [ 0,  0,  0,  0]

 ------------- 19( 0, 20, 0, 5, 0) [128 x 80 x  80] => [64 x 80 x  80] | TIDL_EltWiseLayer
 LINK_X_FM_IN_FULL_TO_PART      10200547648 :  [0,4,1,1]
    FM_FULL        <63> ( L,U8b)[ 4, 1,    0, 1]: MSMC( 0),  6720,  6643,    64,430162,[ 82,  0], 690ae |||| FM_IN_PART     <68> (PP,U8b)[ 4, 1,    0, 1]:  L2( 0),  6723,  6723,    64,430336,[     0,     0],     0
     Src_Flow [     0,     1,     1,     1] [     0,     0,     0]***[  6480,    16,     4,     1] [  6720,107520,107520]***[     0,     1,     1,     1] [     0,     0,     0]***[2]
     Snk_Flow [     0,     1,     1,     1] [     0,     0,     0]***[  6480,    16,     2,     2] [  6723,215136,     0]***[     0,     1,     1,     1] [     0,     0,     0]***[2]
 LINK_X_FM_IN_FULL_TO_PART      9126805824  :  [0,4,1,1]
    FM_FULL        <57> ( L,U8b)[ 4, 1,    0, 1]: MSMC( 0),  6720,  6643,    64,430162,[ 82,  0],    2e |||| FM_IN_PART     <68> (PP,U8b)[ 4, 1,    0, 1]:  L2( 0),  6723,  6723,    64,430336,[107568,     0],     0
     Src_Flow [     0,     1,     1,     1] [     0,     0,     0]***[  6480,    16,     4,     1] [  6720,107520,107520]***[     0,     1,     1,     1] [     0,     0,     0]***[2]
     Snk_Flow [     0,     1,     1,     1] [     0,     0,     0]***[  6480,    16,     2,     2] [  6723,215136,     0]***[     0,     1,     1,     1] [     0,     0,     0]***[2]
 LINK_P                         35183969435968:  [1,4,1,1]
    FM_IN_PART     <68> (PP,U8b)[ 4, 1,    0, 1]:  L2( 0),  6723,  6723,    64,430336,[  0,  0],     0 |||| FM_FULL        <67> ( L,U8b)[ 4, 1,    0, 1]: MSMC( 0),  6720,  6643,    64,430162,[    82,     0],    2e
    FM_IN_PART      <68> (PP,U8b)[ 4, 1,    0, 1]:  L2( 0),  6723,  6723,    64,430336,[107568,  0],     0
     Src_Flow [     0,     1,     1,     1] [     0,     0,     0]***[  6480,    16,     2,     2] [  6723,215136,     0]***[     0,     1,     1,     1] [     0,     0,     0]***[2]
    Src2_Flow [     0,     1,     1,     1] [     0,     0,     0]***[  6480,    16,     2,     2] [  6723,215136,     0]***[     0,     1,     1,     1] [     0,     0,     0]***[2]
     Snk_Flow [     0,     1,     1,     1] [     0,     0,     0]***[  6480,    16,     4,     1] [  6720,107520,107520]***[     0,     1,     1,     1] [     0,     0,     0]***[2]
Padding Info [Row, Col]: Actual  IN -> OUT : [ 1,  1] -> [ 1,  1],  To fill zero OUT: [ 0,  0], Virtual Pad(T,L,B,R): [ 0,  0,  0,  0]

 ------------- 20( 0, 21, 0, 3, 0) [64 x 80 x  80] => [64 x 80 x  80] | TIDL_ConvolutionLayer
 LINK_X_FM_IN_FULL_TO_PART      10737418576 :  [0,2,1,1]
    FM_FULL        <67> ( L,U8b)[ 2, 1,    0, 1]: MSMC( 0),  6720,  6643,    64,430162,[ 82,  0],    2e |||| FM_IN_PART     <70> ( L,U8b)[ 2, 1,    0, 1]:  L2( 0),  6848,  6848,    64,438272,[     0,     0],     0
     Src_Flow [     0,     1,     1,     1] [     0,     0,     0]***[  3392,    64,     1,     1] [  6720,  3392,430080]***[  3088,    64,     1,     1] [  6720,  3392,     0]***[2]
     Snk_Flow [     0,     1,     1,     1] [     0,     0,     0]***[  3392,    64,     1,     1] [  6848,  3392,     0]***[  3088,    64,     1,     1] [  6848,  3392,     0]***[2]
 LINK_X_COEFF_IN_ANY_TO_FINAL   10787750224 :  [0,1,1,1]
    COEFF_FULL     <71> ( L,S8b)[ 1, 1,    0, 1]: DDR_PERSIST( 0),    65,    65,    64,  4224,[  0,  0], 32580 |||| COEFF_IN_FINAL <72> ( L,S8b)[ 1, 1,    0, 1]:  L2( 0),   192,    65,    64, 12288,[     0,     0], 6b000
     Src_Flow [     0,     1,     1,     1] [     0,     0,     0]***[    65,    64,     1,     1] [    65,    65,  4160]***[     0,     1,     1,     1] [     0,     0,     0]***[2]
     Snk_Flow [     0,     1,     1,     1] [     0,     0,     0]***[    65,    64,     1,     1] [   192,    65,     0]***[     0,     1,     1,     1] [     0,     0,     0]***[2]
 LINK_P                         10871636304 :  [1,2,1,1]
    FM_IN_PART     <70> ( L,U8b)[ 2, 1,    0, 1]:  L2( 0),  6848,  6848,    64,438272,[  0,  0],     0 |||| FM_FULL        <69> ( L,U8b)[ 2, 1,    0, 1]: MSMC( 0),  6720,  6643,    64,430162,[    82,     0], 690ae
    COEFF_IN_FINAL  <72> ( L,S8b)[ 1, 1,    0, 1]:  L2( 0),   192,    65,    64, 12288,[  0,  0], 6b000
     Src_Flow [     0,     1,     1,     1] [     0,     0,     0]***[  3392,    64,     1,     1] [  6848,  3392,     0]***[  3088,    64,     1,     1] [  6848,  3392,     0]***[2]
    Src2_Flow [     0,     1,     1,     1] [     0,     0,     0]***[    65,    64,     1,     1] [   192, 12288,     0]***[     0,     1,     1,     1] [     0,     0,     0]***[2]
     Snk_Flow [     0,     1,     1,     1] [     0,     0,     0]***[  3392,    64,     1,     1] [  6720,  3392,430080]***[  3088,    64,     1,     1] [  6720,  3392,     0]***[2]
Padding Info [Row, Col]: Actual  IN -> OUT : [ 1,  1] -> [ 1,  1],  To fill zero OUT: [ 1,  1], Virtual Pad(T,L,B,R): [ 0,  0,  0,  0]

 ------------- 21( 0, 22, 0, 4, 0) [64 x 80 x  80] => [64 x 80 x  80] | TIDL_ConvolutionLayer
 LINK_X_FM_IN_FULL_TO_PART      11274289504 :  [0,3,1,1]
    FM_FULL        <69> ( L,U8b)[ 3, 1,    0, 1]: MSMC( 0),  6720,  6643,    64,430162,[  0,  0], 690ae |||| FM_IN_PART     <74> ( L,U8b)[ 3, 1,    0, 1]:  L2( 0),  6336,  6336,    64,408576,[     0,     0],     0
     Src_Flow [  3264,    64,     1,     1] [  6720,  3264,     0]***[  3072,    64,     1,     1] [  6720,  3072,430080]***[   307,    64,     1,     1] [  6720,  3072,     0]***[2]
     Snk_Flow [  3264,    64,     1,     1] [  6336,  3264,     0]***[  3072,    64,     1,     1] [  6336,  3072,     0]***[   307,    64,     1,     1] [  6336,  3072,     0]***[2]
 LINK_X_COEFF_IN_ANY_TO_FINAL   11324621152 :  [0,1,1,1]
    COEFF_FULL     <75> ( L,S8b)[ 1, 1,    0, 1]: DDR_PERSIST( 0),   577,   577,    64, 36992,[  0,  0], 33600 |||| COEFF_IN_FINAL <76> ( L,S8b)[ 1, 1,    0, 1]:  L2( 0),   704,   577,    64, 45056,[     0,     0], 63c00
     Src_Flow [     0,     1,     1,     1] [     0,     0,     0]***[   577,    64,     1,     1] [   577,   577, 36928]***[     0,     1,     1,     1] [     0,     0,     0]***[2]
     Snk_Flow [     0,     1,     1,     1] [     0,     0,     0]***[   577,    64,     1,     1] [   704,   577,     0]***[     0,     1,     1,     1] [     0,     0,     0]***[2]
 LINK_P                         11408507232 :  [1,3,1,1]
    FM_IN_PART     <74> ( L,U8b)[ 3, 1,    0, 1]:  L2( 0),  6336,  6336,    64,408576,[  0,  0],     0 |||| FM_FULL        <73> ( L,U8b)[ 3, 1,    0, 1]: MSMC( 0),  6720,  6643,    64,430162,[    82,     0], 690ae
    COEFF_IN_FINAL  <76> ( L,S8b)[ 1, 1,    0, 1]:  L2( 0),   704,   577,    64, 45056,[  0,  0], 63c00
     Src_Flow [     0,     1,     1,     1] [     0,     0,     0]***[  3236,    64,     2,     1] [  6336,  3072,     0]***[   499,    64,     1,     1] [  6336,  3072,     0]***[2]
    Src2_Flow [     0,     1,     1,     1] [     0,     0,     0]***[   577,    64,     1,     1] [   704, 45056,     0]***[     0,     1,     1,     1] [     0,     0,     0]***[2]
     Snk_Flow [     0,     1,     1,     1] [     0,     0,     0]***[  3072,    64,     2,     1] [  6720,  3072,430080]***[   335,    64,     1,     1] [  6720,  3072,     0]***[2]
Padding Info [Row, Col]: Actual  IN -> OUT : [ 1,  1] -> [ 1,  1],  To fill zero OUT: [ 0,  0], Virtual Pad(T,L,B,R): [ 0,  0,  0,  0]

 ------------- 22( 0, 23, 0, 5, 0) [128 x 80 x  80] => [64 x 80 x  80] | TIDL_EltWiseLayer
 LINK_X_FM_IN_FULL_TO_PART      11811160432 :  [0,4,1,1]
    FM_FULL        <73> ( L,U8b)[ 4, 1,    0, 1]: MSMC( 0),  6720,  6643,    64,430162,[ 82,  0], 690ae |||| FM_IN_PART     <78> (PP,U8b)[ 4, 1,    0, 1]:  L2( 0),  6723,  6723,    64,430336,[     0,     0],     0
     Src_Flow [     0,     1,     1,     1] [     0,     0,     0]***[  6480,    16,     4,     1] [  6720,107520,107520]***[     0,     1,     1,     1] [     0,     0,     0]***[2]
     Snk_Flow [     0,     1,     1,     1] [     0,     0,     0]***[  6480,    16,     2,     2] [  6723,215136,     0]***[     0,     1,     1,     1] [     0,     0,     0]***[2]
 LINK_X_FM_IN_FULL_TO_PART      10737418608 :  [0,4,1,1]
    FM_FULL        <67> ( L,U8b)[ 4, 1,    0, 1]: MSMC( 0),  6720,  6643,    64,430162,[ 82,  0],    2e |||| FM_IN_PART     <78> (PP,U8b)[ 4, 1,    0, 1]:  L2( 0),  6723,  6723,    64,430336,[107568,     0],     0
     Src_Flow [     0,     1,     1,     1] [     0,     0,     0]***[  6480,    16,     4,     1] [  6720,107520,107520]***[     0,     1,     1,     1] [     0,     0,     0]***[2]
     Snk_Flow [     0,     1,     1,     1] [     0,     0,     0]***[  6480,    16,     2,     2] [  6723,215136,     0]***[     0,     1,     1,     1] [     0,     0,     0]***[2]
 LINK_P                         35183969436016:  [1,4,1,1]
    FM_IN_PART     <78> (PP,U8b)[ 4, 1,    0, 1]:  L2( 0),  6723,  6723,    64,430336,[  0,  0],     0 |||| FM_FULL        <77> ( L,U8b)[ 4, 1,    0, 1]: MSMC( 0),  6720,  6643,    64,430162,[    82,     0],    2e
    FM_IN_PART      <78> (PP,U8b)[ 4, 1,    0, 1]:  L2( 0),  6723,  6723,    64,430336,[107568,  0],     0
     Src_Flow [     0,     1,     1,     1] [     0,     0,     0]***[  6480,    16,     2,     2] [  6723,215136,     0]***[     0,     1,     1,     1] [     0,     0,     0]***[2]
    Src2_Flow [     0,     1,     1,     1] [     0,     0,     0]***[  6480,    16,     2,     2] [  6723,215136,     0]***[     0,     1,     1,     1] [     0,     0,     0]***[2]
     Snk_Flow [     0,     1,     1,     1] [     0,     0,     0]***[  6480,    16,     4,     1] [  6720,107520,107520]***[     0,     1,     1,     1] [     0,     0,     0]***[2]
Padding Info [Row, Col]: Actual  IN -> OUT : [ 1,  1] -> [ 1,  1],  To fill zero OUT: [ 0,  0], Virtual Pad(T,L,B,R): [ 0,  0,  0,  0]

 ------------- 23( 0, 14, 0, 5, 0) [128 x 80 x  80] => [64 x 80 x  80] | TIDL_ConvolutionLayer
 LINK_X_FM_IN_FULL_TO_PART      6442451168  :  [0,4,1,1]
    FM_FULL        <41> ( L,U8b)[ 4, 1,    0, 1]: MSMC( 0),  6720,  6643,   128,860242,[ 82,  0],1990ae |||| FM_IN_PART     <80> ( L,U8b)[ 4, 1,    0, 1]:  L2( 0),  3392,  3392,   128,437504,[     0,     0],     0
     Src_Flow [     0,     1,     1,     1] [     0,     0,     0]***[  1664,   128,     3,     1] [  6720,  1664,860160]***[  1488,   128,     1,     1] [  6720,  1664,     0]***[2]
     Snk_Flow [     0,     1,     1,     1] [     0,     0,     0]***[  1664,   128,     3,     1] [  3392,  1664,     0]***[  1488,   128,     1,     1] [  3392,  1664,     0]***[2]
 LINK_X_COEFF_IN_ANY_TO_FINAL   6492782816  :  [0,1,1,1]
    COEFF_FULL     <81> ( L,S8b)[ 1, 1,    0, 1]: DDR_PERSIST( 0),   129,   129,    64,  8320,[  0,  0], 3c680 |||| COEFF_IN_FINAL <82> ( L,S8b)[ 1, 1,    0, 1]:  L2( 0),   192,   129,    64, 12288,[     0,     0], 6ad00
     Src_Flow [     0,     1,     1,     1] [     0,     0,     0]***[   129,    64,     1,     1] [   129,   129,  8256]***[     0,     1,     1,     1] [     0,     0,     0]***[2]
     Snk_Flow [     0,     1,     1,     1] [     0,     0,     0]***[   129,    64,     1,     1] [   192,   129,     0]***[     0,     1,     1,     1] [     0,     0,     0]***[2]
 LINK_P                         6576668896  :  [1,4,1,1]
    FM_IN_PART     <80> ( L,U8b)[ 4, 1,    0, 1]:  L2( 0),  3392,  3392,   128,437504,[  0,  0],     0 |||| FM_FULL        <79> ( L,U8b)[ 4, 1,    0, 1]: MSMC( 0),  6720,  6643,    64,430162,[    82,     0], 690ae
    COEFF_IN_FINAL  <82> ( L,S8b)[ 1, 1,    0, 1]:  L2( 0),   192,   129,    64, 12288,[  0,  0], 6ad00
     Src_Flow [     0,     1,     1,     1] [     0,     0,     0]***[  1664,   128,     3,     1] [  3392,  1664,     0]***[  1488,   128,     1,     1] [  3392,  1664,     0]***[2]
    Src2_Flow [     0,     1,     1,     1] [     0,     0,     0]***[   129,    64,     1,     1] [   192, 12288,     0]***[     0,     1,     1,     1] [     0,     0,     0]***[2]
     Snk_Flow [     0,     1,     1,     1] [     0,     0,     0]***[  1664,    64,     3,     1] [  6720,  1664,430080]***[  1488,    64,     1,     1] [  6720,  1664,     0]***[2]
Padding Info [Row, Col]: Actual  IN -> OUT : [ 1,  1] -> [ 1,  1],  To fill zero OUT: [ 0,  0], Virtual Pad(T,L,B,R): [ 0,  0,  0,  0]

 ------------- 24( 0, 24, 0, 5, 0) [128 x 80 x  80] => [128 x 80 x  80] | TIDL_ConcatLayer
 LINK_X_FM_IN_FULL_TO_PART      12348031360 :  [0,2,1,1]
    FM_FULL        <77> ( L,U8b)[ 2, 1,    0, 1]: MSMC( 0),  6720,  6643,    64,430162,[ 82,  0],    2e |||| FM_IN_PART     <84> (PP,U8b)[ 2, 1,    0, 1]:  L2( 0),  6723,  6723,    64,430336,[     0,     0],     0
     Src_Flow [     0,     1,     1,     1] [     0,     0,     0]***[  6480,    32,     2,     1] [  6720,215040,215040]***[     0,     1,     1,     1] [     0,     0,     0]***[2]
     Snk_Flow [     0,     1,     1,     1] [     0,     0,     0]***[  6480,    32,     2,     1] [  6723,215136,     0]***[     0,     1,     1,     1] [     0,     0,     0]***[2]
 LINK_X_FM_IN_FULL_TO_PART      7516193152  :  [2,2,1,1]
    FM_FULL        <79> ( L,U8b)[ 2, 1,    0, 1]: MSMC( 0),  6720,  6643,    64,430162,[ 82,  0], 690ae |||| FM_IN_PART     <84> (PP,U8b)[ 2, 1,    0, 1]:  L2( 0),  6723,  6723,    64,430336,[     0,     0],     0
     Src_Flow [     0,     1,     1,     1] [     0,     0,     0]***[  6480,    32,     2,     1] [  6720,215040,215040]***[     0,     1,     1,     1] [     0,     0,     0]***[2]
     Snk_Flow [     0,     1,     1,     1] [     0,     0,     0]***[  6480,    32,     2,     1] [  6723,215136,     0]***[     0,     1,     1,     1] [     0,     0,     0]***[2]
 LINK_P                         12482249088 :  [1,2,1,1]
    FM_IN_PART     <84> (PP,U8b)[ 2, 1,    0, 1]:  L2( 0),  6723,  6723,    64,430336,[  0,  0],     0 |||| FM_FULL        <83> ( L,U8b)[ 2, 1,    0, 1]: MSMC( 0),  6720,  6643,   128,860242,[    82,     0], d212e
     Src_Flow [     0,     1,     1,     1] [     0,     0,     0]***[  6480,    32,     2,     1] [  6723,215136,     0]***[     0,     1,     1,     1] [     0,     0,     0]***[2]
     Snk_Flow [     0,     1,     1,     1] [     0,     0,     0]***[  6480,    32,     2,     1] [  6720,215040,215040]***[     0,     1,     1,     1] [     0,     0,     0]***[2]
 LINK_P                         7650410880  :  [3,2,1,1]
    FM_IN_PART     <84> (PP,U8b)[ 2, 1,    0, 1]:  L2( 0),  6723,  6723,    64,430336,[  0,  0],     0 |||| FM_FULL        <83> ( L,U8b)[ 2, 1,    0, 1]: MSMC( 0),  6720,  6643,   128,860242,[430162,     0], d212e
     Src_Flow [     0,     1,     1,     1] [     0,     0,     0]***[  6480,    32,     2,     1] [  6723,215136,     0]***[     0,     1,     1,     1] [     0,     0,     0]***[2]
     Snk_Flow [     0,     1,     1,     1] [     0,     0,     0]***[  6480,    32,     2,     1] [  6720,215040,215040]***[     0,     1,     1,     1] [     0,     0,     0]***[2]
Padding Info [Row, Col]: Actual  IN -> OUT : [ 1,  1] -> [ 1,  1],  To fill zero OUT: [ 0,  0], Virtual Pad(T,L,B,R): [ 0,  0,  0,  0]

 ------------- 25( 0, 25, 0, 6, 0) [128 x 80 x  80] => [128 x 80 x  80] | TIDL_ConvolutionLayer
 LINK_X_FM_IN_FULL_TO_PART      12884902288 :  [0,5,1,1]
    FM_FULL        <83> ( L,U8b)[ 5, 1,    0, 1]: MSMC( 0),  6720,  6643,   128,860242,[ 82,  0], d212e |||| FM_IN_PART     <86> ( L,U8b)[ 5, 1,    0, 1]:  L2( 0),  3264,  3264,   128,422528,[     0,     0],     0
     Src_Flow [     0,     1,     1,     1] [     0,     0,     0]***[  1600,   128,     4,     1] [  6720,  1600,860160]***[    80,   128,     1,     1] [  6720,  1600,     0]***[2]
     Snk_Flow [     0,     1,     1,     1] [     0,     0,     0]***[  1600,   128,     4,     1] [  3264,  1600,     0]***[    80,   128,     1,     1] [  3264,  1600,     0]***[2]
 LINK_X_COEFF_IN_ANY_TO_FINAL   12935233936 :  [0,1,1,1]
    COEFF_FULL     <87> ( L,S8b)[ 1, 1,    0, 1]: DDR_PERSIST( 0),   129,   129,   128, 16512,[  0,  0], 3e700 |||| COEFF_IN_FINAL <88> ( L,S8b)[ 1, 1,    0, 1]:  L2( 0),   192,   129,   128, 24576,[     0,     0], 67280
     Src_Flow [     0,     1,     1,     1] [     0,     0,     0]***[   129,   128,     1,     1] [   129,   129, 16512]***[     0,     1,     1,     1] [     0,     0,     0]***[2]
     Snk_Flow [     0,     1,     1,     1] [     0,     0,     0]***[   129,   128,     1,     1] [   192,   129,     0]***[     0,     1,     1,     1] [     0,     0,     0]***[2]
 LINK_P                         13019120016 :  [1,5,1,1]
    FM_IN_PART     <86> ( L,U8b)[ 5, 1,    0, 1]:  L2( 0),  3264,  3264,   128,422528,[  0,  0],     0 |||| FM_FULL        <85> ( L,U8b)[ 5, 1,    0, 1]: MSMC( 0),  6720,  6643,   128,860242,[    82,     0],    2e
    COEFF_IN_FINAL  <88> ( L,S8b)[ 1, 1,    0, 1]:  L2( 0),   192,   129,   128, 24576,[  0,  0], 67280
     Src_Flow [     0,     1,     1,     1] [     0,     0,     0]***[  1600,   128,     4,     1] [  3264,  1600,     0]***[    80,   128,     1,     1] [  3264,  1600,     0]***[2]
    Src2_Flow [     0,     1,     1,     1] [     0,     0,     0]***[   129,   128,     1,     1] [   192, 24576,     0]***[     0,     1,     1,     1] [     0,     0,     0]***[2]
     Snk_Flow [     0,     1,     1,     1] [     0,     0,     0]***[  1600,   128,     4,     1] [  6720,  1600,860160]***[    80,   128,     1,     1] [  6720,  1600,     0]***[2]
Padding Info [Row, Col]: Actual  IN -> OUT : [ 1,  1] -> [ 1,  1],  To fill zero OUT: [ 1,  1], Virtual Pad(T,L,B,R): [ 0,  0,  0,  0]

 ------------- 26( 0, 26, 0, 15, 0) [128 x 80 x  80] => [256 x 40 x  40] | TIDL_ConvolutionLayer
 LINK_X_FM_IN_FULL_TO_PART      13421773216 :  [0,14,1,1]
    FM_FULL        <85> ( L,U8b)[14, 1,    0, 1]: MSMC( 0),  6720,  6643,   128,860242,[  0,  0],    2e |||| FM_IN_PART     <90> ( L,U8b)[14, 1,    0, 1]:  L2( 0),  1088,  1088,   128,145152,[     0,     0],     0
     Src_Flow [   568,   128,     1,     1] [  6720,   568,     0]***[   486,   128,    12,     1] [  6720,   486,860160]***[   162,   128,     1,     1] [  6720,   486,     0]***[2]
     Snk_Flow [   568,   128,     1,     1] [  1088,   568,     0]***[   486,   128,    12,     1] [  1088,   486,     0]***[   162,   128,     1,     1] [  1088,   486,     0]***[2]
 LINK_X_COEFF_IN_ANY_TO_FINAL   13472104864 :  [0,1,1,1]
    COEFF_FULL     <91> ( L,S8b)[ 1, 1,    0, 1]: DDR_PERSIST( 0),  1153,  1153,   256,295168,[  0,  0], 42780 |||| COEFF_IN_FINAL <92> ( L,S8b)[ 1, 1,    0, 1]:  L2( 0),  1216,  1153,   256,311296,[     0,     0], 23700
     Src_Flow [     0,     1,     1,     1] [     0,     0,     0]***[  1153,   256,     1,     1] [  1153,  1153,295168]***[     0,     1,     1,     1] [     0,     0,     0]***[2]
     Snk_Flow [     0,     1,     1,     1] [     0,     0,     0]***[  1153,   256,     1,     1] [  1216,  1153,     0]***[     0,     1,     1,     1] [     0,     0,     0]***[2]
 LINK_P                         13555990944 :  [1,14,1,1]
    FM_IN_PART     <90> ( L,U8b)[14, 1,    0, 1]:  L2( 0),  1088,  1088,   128,145152,[  0,  0],     0 |||| FM_FULL        <89> ( L,U8b)[14, 1,    0, 1]: MSMC( 0),  1728,  1723,   256,442410,[    42,     0], d20d6
    COEFF_IN_FINAL  <92> ( L,S8b)[ 1, 1,    0, 1]:  L2( 0),  1216,  1153,   256,311296,[  0,  0], 23700
     Src_Flow [     0,     1,     1,     1] [     0,     0,     0]***[   568,   128,    13,     1] [  1088,   486,     0]***[   244,   128,     1,     1] [  1088,   486,     0]***[2]
    Src2_Flow [     0,     1,     1,     1] [     0,     0,     0]***[  1153,   256,     1,     1] [  1216,311296,     0]***[     0,     1,     1,     1] [     0,     0,     0]***[2]
     Snk_Flow [     0,     1,     1,     1] [     0,     0,     0]***[   123,   256,    13,     1] [  1728,   123,442368]***[    41,   256,     1,     1] [  1728,   123,     0]***[2]
Padding Info [Row, Col]: Actual  IN -> OUT : [ 1,  1] -> [ 1,  1],  To fill zero OUT: [ 0,  0], Virtual Pad(T,L,B,R): [ 0,  0,  0,  0]

 ------------- 27( 0, 27, 0, 4, 0) [256 x 40 x  40] => [128 x 40 x  40] | TIDL_ConvolutionLayer
 LINK_X_FM_IN_FULL_TO_PART      13958644144 :  [0,3,1,1]
    FM_FULL        <89> ( L,U8b)[ 3, 1,    0, 1]: MSMC( 0),  1728,  1723,   256,442410,[ 42,  0], d20d6 |||| FM_IN_PART     <94> ( L,U8b)[ 3, 1,    0, 1]:  L2( 0),  1600,  1600,   256,410368,[     0,     0],     0
     Src_Flow [     0,     1,     1,     1] [     0,     0,     0]***[   768,   256,     2,     1] [  1728,   768,442368]***[   104,   256,     1,     1] [  1728,   768,     0]***[2]
     Snk_Flow [     0,     1,     1,     1] [     0,     0,     0]***[   768,   256,     2,     1] [  1600,   768,     0]***[   104,   256,     1,     1] [  1600,   768,     0]***[2]
 LINK_X_COEFF_IN_ANY_TO_FINAL   14008975792 :  [0,1,1,1]
    COEFF_FULL     <95> ( L,S8b)[ 1, 1,    0, 1]: DDR_PERSIST( 0),   257,   257,   128, 32896,[  0,  0], 8a880 |||| COEFF_IN_FINAL <96> ( L,S8b)[ 1, 1,    0, 1]:  L2( 0),   320,   257,   128, 40960,[     0,     0], 64300
     Src_Flow [     0,     1,     1,     1] [     0,     0,     0]***[   257,   128,     1,     1] [   257,   257, 32896]***[     0,     1,     1,     1] [     0,     0,     0]***[2]
     Snk_Flow [     0,     1,     1,     1] [     0,     0,     0]***[   257,   128,     1,     1] [   320,   257,     0]***[     0,     1,     1,     1] [     0,     0,     0]***[2]
 LINK_P                         14092861872 :  [1,3,1,1]
    FM_IN_PART     <94> ( L,U8b)[ 3, 1,    0, 1]:  L2( 0),  1600,  1600,   256,410368,[  0,  0],     0 |||| FM_FULL        <93> ( L,U8b)[ 3, 1,    0, 1]: MSMC( 0),  1728,  1723,   128,221226,[    42,     0],13e156
    COEFF_IN_FINAL  <96> ( L,S8b)[ 1, 1,    0, 1]:  L2( 0),   320,   257,   128, 40960,[  0,  0], 64300
     Src_Flow [     0,     1,     1,     1] [     0,     0,     0]***[   768,   256,     2,     1] [  1600,   768,     0]***[   104,   256,     1,     1] [  1600,   768,     0]***[2]
    Src2_Flow [     0,     1,     1,     1] [     0,     0,     0]***[   257,   128,     1,     1] [   320, 40960,     0]***[     0,     1,     1,     1] [     0,     0,     0]***[2]
     Snk_Flow [     0,     1,     1,     1] [     0,     0,     0]***[   768,   128,     2,     1] [  1728,   768,221184]***[   104,   128,     1,     1] [  1728,   768,     0]***[2]
Padding Info [Row, Col]: Actual  IN -> OUT : [ 1,  1] -> [ 1,  1],  To fill zero OUT: [ 0,  0], Virtual Pad(T,L,B,R): [ 0,  0,  0,  0]

 ------------- 28( 0, 29, 0, 2, 0) [128 x 40 x  40] => [128 x 40 x  40] | TIDL_ConvolutionLayer
 LINK_X_FM_IN_FULL_TO_PART      14495515088 :  [0,1,1,1]
    FM_FULL        <93> ( L,U8b)[ 1, 1,    0, 1]: MSMC( 0),  1728,  1723,   128,221226,[ 42,  0],13e156 |||| FM_IN_PART     <98> ( L,U8b)[ 1, 1,    0, 1]:  L2( 0),  1728,  1728,   128,221184,[     0,     0],     0
     Src_Flow [     0,     1,     1,     1] [     0,     0,     0]***[  1640,   128,     1,     1] [  1728,  1640,221184]***[     0,     1,     1,     1] [     0,     0,     0]***[2]
     Snk_Flow [     0,     1,     1,     1] [     0,     0,     0]***[  1640,   128,     1,     1] [  1728,  1640,     0]***[     0,     1,     1,     1] [     0,     0,     0]***[2]
 LINK_X_COEFF_IN_ANY_TO_FINAL   14545846736 :  [0,1,1,1]
    COEFF_FULL     <99> ( L,S8b)[ 1, 1,    0, 1]: DDR_PERSIST( 0),   129,   129,   128, 16512,[  0,  0], 92900 |||| COEFF_IN_FINAL <100> ( L,S8b)[ 1, 1,    0, 1]:  L2( 0),   192,   129,   128, 24576,[     0,     0], 36000
     Src_Flow [     0,     1,     1,     1] [     0,     0,     0]***[   129,   128,     1,     1] [   129,   129, 16512]***[     0,     1,     1,     1] [     0,     0,     0]***[2]
     Snk_Flow [     0,     1,     1,     1] [     0,     0,     0]***[   129,   128,     1,     1] [   192,   129,     0]***[     0,     1,     1,     1] [     0,     0,     0]***[2]
 LINK_P                         14629732816 :  [1,1,1,1]
    FM_IN_PART     <98> ( L,U8b)[ 1, 1,    0, 1]:  L2( 0),  1728,  1728,   128,221184,[  0,  0],     0 |||| FM_FULL        <97> ( L,U8b)[ 1, 1,    0, 1]: MSMC( 0),  1728,  1723,   128,221226,[    42,     0],1741d6
    COEFF_IN_FINAL  <100> ( L,S8b)[ 1, 1,    0, 1]:  L2( 0),   192,   129,   128, 24576,[  0,  0], 36000
     Src_Flow [     0,     1,     1,     1] [     0,     0,     0]***[  1640,   128,     1,     1] [  1728,  1640,     0]***[     0,     1,     1,     1] [     0,     0,     0]***[2]
    Src2_Flow [     0,     1,     1,     1] [     0,     0,     0]***[   129,   128,     1,     1] [   192, 24576,     0]***[     0,     1,     1,     1] [     0,     0,     0]***[2]
     Snk_Flow [     0,     1,     1,     1] [     0,     0,     0]***[  1640,   128,     1,     1] [  1728,  1640,221184]***[     0,     1,     1,     1] [     0,     0,     0]***[2]
Padding Info [Row, Col]: Actual  IN -> OUT : [ 1,  1] -> [ 1,  1],  To fill zero OUT: [ 1,  1], Virtual Pad(T,L,B,R): [ 0,  0,  0,  0]

 ------------- 29( 0, 30, 0, 3, 0) [128 x 40 x  40] => [128 x 40 x  40] | TIDL_ConvolutionLayer
 LINK_X_FM_IN_FULL_TO_PART      15569256928 :  [0,2,1,1]
    FM_FULL        <97> ( L,U8b)[ 2, 1,    0, 1]: MSMC( 0),  1728,  1723,   128,221226,[  0,  0],1741d6 |||| FM_IN_PART     <102> ( L,U8b)[ 2, 1,    0, 1]:  L2( 0),  2240,  2240,   128,286720,[     0,     0],     0
     Src_Flow [  1152,   128,     1,     1] [  1728,  1152,     0]***[   571,   128,     1,     1] [  1728,  1024,     0]***[     0,     1,     1,     1] [     1,     1,     1]***[2]
     Snk_Flow [  1152,   128,     1,     1] [  2240,  1152,     0]***[   571,   128,     1,     1] [  2240,  1024,     0]***[     0,     1,     1,     1] [     1,     1,     1]***[2]
 LINK_X_COEFF_IN_ANY_TO_FINAL   15619588576 :  [0,1,1,1]
    COEFF_FULL     <103> ( L,S8b)[ 1, 1,    0, 1]: DDR_PERSIST( 0),  1153,  1153,   128,147584,[  0,  0], 96980 |||| COEFF_IN_FINAL <104> ( L,S8b)[ 1, 1,    0, 1]:  L2( 0),  1216,  1153,   128,155648,[     0,     0], 46000
     Src_Flow [     0,     1,     1,     1] [     0,     0,     0]***[  1153,   128,     1,     1] [  1153,  1153,147584]***[     0,     1,     1,     1] [     0,     0,     0]***[2]
     Snk_Flow [     0,     1,     1,     1] [     0,     0,     0]***[  1153,   128,     1,     1] [  1216,  1153,     0]***[     0,     1,     1,     1] [     0,     0,     0]***[2]
 LINK_P                         15703474656 :  [1,2,1,1]
    FM_IN_PART     <102> ( L,U8b)[ 2, 1,    0, 1]:  L2( 0),  2240,  2240,   128,286720,[  0,  0],     0 |||| FM_FULL        <101> ( L,U8b)[ 2, 1,    0, 1]: MSMC( 0),  1728,  1723,   128,221226,[    42,     0],1741d6
    COEFF_IN_FINAL  <104> ( L,S8b)[ 1, 1,    0, 1]:  L2( 0),  1216,  1153,   128,155648,[  0,  0], 46000
     Src_Flow [     0,     1,     1,     1] [     0,     0,     0]***[  1108,   128,     1,     1] [  2240,  1024,     0]***[   699,   128,     1,     1] [  2240,  1024,     0]***[2]
    Src2_Flow [     0,     1,     1,     1] [     0,     0,     0]***[  1153,   128,     1,     1] [  1216,155648,     0]***[     0,     1,     1,     1] [     0,     0,     0]***[2]
     Snk_Flow [     0,     1,     1,     1] [     0,     0,     0]***[  1024,   128,     1,     1] [  1728,  1024,221184]***[   615,   128,     1,     1] [  1728,  1024,     0]***[2]
Padding Info [Row, Col]: Actual  IN -> OUT : [ 1,  1] -> [ 1,  1],  To fill zero OUT: [ 0,  0], Virtual Pad(T,L,B,R): [ 0,  0,  0,  0]

 ------------- 30( 0, 31, 0, 3, 0) [256 x 40 x  40] => [128 x 40 x  40] | TIDL_EltWiseLayer
 LINK_X_FM_IN_FULL_TO_PART      16106127856 :  [0,2,1,1]
    FM_FULL        <101> ( L,U8b)[ 2, 1,    0, 1]: MSMC( 0),  1728,  1723,   128,221226,[ 42,  0],1741d6 |||| FM_IN_PART     <106> (PP,U8b)[ 2, 1,    0, 1]:  L2( 0),  1763,  1763,   256,451328,[     0,     0],     0
     Src_Flow [     0,     1,     1,     1] [     0,     0,     0]***[  1640,    64,     2,     1] [  1728,110592,110592]***[     0,     1,     1,     1] [     0,     0,     0]***[2]
     Snk_Flow [     0,     1,     1,     1] [     0,     0,     0]***[  1640,    64,     2,     1] [  1763,225664,     0]***[     0,     1,     1,     1] [     0,     0,     0]***[2]
 LINK_X_FM_IN_FULL_TO_PART      14495515120 :  [0,2,1,1]
    FM_FULL        <93> ( L,U8b)[ 2, 1,    0, 1]: MSMC( 0),  1728,  1723,   128,221226,[ 42,  0],13e156 |||| FM_IN_PART     <106> (PP,U8b)[ 2, 1,    0, 1]:  L2( 0),  1763,  1763,   256,451328,[112832,     0],     0
     Src_Flow [     0,     1,     1,     1] [     0,     0,     0]***[  1640,    64,     2,     1] [  1728,110592,110592]***[     0,     1,     1,     1] [     0,     0,     0]***[2]
     Snk_Flow [     0,     1,     1,     1] [     0,     0,     0]***[  1640,    64,     2,     1] [  1763,225664,     0]***[     0,     1,     1,     1] [     0,     0,     0]***[2]
 LINK_P                         35183969436144:  [1,2,1,1]
    FM_IN_PART     <106> (PP,U8b)[ 2, 1,    0, 1]:  L2( 0),  1763,  1763,   256,451328,[  0,  0],     0 |||| FM_FULL        <105> ( L,U8b)[ 2, 1,    0, 1]: MSMC( 0),  1728,  1723,   128,221226,[    42,     0],13e156
    FM_IN_PART      <106> (PP,U8b)[ 2, 1,    0, 1]:  L2( 0),  1763,  1763,   256,451328,[112832,  0],     0
     Src_Flow [     0,     1,     1,     1] [     0,     0,     0]***[  1640,    64,     2,     1] [  1763,225664,     0]***[     0,     1,     1,     1] [     0,     0,     0]***[2]
    Src2_Flow [     0,     1,     1,     1] [     0,     0,     0]***[  1640,    64,     2,     1] [  1763,225664,     0]***[     0,     1,     1,     1] [     0,     0,     0]***[2]
     Snk_Flow [     0,     1,     1,     1] [     0,     0,     0]***[  1640,    64,     2,     1] [  1728,110592,110592]***[     0,     1,     1,     1] [     0,     0,     0]***[2]
Padding Info [Row, Col]: Actual  IN -> OUT : [ 1,  1] -> [ 1,  1],  To fill zero OUT: [ 0,  0], Virtual Pad(T,L,B,R): [ 0,  0,  0,  0]

 ------------- 31( 0, 32, 0, 2, 0) [128 x 40 x  40] => [128 x 40 x  40] | TIDL_ConvolutionLayer
 LINK_X_FM_IN_FULL_TO_PART      16642998784 :  [0,1,1,1]
    FM_FULL        <105> ( L,U8b)[ 1, 1,    0, 1]: MSMC( 0),  1728,  1723,   128,221226,[ 42,  0],13e156 |||| FM_IN_PART     <108> ( L,U8b)[ 1, 1,    0, 1]:  L2( 0),  1728,  1728,   128,221184,[     0,     0],     0
     Src_Flow [     0,     1,     1,     1] [     0,     0,     0]***[  1640,   128,     1,     1] [  1728,  1640,221184]***[     0,     1,     1,     1] [     0,     0,     0]***[2]
     Snk_Flow [     0,     1,     1,     1] [     0,     0,     0]***[  1640,   128,     1,     1] [  1728,  1640,     0]***[     0,     1,     1,     1] [     0,     0,     0]***[2]
 LINK_X_COEFF_IN_ANY_TO_FINAL   16693330432 :  [0,1,1,1]
    COEFF_FULL     <109> ( L,S8b)[ 1, 1,    0, 1]: DDR_PERSIST( 0),   129,   129,   128, 16512,[  0,  0], baa00 |||| COEFF_IN_FINAL <110> ( L,S8b)[ 1, 1,    0, 1]:  L2( 0),   192,   129,   128, 24576,[     0,     0], 36000
     Src_Flow [     0,     1,     1,     1] [     0,     0,     0]***[   129,   128,     1,     1] [   129,   129, 16512]***[     0,     1,     1,     1] [     0,     0,     0]***[2]
     Snk_Flow [     0,     1,     1,     1] [     0,     0,     0]***[   129,   128,     1,     1] [   192,   129,     0]***[     0,     1,     1,     1] [     0,     0,     0]***[2]
 LINK_P                         16777216512 :  [1,1,1,1]
    FM_IN_PART     <108> ( L,U8b)[ 1, 1,    0, 1]:  L2( 0),  1728,  1728,   128,221184,[  0,  0],     0 |||| FM_FULL        <107> ( L,U8b)[ 1, 1,    0, 1]: MSMC( 0),  1728,  1723,   128,221226,[    42,     0],1741d6
    COEFF_IN_FINAL  <110> ( L,S8b)[ 1, 1,    0, 1]:  L2( 0),   192,   129,   128, 24576,[  0,  0], 36000
     Src_Flow [     0,     1,     1,     1] [     0,     0,     0]***[  1640,   128,     1,     1] [  1728,  1640,     0]***[     0,     1,     1,     1] [     0,     0,     0]***[2]
    Src2_Flow [     0,     1,     1,     1] [     0,     0,     0]***[   129,   128,     1,     1] [   192, 24576,     0]***[     0,     1,     1,     1] [     0,     0,     0]***[2]
     Snk_Flow [     0,     1,     1,     1] [     0,     0,     0]***[  1640,   128,     1,     1] [  1728,  1640,221184]***[     0,     1,     1,     1] [     0,     0,     0]***[2]
Padding Info [Row, Col]: Actual  IN -> OUT : [ 1,  1] -> [ 1,  1],  To fill zero OUT: [ 1,  1], Virtual Pad(T,L,B,R): [ 0,  0,  0,  0]

 ------------- 32( 0, 33, 0, 3, 0) [128 x 40 x  40] => [128 x 40 x  40] | TIDL_ConvolutionLayer
 LINK_X_FM_IN_FULL_TO_PART      17179869712 :  [0,2,1,1]
    FM_FULL        <107> ( L,U8b)[ 2, 1,    0, 1]: MSMC( 0),  1728,  1723,   128,221226,[  0,  0],1741d6 |||| FM_IN_PART     <112> ( L,U8b)[ 2, 1,    0, 1]:  L2( 0),  2240,  2240,   128,286720,[     0,     0],     0
     Src_Flow [  1152,   128,     1,     1] [  1728,  1152,     0]***[   571,   128,     1,     1] [  1728,  1024,     0]***[     0,     1,     1,     1] [     1,     1,     1]***[2]
     Snk_Flow [  1152,   128,     1,     1] [  2240,  1152,     0]***[   571,   128,     1,     1] [  2240,  1024,     0]***[     0,     1,     1,     1] [     1,     1,     1]***[2]
 LINK_X_COEFF_IN_ANY_TO_FINAL   17230201360 :  [0,1,1,1]
    COEFF_FULL     <113> ( L,S8b)[ 1, 1,    0, 1]: DDR_PERSIST( 0),  1153,  1153,   128,147584,[  0,  0], bea80 |||| COEFF_IN_FINAL <114> ( L,S8b)[ 1, 1,    0, 1]:  L2( 0),  1216,  1153,   128,155648,[     0,     0], 46000
     Src_Flow [     0,     1,     1,     1] [     0,     0,     0]***[  1153,   128,     1,     1] [  1153,  1153,147584]***[     0,     1,     1,     1] [     0,     0,     0]***[2]
     Snk_Flow [     0,     1,     1,     1] [     0,     0,     0]***[  1153,   128,     1,     1] [  1216,  1153,     0]***[     0,     1,     1,     1] [     0,     0,     0]***[2]
 LINK_P                         17314087440 :  [1,2,1,1]
    FM_IN_PART     <112> ( L,U8b)[ 2, 1,    0, 1]:  L2( 0),  2240,  2240,   128,286720,[  0,  0],     0 |||| FM_FULL        <111> ( L,U8b)[ 2, 1,    0, 1]: MSMC( 0),  1728,  1723,   128,221226,[    42,     0],1741d6
    COEFF_IN_FINAL  <114> ( L,S8b)[ 1, 1,    0, 1]:  L2( 0),  1216,  1153,   128,155648,[  0,  0], 46000
     Src_Flow [     0,     1,     1,     1] [     0,     0,     0]***[  1108,   128,     1,     1] [  2240,  1024,     0]***[   699,   128,     1,     1] [  2240,  1024,     0]***[2]
    Src2_Flow [     0,     1,     1,     1] [     0,     0,     0]***[  1153,   128,     1,     1] [  1216,155648,     0]***[     0,     1,     1,     1] [     0,     0,     0]***[2]
     Snk_Flow [     0,     1,     1,     1] [     0,     0,     0]***[  1024,   128,     1,     1] [  1728,  1024,221184]***[   615,   128,     1,     1] [  1728,  1024,     0]***[2]
Padding Info [Row, Col]: Actual  IN -> OUT : [ 1,  1] -> [ 1,  1],  To fill zero OUT: [ 0,  0], Virtual Pad(T,L,B,R): [ 0,  0,  0,  0]

 ------------- 33( 0, 34, 0, 3, 0) [256 x 40 x  40] => [128 x 40 x  40] | TIDL_EltWiseLayer
 LINK_X_FM_IN_FULL_TO_PART      17716740640 :  [0,2,1,1]
    FM_FULL        <111> ( L,U8b)[ 2, 1,    0, 1]: MSMC( 0),  1728,  1723,   128,221226,[ 42,  0],1741d6 |||| FM_IN_PART     <116> (PP,U8b)[ 2, 1,    0, 1]:  L2( 0),  1763,  1763,   256,451328,[     0,     0],     0
     Src_Flow [     0,     1,     1,     1] [     0,     0,     0]***[  1640,    64,     2,     1] [  1728,110592,110592]***[     0,     1,     1,     1] [     0,     0,     0]***[2]
     Snk_Flow [     0,     1,     1,     1] [     0,     0,     0]***[  1640,    64,     2,     1] [  1763,225664,     0]***[     0,     1,     1,     1] [     0,     0,     0]***[2]
 LINK_X_FM_IN_FULL_TO_PART      16642998816 :  [0,2,1,1]
    FM_FULL        <105> ( L,U8b)[ 2, 1,    0, 1]: MSMC( 0),  1728,  1723,   128,221226,[ 42,  0],13e156 |||| FM_IN_PART     <116> (PP,U8b)[ 2, 1,    0, 1]:  L2( 0),  1763,  1763,   256,451328,[112832,     0],     0
     Src_Flow [     0,     1,     1,     1] [     0,     0,     0]***[  1640,    64,     2,     1] [  1728,110592,110592]***[     0,     1,     1,     1] [     0,     0,     0]***[2]
     Snk_Flow [     0,     1,     1,     1] [     0,     0,     0]***[  1640,    64,     2,     1] [  1763,225664,     0]***[     0,     1,     1,     1] [     0,     0,     0]***[2]
 LINK_P                         35183969436192:  [1,2,1,1]
    FM_IN_PART     <116> (PP,U8b)[ 2, 1,    0, 1]:  L2( 0),  1763,  1763,   256,451328,[  0,  0],     0 |||| FM_FULL        <115> ( L,U8b)[ 2, 1,    0, 1]: MSMC( 0),  1728,  1723,   128,221226,[    42,     0],13e156
    FM_IN_PART      <116> (PP,U8b)[ 2, 1,    0, 1]:  L2( 0),  1763,  1763,   256,451328,[112832,  0],     0
     Src_Flow [     0,     1,     1,     1] [     0,     0,     0]***[  1640,    64,     2,     1] [  1763,225664,     0]***[     0,     1,     1,     1] [     0,     0,     0]***[2]
    Src2_Flow [     0,     1,     1,     1] [     0,     0,     0]***[  1640,    64,     2,     1] [  1763,225664,     0]***[     0,     1,     1,     1] [     0,     0,     0]***[2]
     Snk_Flow [     0,     1,     1,     1] [     0,     0,     0]***[  1640,    64,     2,     1] [  1728,110592,110592]***[     0,     1,     1,     1] [     0,     0,     0]***[2]
Padding Info [Row, Col]: Actual  IN -> OUT : [ 1,  1] -> [ 1,  1],  To fill zero OUT: [ 0,  0], Virtual Pad(T,L,B,R): [ 0,  0,  0,  0]

 ------------- 34( 0, 35, 0, 2, 0) [128 x 40 x  40] => [128 x 40 x  40] | TIDL_ConvolutionLayer
 LINK_X_FM_IN_FULL_TO_PART      18253611568 :  [0,1,1,1]
    FM_FULL        <115> ( L,U8b)[ 1, 1,    0, 1]: MSMC( 0),  1728,  1723,   128,221226,[ 42,  0],13e156 |||| FM_IN_PART     <118> ( L,U8b)[ 1, 1,    0, 1]:  L2( 0),  1728,  1728,   128,221184,[     0,     0],     0
     Src_Flow [     0,     1,     1,     1] [     0,     0,     0]***[  1640,   128,     1,     1] [  1728,  1640,221184]***[     0,     1,     1,     1] [     0,     0,     0]***[2]
     Snk_Flow [     0,     1,     1,     1] [     0,     0,     0]***[  1640,   128,     1,     1] [  1728,  1640,     0]***[     0,     1,     1,     1] [     0,     0,     0]***[2]
 LINK_X_COEFF_IN_ANY_TO_FINAL   18303943216 :  [0,1,1,1]
    COEFF_FULL     <119> ( L,S8b)[ 1, 1,    0, 1]: DDR_PERSIST( 0),   129,   129,   128, 16512,[  0,  0], e2b00 |||| COEFF_IN_FINAL <120> ( L,S8b)[ 1, 1,    0, 1]:  L2( 0),   192,   129,   128, 24576,[     0,     0], 36000
     Src_Flow [     0,     1,     1,     1] [     0,     0,     0]***[   129,   128,     1,     1] [   129,   129, 16512]***[     0,     1,     1,     1] [     0,     0,     0]***[2]
     Snk_Flow [     0,     1,     1,     1] [     0,     0,     0]***[   129,   128,     1,     1] [   192,   129,     0]***[     0,     1,     1,     1] [     0,     0,     0]***[2]
 LINK_P                         18387829296 :  [1,1,1,1]
    FM_IN_PART     <118> ( L,U8b)[ 1, 1,    0, 1]:  L2( 0),  1728,  1728,   128,221184,[  0,  0],     0 |||| FM_FULL        <117> ( L,U8b)[ 1, 1,    0, 1]: MSMC( 0),  1728,  1723,   128,221226,[    42,     0],1741d6
    COEFF_IN_FINAL  <120> ( L,S8b)[ 1, 1,    0, 1]:  L2( 0),   192,   129,   128, 24576,[  0,  0], 36000
     Src_Flow [     0,     1,     1,     1] [     0,     0,     0]***[  1640,   128,     1,     1] [  1728,  1640,     0]***[     0,     1,     1,     1] [     0,     0,     0]***[2]
    Src2_Flow [     0,     1,     1,     1] [     0,     0,     0]***[   129,   128,     1,     1] [   192, 24576,     0]***[     0,     1,     1,     1] [     0,     0,     0]***[2]
     Snk_Flow [     0,     1,     1,     1] [     0,     0,     0]***[  1640,   128,     1,     1] [  1728,  1640,221184]***[     0,     1,     1,     1] [     0,     0,     0]***[2]
Padding Info [Row, Col]: Actual  IN -> OUT : [ 1,  1] -> [ 1,  1],  To fill zero OUT: [ 1,  1], Virtual Pad(T,L,B,R): [ 0,  0,  0,  0]

 ------------- 35( 0, 36, 0, 3, 0) [128 x 40 x  40] => [128 x 40 x  40] | TIDL_ConvolutionLayer
 LINK_X_FM_IN_FULL_TO_PART      18790482496 :  [0,2,1,1]
    FM_FULL        <117> ( L,U8b)[ 2, 1,    0, 1]: MSMC( 0),  1728,  1723,   128,221226,[  0,  0],1741d6 |||| FM_IN_PART     <122> ( L,U8b)[ 2, 1,    0, 1]:  L2( 0),  2240,  2240,   128,286720,[     0,     0],     0
     Src_Flow [  1152,   128,     1,     1] [  1728,  1152,     0]***[   571,   128,     1,     1] [  1728,  1024,     0]***[     0,     1,     1,     1] [     1,     1,     1]***[2]
     Snk_Flow [  1152,   128,     1,     1] [  2240,  1152,     0]***[   571,   128,     1,     1] [  2240,  1024,     0]***[     0,     1,     1,     1] [     1,     1,     1]***[2]
 LINK_X_COEFF_IN_ANY_TO_FINAL   18840814144 :  [0,1,1,1]
    COEFF_FULL     <123> ( L,S8b)[ 1, 1,    0, 1]: DDR_PERSIST( 0),  1153,  1153,   128,147584,[  0,  0], e6b80 |||| COEFF_IN_FINAL <124> ( L,S8b)[ 1, 1,    0, 1]:  L2( 0),  1216,  1153,   128,155648,[     0,     0], 46000
     Src_Flow [     0,     1,     1,     1] [     0,     0,     0]***[  1153,   128,     1,     1] [  1153,  1153,147584]***[     0,     1,     1,     1] [     0,     0,     0]***[2]
     Snk_Flow [     0,     1,     1,     1] [     0,     0,     0]***[  1153,   128,     1,     1] [  1216,  1153,     0]***[     0,     1,     1,     1] [     0,     0,     0]***[2]
 LINK_P                         18924700224 :  [1,2,1,1]
    FM_IN_PART     <122> ( L,U8b)[ 2, 1,    0, 1]:  L2( 0),  2240,  2240,   128,286720,[  0,  0],     0 |||| FM_FULL        <121> ( L,U8b)[ 2, 1,    0, 1]: MSMC( 0),  1728,  1723,   128,221226,[    42,     0],1741d6
    COEFF_IN_FINAL  <124> ( L,S8b)[ 1, 1,    0, 1]:  L2( 0),  1216,  1153,   128,155648,[  0,  0], 46000
     Src_Flow [     0,     1,     1,     1] [     0,     0,     0]***[  1108,   128,     1,     1] [  2240,  1024,     0]***[   699,   128,     1,     1] [  2240,  1024,     0]***[2]
    Src2_Flow [     0,     1,     1,     1] [     0,     0,     0]***[  1153,   128,     1,     1] [  1216,155648,     0]***[     0,     1,     1,     1] [     0,     0,     0]***[2]
     Snk_Flow [     0,     1,     1,     1] [     0,     0,     0]***[  1024,   128,     1,     1] [  1728,  1024,221184]***[   615,   128,     1,     1] [  1728,  1024,     0]***[2]
Padding Info [Row, Col]: Actual  IN -> OUT : [ 1,  1] -> [ 1,  1],  To fill zero OUT: [ 0,  0], Virtual Pad(T,L,B,R): [ 0,  0,  0,  0]

 ------------- 36( 0, 37, 0, 3, 0) [256 x 40 x  40] => [128 x 40 x  40] | TIDL_EltWiseLayer
 LINK_X_FM_IN_FULL_TO_PART      19327353424 :  [0,2,1,1]
    FM_FULL        <121> ( L,U8b)[ 2, 1,    0, 1]: MSMC( 0),  1728,  1723,   128,221226,[ 42,  0],1741d6 |||| FM_IN_PART     <126> (PP,U8b)[ 2, 1,    0, 1]:  L2( 0),  1763,  1763,   256,451328,[     0,     0],     0
     Src_Flow [     0,     1,     1,     1] [     0,     0,     0]***[  1640,    64,     2,     1] [  1728,110592,110592]***[     0,     1,     1,     1] [     0,     0,     0]***[2]
     Snk_Flow [     0,     1,     1,     1] [     0,     0,     0]***[  1640,    64,     2,     1] [  1763,225664,     0]***[     0,     1,     1,     1] [     0,     0,     0]***[2]
 LINK_X_FM_IN_FULL_TO_PART      18253611600 :  [0,2,1,1]
    FM_FULL        <115> ( L,U8b)[ 2, 1,    0, 1]: MSMC( 0),  1728,  1723,   128,221226,[ 42,  0],13e156 |||| FM_IN_PART     <126> (PP,U8b)[ 2, 1,    0, 1]:  L2( 0),  1763,  1763,   256,451328,[112832,     0],     0
     Src_Flow [     0,     1,     1,     1] [     0,     0,     0]***[  1640,    64,     2,     1] [  1728,110592,110592]***[     0,     1,     1,     1] [     0,     0,     0]***[2]
     Snk_Flow [     0,     1,     1,     1] [     0,     0,     0]***[  1640,    64,     2,     1] [  1763,225664,     0]***[     0,     1,     1,     1] [     0,     0,     0]***[2]
 LINK_P                         35183969436240:  [1,2,1,1]
    FM_IN_PART     <126> (PP,U8b)[ 2, 1,    0, 1]:  L2( 0),  1763,  1763,   256,451328,[  0,  0],     0 |||| FM_FULL        <125> ( L,U8b)[ 2, 1,    0, 1]: MSMC( 0),  1728,  1723,   128,221226,[    42,     0],13e156
    FM_IN_PART      <126> (PP,U8b)[ 2, 1,    0, 1]:  L2( 0),  1763,  1763,   256,451328,[112832,  0],     0
     Src_Flow [     0,     1,     1,     1] [     0,     0,     0]***[  1640,    64,     2,     1] [  1763,225664,     0]***[     0,     1,     1,     1] [     0,     0,     0]***[2]
    Src2_Flow [     0,     1,     1,     1] [     0,     0,     0]***[  1640,    64,     2,     1] [  1763,225664,     0]***[     0,     1,     1,     1] [     0,     0,     0]***[2]
     Snk_Flow [     0,     1,     1,     1] [     0,     0,     0]***[  1640,    64,     2,     1] [  1728,110592,110592]***[     0,     1,     1,     1] [     0,     0,     0]***[2]
Padding Info [Row, Col]: Actual  IN -> OUT : [ 1,  1] -> [ 1,  1],  To fill zero OUT: [ 0,  0], Virtual Pad(T,L,B,R): [ 0,  0,  0,  0]

 ------------- 37( 0, 28, 0, 4, 0) [256 x 40 x  40] => [128 x 40 x  40] | TIDL_ConvolutionLayer
 LINK_X_FM_IN_FULL_TO_PART      13958644160 :  [0,3,1,1]
    FM_FULL        <89> ( L,U8b)[ 3, 1,    0, 1]: MSMC( 0),  1728,  1723,   256,442410,[ 42,  0], d20d6 |||| FM_IN_PART     <128> ( L,U8b)[ 3, 1,    0, 1]:  L2( 0),  1600,  1600,   256,410368,[     0,     0],     0
     Src_Flow [     0,     1,     1,     1] [     0,     0,     0]***[   768,   256,     2,     1] [  1728,   768,442368]***[   104,   256,     1,     1] [  1728,   768,     0]***[2]
     Snk_Flow [     0,     1,     1,     1] [     0,     0,     0]***[   768,   256,     2,     1] [  1600,   768,     0]***[   104,   256,     1,     1] [  1600,   768,     0]***[2]
 LINK_X_COEFF_IN_ANY_TO_FINAL   14008975808 :  [0,1,1,1]
    COEFF_FULL     <129> ( L,S8b)[ 1, 1,    0, 1]: DDR_PERSIST( 0),   257,   257,   128, 32896,[  0,  0],10ac00 |||| COEFF_IN_FINAL <130> ( L,S8b)[ 1, 1,    0, 1]:  L2( 0),   320,   257,   128, 40960,[     0,     0], 64300
     Src_Flow [     0,     1,     1,     1] [     0,     0,     0]***[   257,   128,     1,     1] [   257,   257, 32896]***[     0,     1,     1,     1] [     0,     0,     0]***[2]
     Snk_Flow [     0,     1,     1,     1] [     0,     0,     0]***[   257,   128,     1,     1] [   320,   257,     0]***[     0,     1,     1,     1] [     0,     0,     0]***[2]
 LINK_P                         14092861888 :  [1,3,1,1]
    FM_IN_PART     <128> ( L,U8b)[ 3, 1,    0, 1]:  L2( 0),  1600,  1600,   256,410368,[  0,  0],     0 |||| FM_FULL        <127> ( L,U8b)[ 3, 1,    0, 1]: MSMC( 0),  1728,  1723,   128,221226,[    42,     0], d20d6
    COEFF_IN_FINAL  <130> ( L,S8b)[ 1, 1,    0, 1]:  L2( 0),   320,   257,   128, 40960,[  0,  0], 64300
     Src_Flow [     0,     1,     1,     1] [     0,     0,     0]***[   768,   256,     2,     1] [  1600,   768,     0]***[   104,   256,     1,     1] [  1600,   768,     0]***[2]
    Src2_Flow [     0,     1,     1,     1] [     0,     0,     0]***[   257,   128,     1,     1] [   320, 40960,     0]***[     0,     1,     1,     1] [     0,     0,     0]***[2]
     Snk_Flow [     0,     1,     1,     1] [     0,     0,     0]***[   768,   128,     2,     1] [  1728,   768,221184]***[   104,   128,     1,     1] [  1728,   768,     0]***[2]
Padding Info [Row, Col]: Actual  IN -> OUT : [ 1,  1] -> [ 1,  1],  To fill zero OUT: [ 0,  0], Virtual Pad(T,L,B,R): [ 0,  0,  0,  0]

 ------------- 38( 0, 38, 0, 3, 0) [256 x 40 x  40] => [256 x 40 x  40] | TIDL_ConcatLayer
 LINK_X_FM_IN_FULL_TO_PART      19864224352 :  [0,1,1,1]
    FM_FULL        <125> ( L,U8b)[ 1, 1,    0, 1]: MSMC( 0),  1728,  1723,   128,221226,[ 42,  0],13e156 |||| FM_IN_PART     <132> (PP,U8b)[ 1, 1,    0, 1]:  L2( 0),  1763,  1763,   256,451328,[     0,     0],     0
     Src_Flow [     0,     1,     1,     1] [     0,     0,     0]***[  1640,   128,     1,     1] [  1728,  1640,221184]***[     0,     1,     1,     1] [     0,     0,     0]***[2]
     Snk_Flow [     0,     1,     1,     1] [     0,     0,     0]***[  1640,   128,     1,     1] [  1763,225664,     0]***[     0,     1,     1,     1] [     0,     0,     0]***[2]
 LINK_X_FM_IN_FULL_TO_PART      15032386144 :  [1,1,1,1]
    FM_FULL        <127> ( L,U8b)[ 1, 1,    0, 1]: MSMC( 0),  1728,  1723,   128,221226,[ 42,  0], d20d6 |||| FM_IN_PART     <132> (PP,U8b)[ 1, 1,    0, 1]:  L2( 0),  1763,  1763,   256,451328,[225664,     0],     0
     Src_Flow [     0,     1,     1,     1] [     0,     0,     0]***[  1640,   128,     1,     1] [  1728,  1640,221184]***[     0,     1,     1,     1] [     0,     0,     0]***[2]
     Snk_Flow [     0,     1,     1,     1] [     0,     0,     0]***[  1640,   128,     1,     1] [  1763,-225664,     0]***[     0,     1,     1,     1] [     0,     0,     0]***[2]
 LINK_P                         19998442080 :  [1,1,1,1]
    FM_IN_PART     <132> (PP,U8b)[ 1, 1,    0, 1]:  L2( 0),  1763,  1763,   256,451328,[  0,  0],     0 |||| FM_FULL        <131> ( L,U8b)[ 1, 1,    0, 1]: MSMC( 0),  1728,  1723,   256,442410,[    42,     0],108a56
     Src_Flow [     0,     1,     1,     1] [     0,     0,     0]***[  1640,   128,     1,     1] [  1763,225664,     0]***[     0,     1,     1,     1] [     0,     0,     0]***[2]
     Snk_Flow [     0,     1,     1,     1] [     0,     0,     0]***[  1640,   128,     1,     1] [  1728,  1640,221184]***[     0,     1,     1,     1] [     0,     0,     0]***[2]
 LINK_P                         15166603872 :  [2,1,1,1]
    FM_IN_PART     <132> (PP,U8b)[ 1, 1,    0, 1]:  L2( 0),  1763,  1763,   256,451328,[225664,  0],     0 |||| FM_FULL        <131> ( L,U8b)[ 1, 1,    0, 1]: MSMC( 0),  1728,  1723,   256,442410,[221226,     0],108a56
     Src_Flow [     0,     1,     1,     1] [     0,     0,     0]***[  1640,   128,     1,     1] [  1763,-225664,     0]***[     0,     1,     1,     1] [     0,     0,     0]***[2]
     Snk_Flow [     0,     1,     1,     1] [     0,     0,     0]***[  1640,   128,     1,     1] [  1728,  1640,221184]***[     0,     1,     1,     1] [     0,     0,     0]***[2]
Padding Info [Row, Col]: Actual  IN -> OUT : [ 1,  1] -> [ 1,  1],  To fill zero OUT: [ 0,  0], Virtual Pad(T,L,B,R): [ 0,  0,  0,  0]

 ------------- 39( 0, 39, 0, 5, 0) [256 x 40 x  40] => [256 x 40 x  40] | TIDL_ConvolutionLayer
 LINK_X_FM_IN_FULL_TO_PART      20401095280 :  [1,3,1,1]
    FM_FULL        <131> ( L,U8b)[ 3, 1,    0, 1]: MSMC( 0),  1728,  1723,   256,442410,[ 42,  0],108a56 |||| FM_IN_PART     <134> ( L,U8b)[ 3, 1,    0, 1]:  L2( 0),  1344,  1344,   256,344704,[     0,     0],     0
     Src_Flow [     0,     1,     1,     1] [     0,     0,     0]***[   640,   256,     2,     1] [  1728,   640,442368]***[   360,   256,     1,     1] [  1728,   640,     0]***[2]
     Snk_Flow [     0,     1,     1,     1] [     0,     0,     0]***[   640,   256,     2,     1] [  1344,   640,     0]***[   360,   256,     1,     1] [  1344,   640,     0]***[2]
 LINK_X_COEFF_IN_ANY_TO_FINAL   20451426928 :  [1,1,1,1]
    COEFF_IN_STAGE <136> ( L,S8b)[ 1, 1,    0, 1]: MSMC( 0),   320,   257,   256, 81920,[  0,  0],7a5900 |||| COEFF_IN_FINAL <137> ( L,S8b)[ 1, 1,    0, 1]:  L2( 0),   320,   257,   256, 81920,[     0,     0], 54280
     Src_Flow [     0,     1,     1,     1] [     0,     0,     0]***[   257,   256,     1,     1] [   320,   257, 81920]***[     0,     1,     1,     1] [     0,     0,     0]***[2]
     Snk_Flow [     0,     1,     1,     1] [     0,     0,     0]***[   257,   256,     1,     1] [   320,   257,     0]***[     0,     1,     1,     1] [     0,     0,     0]***[2]
 LINK_P                         20535313008 :  [2,3,1,1]
    FM_IN_PART     <134> ( L,U8b)[ 3, 1,    0, 1]:  L2( 0),  1344,  1344,   256,344704,[  0,  0],     0 |||| FM_FULL        <133> ( L,U8b)[ 3, 1,    0, 1]: MSMC( 0),  1728,  1723,   256,442410,[    42,     0], f6156
    COEFF_IN_FINAL  <137> ( L,S8b)[ 1, 1,    0, 1]:  L2( 0),   320,   257,   256, 81920,[  0,  0], 54280
     Src_Flow [     0,     1,     1,     1] [     0,     0,     0]***[   640,   256,     2,     1] [  1344,   640,     0]***[   360,   256,     1,     1] [  1344,   640,     0]***[2]
    Src2_Flow [     0,     1,     1,     1] [     0,     0,     0]***[   257,   256,     1,     1] [   320, 81920,     0]***[     0,     1,     1,     1] [     0,     0,     0]***[2]
     Snk_Flow [     0,     1,     1,     1] [     0,     0,     0]***[   640,   256,     2,     1] [  1728,   640,442368]***[   360,   256,     1,     1] [  1728,   640,     0]***[2]
Padding Info [Row, Col]: Actual  IN -> OUT : [ 1,  1] -> [ 1,  1],  To fill zero OUT: [ 1,  1], Virtual Pad(T,L,B,R): [ 0,  0,  0,  0]

 ------------- 40( 0, 40, 0, 65, 0) [256 x 40 x  40] => [512 x 20 x  20] | TIDL_ConvolutionLayer
 LINK_X_FM_IN_FULL_TO_PART      20937966208 :  [1,7,1,8]
    FM_FULL        <133> ( L,U8b)[ 7, 1,    0, 8]: MSMC( 0),  1728,  1723,   256,442410,[  0,  0], f6156 |||| FM_IN_PART     <139> ( L,U8b)[ 7, 1,    0, 8]:  L2( 0),   576,   576,   256,148736,[     0,     0],     0
     Src_Flow [   288,   256,     1,     1] [  1728,   288,     0]***[   246,   256,     5,     1] [  1728,   246,442368]***[   164,   256,     1,     1] [  1728,   246,     0]***[2]
     Snk_Flow [   288,   256,     1,     1] [   576,   288,     0]***[   246,   256,     5,     1] [   576,   246,     0]***[   164,   256,     1,     1] [   576,   246,     0]***[2]
 LINK_X_COEFF_IN_ANY_TO_FINAL   20988297856 :  [8,8,7,1]
    COEFF_IN_STAGE <141> ( L,S8b)[ 8, 7,    0, 1]: MSMC( 0),  2368,  2305,   512,1212416,[  0,  0],4c1900 |||| COEFF_IN_FINAL <142> (PP,S8b)[ 8, 7,    0, 1]:  L2( 0),  2368,  2305,   128,303104,[     0,     0], 24500
     Src_Flow [     0,     1,     1,     1] [     0,     0,     0]***[  2305,    64,     8,     1] [  2368,151552,     0]***[     0,     1,     1,     1] [     0,     0,     0]***[2]
     Snk_Flow [     0,     1,     1,     1] [     0,     0,     0]***[  2305,    64,     2,     4] [  2368,151552,     0]***[     0,     1,     1,     1] [     0,     0,     0]***[2]
 LINK_P                         21072183936 :  [9,56,1,1]
    FM_IN_PART     <139> ( L,U8b)[ 7, 1,    0, 8]:  L2( 0),   576,   576,   256,148736,[  0,  0],     0 |||| FM_FULL        <138> ( L,U8b)[56, 1,    0, 1]: MSMC( 0),   576,   463,   512,294934,[    22,     0],28a1ea
    COEFF_IN_FINAL  <142> (PP,S8b)[ 8, 7,    0, 1]:  L2( 0),  2368,  2305,   128,303104,[  0,  0], 24500
     Src_Flow [     0,     1,     1,     1] [     0,     0,     0]***[   288,   256,     1,     6] [   576,     0,   246]***[   206,   256,     1,     1] [   576,     0,     0]***[2]
    Src2_Flow [     0,     1,     1,     1] [     0,     0,     0]***[  2305,    64,     2,     4] [  2368,151552,     0]***[     0,     1,     1,     1] [     0,     0,     0]***[2]
     Snk_Flow [     0,     1,     1,     1] [     0,     0,     0]***[    63,    64,     8,     7] [   576, 36864,    63]***[     0,     1,     1,     1] [     0,     0,     0]***[2]
Padding Info [Row, Col]: Actual  IN -> OUT : [ 1,  1] -> [ 1,  1],  To fill zero OUT: [ 0,  0], Virtual Pad(T,L,B,R): [ 0,  0,  0,  0]

 ------------- 41( 0, 41, 0, 3, 0) [512 x 20 x  20] => [256 x 20 x  20] | TIDL_ConvolutionLayer
 LINK_X_FM_IN_FULL_TO_PART      21474837136 :  [0,2,1,1]
    FM_FULL        <138> ( L,U8b)[ 2, 1,    0, 1]: MSMC( 0),   576,   463,   512,294934,[ 22,  0],28a1ea |||| FM_IN_PART     <144> ( L,U8b)[ 2, 1,    0, 1]:  L2( 0),   576,   576,   512,294912,[     0,     0],     0
     Src_Flow [     0,     1,     1,     1] [     0,     0,     0]***[   256,   512,     1,     1] [   576,   256,294912]***[   164,   512,     1,     1] [   576,   256,     0]***[2]
     Snk_Flow [     0,     1,     1,     1] [     0,     0,     0]***[   256,   512,     1,     1] [   576,   256,     0]***[   164,   512,     1,     1] [   576,   256,     0]***[2]
 LINK_X_COEFF_IN_ANY_TO_FINAL   21525168784 :  [0,1,1,1]
    COEFF_FULL     <145> ( L,S8b)[ 1, 1,    0, 1]: DDR_PERSIST( 0),   513,   513,   256,131328,[  0,  0],242f80 |||| COEFF_IN_FINAL <146> ( L,S8b)[ 1, 1,    0, 1]:  L2( 0),   576,   513,   256,147456,[     0,     0], 48000
     Src_Flow [     0,     1,     1,     1] [     0,     0,     0]***[   513,   256,     1,     1] [   513,   513,131328]***[     0,     1,     1,     1] [     0,     0,     0]***[2]
     Snk_Flow [     0,     1,     1,     1] [     0,     0,     0]***[   513,   256,     1,     1] [   576,   513,     0]***[     0,     1,     1,     1] [     0,     0,     0]***[2]
 LINK_P                         21609054864 :  [1,2,1,1]
    FM_IN_PART     <144> ( L,U8b)[ 2, 1,    0, 1]:  L2( 0),   576,   576,   512,294912,[  0,  0],     0 |||| FM_FULL        <143> ( L,U8b)[ 2, 1,    0, 1]: MSMC( 0),   576,   463,   256,147478,[    22,     0],1621ea
    COEFF_IN_FINAL  <146> ( L,S8b)[ 1, 1,    0, 1]:  L2( 0),   576,   513,   256,147456,[  0,  0], 48000
     Src_Flow [     0,     1,     1,     1] [     0,     0,     0]***[   256,   512,     1,     1] [   576,   256,     0]***[   164,   512,     1,     1] [   576,   256,     0]***[2]
    Src2_Flow [     0,     1,     1,     1] [     0,     0,     0]***[   513,   256,     1,     1] [   576,147456,     0]***[     0,     1,     1,     1] [     0,     0,     0]***[2]
     Snk_Flow [     0,     1,     1,     1] [     0,     0,     0]***[   256,   256,     1,     1] [   576,   256,147456]***[   164,   256,     1,     1] [   576,   256,     0]***[2]
Padding Info [Row, Col]: Actual  IN -> OUT : [ 1,  1] -> [ 1,  1],  To fill zero OUT: [ 1,  1], Virtual Pad(T,L,B,R): [ 0,  0,  0,  0]

 ------------- 42( 0, 42, 0, 2, 0) [256 x 20 x  20] => [256 x 20 x  20] | TIDL_PoolingLayer
 LINK_X_FM_IN_FULL_TO_PART      22011708064 :  [0,1,1,1]
    FM_FULL        <143> ( L,U8b)[ 1, 1,    0, 1]: MSMC( 0),   576,   463,   256,147478,[  0,  0],1621ea |||| FM_IN_PART     <148> (PP,U8b)[ 1, 1,    0, 1]:  L2( 0),   588,   588,   256,150528,[     0,     0],    80
     Src_Flow [     0,     1,     1,     1] [     0,     0,     0]***[   463,   256,     1,     1] [   576,   463,147456]***[     0,     1,     1,     1] [     0,     0,     0]***[2]
     Snk_Flow [     0,     1,     1,     1] [     0,     0,     0]***[   463,   256,     1,     1] [   588, 75264,     0]***[     0,     1,     1,     1] [     0,     0,     0]***[2]
 LINK_P                         22145925792 :  [1,1,1,1]
    FM_IN_PART     <148> (PP,U8b)[ 1, 1,    0, 1]:  L2( 0),   588,   588,   256,150528,[  0,  0],    80 |||| FM_FULL        <147> ( L,U8b)[ 1, 1,    0, 1]: MSMC( 0),   576,   463,   256,147478,[    22,     0], d20ea
     Src_Flow [     0,     1,     1,     1] [     0,     0,     0]***[   463,   256,     1,     1] [   588, 75264,     0]***[     0,     1,     1,     1] [     0,     0,     0]***[2]
     Snk_Flow [     0,     1,     1,     1] [     0,     0,     0]***[   420,   256,     1,     1] [   576,   420,147456]***[     0,     1,     1,     1] [     0,     0,     0]***[2]
Padding Info [Row, Col]: Actual  IN -> OUT : [ 1,  1] -> [ 1,  1],  To fill zero OUT: [ 1,  1], Virtual Pad(T,L,B,R): [ 0,  0,  0,  0]

 ------------- 43( 0, 43, 0, 2, 0) [256 x 20 x  20] => [256 x 20 x  20] | TIDL_PoolingLayer
 LINK_X_FM_IN_FULL_TO_PART      22548578992 :  [0,1,1,1]
    FM_FULL        <147> ( L,U8b)[ 1, 1,    0, 1]: MSMC( 0),   576,   463,   256,147478,[  0,  0], d20ea |||| FM_IN_PART     <150> (PP,U8b)[ 1, 1,    0, 1]:  L2( 0),   588,   588,   256,150528,[     0,     0],    80
     Src_Flow [     0,     1,     1,     1] [     0,     0,     0]***[   463,   256,     1,     1] [   576,   463,147456]***[     0,     1,     1,     1] [     0,     0,     0]***[2]
     Snk_Flow [     0,     1,     1,     1] [     0,     0,     0]***[   463,   256,     1,     1] [   588, 75264,     0]***[     0,     1,     1,     1] [     0,     0,     0]***[2]
 LINK_P                         22682796720 :  [1,1,1,1]
    FM_IN_PART     <150> (PP,U8b)[ 1, 1,    0, 1]:  L2( 0),   588,   588,   256,150528,[  0,  0],    80 |||| FM_FULL        <149> ( L,U8b)[ 1, 1,    0, 1]: MSMC( 0),   576,   463,   256,147478,[    22,     0], d20ea
     Src_Flow [     0,     1,     1,     1] [     0,     0,     0]***[   463,   256,     1,     1] [   588, 75264,     0]***[     0,     1,     1,     1] [     0,     0,     0]***[2]
     Snk_Flow [     0,     1,     1,     1] [     0,     0,     0]***[   420,   256,     1,     1] [   576,   420,147456]***[     0,     1,     1,     1] [     0,     0,     0]***[2]
Padding Info [Row, Col]: Actual  IN -> OUT : [ 1,  1] -> [ 1,  1],  To fill zero OUT: [ 1,  1], Virtual Pad(T,L,B,R): [ 0,  0,  0,  0]

 ------------- 44( 0, 44, 0, 2, 0) [256 x 20 x  20] => [256 x 20 x  20] | TIDL_PoolingLayer
 LINK_X_FM_IN_FULL_TO_PART      23085449920 :  [0,1,1,1]
    FM_FULL        <149> ( L,U8b)[ 1, 1,    0, 1]: MSMC( 0),   576,   463,   256,147478,[  0,  0], d20ea |||| FM_IN_PART     <152> (PP,U8b)[ 1, 1,    0, 1]:  L2( 0),   588,   588,   256,150528,[     0,     0],    80
     Src_Flow [     0,     1,     1,     1] [     0,     0,     0]***[   463,   256,     1,     1] [   576,   463,147456]***[     0,     1,     1,     1] [     0,     0,     0]***[2]
     Snk_Flow [     0,     1,     1,     1] [     0,     0,     0]***[   463,   256,     1,     1] [   588, 75264,     0]***[     0,     1,     1,     1] [     0,     0,     0]***[2]
 LINK_P                         23219667648 :  [1,1,1,1]
    FM_IN_PART     <152> (PP,U8b)[ 1, 1,    0, 1]:  L2( 0),   588,   588,   256,150528,[  0,  0],    80 |||| FM_FULL        <151> ( L,U8b)[ 1, 1,    0, 1]: MSMC( 0),   576,   463,   256,147478,[    22,     0],18626a
     Src_Flow [     0,     1,     1,     1] [     0,     0,     0]***[   463,   256,     1,     1] [   588, 75264,     0]***[     0,     1,     1,     1] [     0,     0,     0]***[2]
     Snk_Flow [     0,     1,     1,     1] [     0,     0,     0]***[   420,   256,     1,     1] [   576,   420,147456]***[     0,     1,     1,     1] [     0,     0,     0]***[2]
Padding Info [Row, Col]: Actual  IN -> OUT : [ 1,  1] -> [ 1,  1],  To fill zero OUT: [ 1,  1], Virtual Pad(T,L,B,R): [ 0,  0,  0,  0]

 ------------- 45( 0, 45, 0, 2, 0) [256 x 20 x  20] => [256 x 20 x  20] | TIDL_PoolingLayer
 LINK_X_FM_IN_FULL_TO_PART      23622320848 :  [0,1,1,1]
    FM_FULL        <151> ( L,U8b)[ 1, 1,    0, 1]: MSMC( 0),   576,   463,   256,147478,[  0,  0],18626a |||| FM_IN_PART     <154> (PP,U8b)[ 1, 1,    0, 1]:  L2( 0),   588,   588,   256,150528,[     0,     0],    80
     Src_Flow [     0,     1,     1,     1] [     0,     0,     0]***[   463,   256,     1,     1] [   576,   463,147456]***[     0,     1,     1,     1] [     0,     0,     0]***[2]
     Snk_Flow [     0,     1,     1,     1] [     0,     0,     0]***[   463,   256,     1,     1] [   588, 75264,     0]***[     0,     1,     1,     1] [     0,     0,     0]***[2]
 LINK_P                         23756538576 :  [1,1,1,1]
    FM_IN_PART     <154> (PP,U8b)[ 1, 1,    0, 1]:  L2( 0),   588,   588,   256,150528,[  0,  0],    80 |||| FM_FULL        <153> ( L,U8b)[ 1, 1,    0, 1]: MSMC( 0),   576,   463,   256,147478,[    22,     0],1f226a
     Src_Flow [     0,     1,     1,     1] [     0,     0,     0]***[   463,   256,     1,     1] [   588, 75264,     0]***[     0,     1,     1,     1] [     0,     0,     0]***[2]
     Snk_Flow [     0,     1,     1,     1] [     0,     0,     0]***[   420,   256,     1,     1] [   576,   420,147456]***[     0,     1,     1,     1] [     0,     0,     0]***[2]
Padding Info [Row, Col]: Actual  IN -> OUT : [ 1,  1] -> [ 1,  1],  To fill zero OUT: [ 1,  1], Virtual Pad(T,L,B,R): [ 0,  0,  0,  0]

 ------------- 46( 0, 46, 0, 2, 0) [256 x 20 x  20] => [256 x 20 x  20] | TIDL_PoolingLayer
 LINK_X_FM_IN_FULL_TO_PART      24159191776 :  [0,1,1,1]
    FM_FULL        <153> ( L,U8b)[ 1, 1,    0, 1]: MSMC( 0),   576,   463,   256,147478,[  0,  0],1f226a |||| FM_IN_PART     <156> (PP,U8b)[ 1, 1,    0, 1]:  L2( 0),   588,   588,   256,150528,[     0,     0],    80
     Src_Flow [     0,     1,     1,     1] [     0,     0,     0]***[   463,   256,     1,     1] [   576,   463,147456]***[     0,     1,     1,     1] [     0,     0,     0]***[2]
     Snk_Flow [     0,     1,     1,     1] [     0,     0,     0]***[   463,   256,     1,     1] [   588, 75264,     0]***[     0,     1,     1,     1] [     0,     0,     0]***[2]
 LINK_P                         24293409504 :  [1,1,1,1]
    FM_IN_PART     <156> (PP,U8b)[ 1, 1,    0, 1]:  L2( 0),   588,   588,   256,150528,[  0,  0],    80 |||| FM_FULL        <155> ( L,U8b)[ 1, 1,    0, 1]: MSMC( 0),   576,   463,   256,147478,[    22,     0],18626a
     Src_Flow [     0,     1,     1,     1] [     0,     0,     0]***[   463,   256,     1,     1] [   588, 75264,     0]***[     0,     1,     1,     1] [     0,     0,     0]***[2]
     Snk_Flow [     0,     1,     1,     1] [     0,     0,     0]***[   420,   256,     1,     1] [   576,   420,147456]***[     0,     1,     1,     1] [     0,     0,     0]***[2]
Padding Info [Row, Col]: Actual  IN -> OUT : [ 1,  1] -> [ 1,  1],  To fill zero OUT: [ 1,  1], Virtual Pad(T,L,B,R): [ 0,  0,  0,  0]

 ------------- 47( 0, 47, 0, 2, 0) [256 x 20 x  20] => [256 x 20 x  20] | TIDL_PoolingLayer
 LINK_X_FM_IN_FULL_TO_PART      24696062704 :  [0,1,1,1]
    FM_FULL        <155> ( L,U8b)[ 1, 1,    0, 1]: MSMC( 0),   576,   463,   256,147478,[  0,  0],18626a |||| FM_IN_PART     <158> (PP,U8b)[ 1, 1,    0, 1]:  L2( 0),   588,   588,   256,150528,[     0,     0],    80
     Src_Flow [     0,     1,     1,     1] [     0,     0,     0]***[   463,   256,     1,     1] [   576,   463,147456]***[     0,     1,     1,     1] [     0,     0,     0]***[2]
     Snk_Flow [     0,     1,     1,     1] [     0,     0,     0]***[   463,   256,     1,     1] [   588, 75264,     0]***[     0,     1,     1,     1] [     0,     0,     0]***[2]
 LINK_P                         24830280432 :  [1,1,1,1]
    FM_IN_PART     <158> (PP,U8b)[ 1, 1,    0, 1]:  L2( 0),   588,   588,   256,150528,[  0,  0],    80 |||| FM_FULL        <157> ( L,U8b)[ 1, 1,    0, 1]: MSMC( 0),   576,   463,   256,147478,[    22,     0],2162ea
     Src_Flow [     0,     1,     1,     1] [     0,     0,     0]***[   463,   256,     1,     1] [   588, 75264,     0]***[     0,     1,     1,     1] [     0,     0,     0]***[2]
     Snk_Flow [     0,     1,     1,     1] [     0,     0,     0]***[   420,   256,     1,     1] [   576,   420,147456]***[     0,     1,     1,     1] [     0,     0,     0]***[2]
Padding Info [Row, Col]: Actual  IN -> OUT : [ 1,  1] -> [ 1,  1],  To fill zero OUT: [ 0,  0], Virtual Pad(T,L,B,R): [ 0,  0,  0,  0]

 ------------- 48( 0, 48, 0, 5, 0) [1024 x 20 x  20] => [1024 x 20 x  20] | TIDL_ConcatLayer
 LINK_X_FM_IN_FULL_TO_PART      22011708160 :  [0,1,1,1]
    FM_FULL        <143> ( L,U8b)[ 1, 1,    0, 1]: MSMC( 0),   576,   463,   256,147478,[ 22,  0],1621ea |||| FM_IN_PART     <160> (PP,U8b)[ 1, 1,    0, 1]:  L2( 0),   588,   588,   512,301056,[     0,     0],     0
     Src_Flow [     0,     1,     1,     1] [     0,     0,     0]***[   420,   256,     1,     1] [   576,   420,147456]***[     0,     1,     1,     1] [     0,     0,     0]***[2]
     Snk_Flow [     0,     1,     1,     1] [     0,     0,     0]***[   420,   256,     1,     1] [   588,150528,     0]***[     0,     1,     1,     1] [     0,     0,     0]***[2]
 LINK_X_FM_IN_FULL_TO_PART      23085449984 :  [1,1,1,1]
    FM_FULL        <149> ( L,U8b)[ 1, 1,    0, 1]: MSMC( 0),   576,   463,   256,147478,[ 22,  0], d20ea |||| FM_IN_PART     <160> (PP,U8b)[ 1, 1,    0, 1]:  L2( 0),   588,   588,   512,301056,[150528,     0],     0
     Src_Flow [     0,     1,     1,     1] [     0,     0,     0]***[   420,   256,     1,     1] [   576,   420,147456]***[     0,     1,     1,     1] [     0,     0,     0]***[2]
     Snk_Flow [     0,     1,     1,     1] [     0,     0,     0]***[   420,   256,     1,     1] [   588,-150528,     0]***[     0,     1,     1,     1] [     0,     0,     0]***[2]
 LINK_X_FM_IN_FULL_TO_PART      24159191808 :  [2,1,1,1]
    FM_FULL        <153> ( L,U8b)[ 1, 1,    0, 1]: MSMC( 0),   576,   463,   256,147478,[ 22,  0],1f226a |||| FM_IN_PART     <160> (PP,U8b)[ 1, 1,    0, 1]:  L2( 0),   588,   588,   512,301056,[     0,     0],     0
     Src_Flow [     0,     1,     1,     1] [     0,     0,     0]***[   420,   256,     1,     1] [   576,   420,147456]***[     0,     1,     1,     1] [     0,     0,     0]***[2]
     Snk_Flow [     0,     1,     1,     1] [     0,     0,     0]***[   420,   256,     1,     1] [   588,150528,     0]***[     0,     1,     1,     1] [     0,     0,     0]***[2]
 LINK_X_FM_IN_FULL_TO_PART      25232933632 :  [3,1,1,1]
    FM_FULL        <157> ( L,U8b)[ 1, 1,    0, 1]: MSMC( 0),   576,   463,   256,147478,[ 22,  0],2162ea |||| FM_IN_PART     <160> (PP,U8b)[ 1, 1,    0, 1]:  L2( 0),   588,   588,   512,301056,[150528,     0],     0
     Src_Flow [     0,     1,     1,     1] [     0,     0,     0]***[   420,   256,     1,     1] [   576,   420,147456]***[     0,     1,     1,     1] [     0,     0,     0]***[2]
     Snk_Flow [     0,     1,     1,     1] [     0,     0,     0]***[   420,   256,     1,     1] [   588,-150528,     0]***[     0,     1,     1,     1] [     0,     0,     0]***[2]
 LINK_P                         22145925888 :  [1,1,1,1]
    FM_IN_PART     <160> (PP,U8b)[ 1, 1,    0, 1]:  L2( 0),   588,   588,   512,301056,[  0,  0],     0 |||| FM_FULL        <159> ( L,U8b)[ 1, 1,    0, 1]: MSMC( 0),   576,   463,  1024,589846,[    22,     0],1621ea
     Src_Flow [     0,     1,     1,     1] [     0,     0,     0]***[   420,   256,     1,     1] [   588,150528,     0]***[     0,     1,     1,     1] [     0,     0,     0]***[2]
     Snk_Flow [     0,     1,     1,     1] [     0,     0,     0]***[   420,   256,     1,     1] [   576,   420,147456]***[     0,     1,     1,     1] [     0,     0,     0]***[2]
 LINK_P                         23219667712 :  [2,1,1,1]
    FM_IN_PART     <160> (PP,U8b)[ 1, 1,    0, 1]:  L2( 0),   588,   588,   512,301056,[150528,  0],     0 |||| FM_FULL        <159> ( L,U8b)[ 1, 1,    0, 1]: MSMC( 0),   576,   463,  1024,589846,[147478,     0],1621ea
     Src_Flow [     0,     1,     1,     1] [     0,     0,     0]***[   420,   256,     1,     1] [   588,-150528,     0]***[     0,     1,     1,     1] [     0,     0,     0]***[2]
     Snk_Flow [     0,     1,     1,     1] [     0,     0,     0]***[   420,   256,     1,     1] [   576,   420,147456]***[     0,     1,     1,     1] [     0,     0,     0]***[2]
 LINK_P                         24293409536 :  [3,1,1,1]
    FM_IN_PART     <160> (PP,U8b)[ 1, 1,    0, 1]:  L2( 0),   588,   588,   512,301056,[  0,  0],     0 |||| FM_FULL        <159> ( L,U8b)[ 1, 1,    0, 1]: MSMC( 0),   576,   463,  1024,589846,[294934,     0],1621ea
     Src_Flow [     0,     1,     1,     1] [     0,     0,     0]***[   420,   256,     1,     1] [   588,150528,     0]***[     0,     1,     1,     1] [     0,     0,     0]***[2]
     Snk_Flow [     0,     1,     1,     1] [     0,     0,     0]***[   420,   256,     1,     1] [   576,   420,147456]***[     0,     1,     1,     1] [     0,     0,     0]***[2]
 LINK_P                         25367151360 :  [4,1,1,1]
    FM_IN_PART     <160> (PP,U8b)[ 1, 1,    0, 1]:  L2( 0),   588,   588,   512,301056,[150528,  0],     0 |||| FM_FULL        <159> ( L,U8b)[ 1, 1,    0, 1]: MSMC( 0),   576,   463,  1024,589846,[442390,     0],1621ea
     Src_Flow [     0,     1,     1,     1] [     0,     0,     0]***[   420,   256,     1,     1] [   588,-150528,     0]***[     0,     1,     1,     1] [     0,     0,     0]***[2]
     Snk_Flow [     0,     1,     1,     1] [     0,     0,     0]***[   420,   256,     1,     1] [   576,   420,147456]***[     0,     1,     1,     1] [     0,     0,     0]***[2]
Padding Info [Row, Col]: Actual  IN -> OUT : [ 1,  1] -> [ 1,  1],  To fill zero OUT: [ 0,  0], Virtual Pad(T,L,B,R): [ 0,  0,  0,  0]

 ------------- 49( 0, 49, 0, 65, 0) [1024 x 20 x  20] => [512 x 20 x  20] | TIDL_ConvolutionLayer
 LINK_X_FM_IN_FULL_TO_PART      25769804560 :  [1,7,1,8]
    FM_FULL        <159> ( L,U8b)[ 7, 1,    0, 8]: MSMC( 0),   576,   463,  1024,589846,[ 22,  0],1621ea |||| FM_IN_PART     <162> ( L,U8b)[ 7, 1,    0, 8]:  L2( 0),   192,   192,  1024,196864,[     0,     0],     0
     Src_Flow [     0,     1,     1,     1] [     0,     0,     0]***[    64,  1024,     6,     1] [   576,    64,589824]***[    36,  1024,     1,     1] [   576,    64,     0]***[2]
     Snk_Flow [     0,     1,     1,     1] [     0,     0,     0]***[    64,  1024,     6,     1] [   192,    64,     0]***[    36,  1024,     1,     1] [   192,    64,     0]***[2]
 LINK_X_COEFF_IN_FULL_TO_STAGE  25803358992 :  [0,1,1,8]
    COEFF_FULL     <163> ( L,S8b)[ 1, 1,    0, 8]: DDR_PERSIST( 0),  1025,  1025,   512,524800,[  0,  0],263080 |||| COEFF_IN_STAGE <164> ( L,S8b)[ 1, 1,    0, 8]: MSMC( 0),  1088,  1025,   512,557056,[     0,     0],1f2200
     Src_Flow [     0,     1,     1,     1] [     0,     0,     0]***[  1025,   512,     1,     1] [  1025,  1025,     0]***[     0,     1,     1,     1] [     0,     0,     0]***[2]
     Snk_Flow [     0,     1,     1,     1] [     0,     0,     0]***[  1025,   512,     1,     1] [  1088,  1025,557056]***[     0,     1,     1,     1] [     0,     0,     0]***[2]
 LINK_X_COEFF_IN_ANY_TO_FINAL   25820136208 :  [8,8,7,1]
    COEFF_IN_STAGE <164> ( L,S8b)[ 8, 7,    0, 1]: MSMC( 0),  1088,  1025,   512,557056,[  0,  0],1f2200 |||| COEFF_IN_FINAL <165> (PP,S8b)[ 8, 7,    0, 1]:  L2( 0),  1088,  1025,   128,139264,[     0,     0], 30100
     Src_Flow [     0,     1,     1,     1] [     0,     0,     0]***[  1025,    64,     8,     1] [  1088, 69632,     0]***[     0,     1,     1,     1] [     0,     0,     0]***[2]
     Snk_Flow [     0,     1,     1,     1] [     0,     0,     0]***[  1025,    64,     2,     4] [  1088, 69632,     0]***[     0,     1,     1,     1] [     0,     0,     0]***[2]
 LINK_P                         25904022288 :  [9,56,1,1]
    FM_IN_PART     <162> ( L,U8b)[ 7, 1,    0, 8]:  L2( 0),   192,   192,  1024,196864,[  0,  0],     0 |||| FM_FULL        <161> ( L,U8b)[56, 1,    0, 1]: MSMC( 0),   576,   463,   512,294934,[    22,     0],27a26a
    COEFF_IN_FINAL  <165> (PP,S8b)[ 8, 7,    0, 1]:  L2( 0),  1088,  1025,   128,139264,[  0,  0], 30100
     Src_Flow [     0,     1,     1,     1] [     0,     0,     0]***[    64,  1024,     1,     6] [   192,     0,    64]***[    36,  1024,     1,     1] [   192,     0,     0]***[2]
    Src2_Flow [     0,     1,     1,     1] [     0,     0,     0]***[  1025,    64,     2,     4] [  1088, 69632,     0]***[     0,     1,     1,     1] [     0,     0,     0]***[2]
     Snk_Flow [     0,     1,     1,     1] [     0,     0,     0]***[    64,    64,     8,     7] [   576, 36864,    64]***[     0,     1,     1,     1] [     0,     0,     0]***[2]
Padding Info [Row, Col]: Actual  IN -> OUT : [ 1,  1] -> [ 1,  1],  To fill zero OUT: [ 0,  0], Virtual Pad(T,L,B,R): [ 0,  0,  0,  0]

 ------------- 50( 0, 50, 0, 3, 0) [512 x 20 x  20] => [256 x 20 x  20] | TIDL_ConvolutionLayer
 LINK_X_FM_IN_FULL_TO_PART      26306675488 :  [0,2,1,1]
    FM_FULL        <161> ( L,U8b)[ 2, 1,    0, 1]: MSMC( 0),   576,   463,   512,294934,[ 22,  0],27a26a |||| FM_IN_PART     <167> ( L,U8b)[ 2, 1,    0, 1]:  L2( 0),   576,   576,   512,294912,[     0,     0],     0
     Src_Flow [     0,     1,     1,     1] [     0,     0,     0]***[   256,   512,     1,     1] [   576,   256,294912]***[   164,   512,     1,     1] [   576,   256,     0]***[2]
     Snk_Flow [     0,     1,     1,     1] [     0,     0,     0]***[   256,   512,     1,     1] [   576,   256,     0]***[   164,   512,     1,     1] [   576,   256,     0]***[2]
 LINK_X_COEFF_IN_ANY_TO_FINAL   26357007136 :  [0,1,1,1]
    COEFF_FULL     <168> ( L,S8b)[ 1, 1,    0, 1]: DDR_PERSIST( 0),   513,   513,   256,131328,[  0,  0],2e3280 |||| COEFF_IN_FINAL <169> ( L,S8b)[ 1, 1,    0, 1]:  L2( 0),   576,   513,   256,147456,[     0,     0], 48000
     Src_Flow [     0,     1,     1,     1] [     0,     0,     0]***[   513,   256,     1,     1] [   513,   513,131328]***[     0,     1,     1,     1] [     0,     0,     0]***[2]
     Snk_Flow [     0,     1,     1,     1] [     0,     0,     0]***[   513,   256,     1,     1] [   576,   513,     0]***[     0,     1,     1,     1] [     0,     0,     0]***[2]
 LINK_P                         26440893216 :  [1,2,1,1]
    FM_IN_PART     <167> ( L,U8b)[ 2, 1,    0, 1]:  L2( 0),   576,   576,   512,294912,[  0,  0],     0 |||| FM_FULL        <166> ( L,U8b)[ 2, 1,    0, 1]: MSMC( 0),   576,   463,   256,147478,[    22,     0], d20ea
    COEFF_IN_FINAL  <169> ( L,S8b)[ 1, 1,    0, 1]:  L2( 0),   576,   513,   256,147456,[  0,  0], 48000
     Src_Flow [     0,     1,     1,     1] [     0,     0,     0]***[   256,   512,     1,     1] [   576,   256,     0]***[   164,   512,     1,     1] [   576,   256,     0]***[2]
    Src2_Flow [     0,     1,     1,     1] [     0,     0,     0]***[   513,   256,     1,     1] [   576,147456,     0]***[     0,     1,     1,     1] [     0,     0,     0]***[2]
     Snk_Flow [     0,     1,     1,     1] [     0,     0,     0]***[   256,   256,     1,     1] [   576,   256,147456]***[   164,   256,     1,     1] [   576,   256,     0]***[2]
Padding Info [Row, Col]: Actual  IN -> OUT : [ 1,  1] -> [ 1,  1],  To fill zero OUT: [ 0,  0], Virtual Pad(T,L,B,R): [ 0,  0,  0,  0]

 ------------- 51( 0, 52, 0, 2, 0) [256 x 20 x  20] => [256 x 20 x  20] | TIDL_ConvolutionLayer
 LINK_X_FM_IN_FULL_TO_PART      26843546432 :  [0,1,1,1]
    FM_FULL        <166> ( L,U8b)[ 1, 1,    0, 1]: MSMC( 0),   576,   463,   256,147478,[ 22,  0], d20ea |||| FM_IN_PART     <171> ( L,U8b)[ 1, 1,    0, 1]:  L2( 0),   448,   448,   256,114688,[     0,     0],     0
     Src_Flow [     0,     1,     1,     1] [     0,     0,     0]***[   420,   256,     1,     1] [   576,   420,147456]***[     0,     1,     1,     1] [     0,     0,     0]***[2]
     Snk_Flow [     0,     1,     1,     1] [     0,     0,     0]***[   420,   256,     1,     1] [   448,   420,     0]***[     0,     1,     1,     1] [     0,     0,     0]***[2]
 LINK_X_COEFF_IN_ANY_TO_FINAL   26893878080 :  [0,1,1,1]
    COEFF_FULL     <172> ( L,S8b)[ 1, 1,    0, 1]: DDR_PERSIST( 0),   257,   257,   256, 65792,[  0,  0],303380 |||| COEFF_IN_FINAL <173> ( L,S8b)[ 1, 1,    0, 1]:  L2( 0),   320,   257,   256, 81920,[     0,     0], 1c000
     Src_Flow [     0,     1,     1,     1] [     0,     0,     0]***[   257,   256,     1,     1] [   257,   257, 65792]***[     0,     1,     1,     1] [     0,     0,     0]***[2]
     Snk_Flow [     0,     1,     1,     1] [     0,     0,     0]***[   257,   256,     1,     1] [   320,   257,     0]***[     0,     1,     1,     1] [     0,     0,     0]***[2]
 LINK_P                         26977764160 :  [1,1,1,1]
    FM_IN_PART     <171> ( L,U8b)[ 1, 1,    0, 1]:  L2( 0),   448,   448,   256,114688,[  0,  0],     0 |||| FM_FULL        <170> ( L,U8b)[ 1, 1,    0, 1]: MSMC( 0),   576,   463,   256,147478,[    22,     0], d20ea
    COEFF_IN_FINAL  <173> ( L,S8b)[ 1, 1,    0, 1]:  L2( 0),   320,   257,   256, 81920,[  0,  0], 1c000
     Src_Flow [     0,     1,     1,     1] [     0,     0,     0]***[   420,   256,     1,     1] [   448,   420,     0]***[     0,     1,     1,     1] [     0,     0,     0]***[2]
    Src2_Flow [     0,     1,     1,     1] [     0,     0,     0]***[   257,   256,     1,     1] [   320, 81920,     0]***[     0,     1,     1,     1] [     0,     0,     0]***[2]
     Snk_Flow [     0,     1,     1,     1] [     0,     0,     0]***[   420,   256,     1,     1] [   576,   420,147456]***[     0,     1,     1,     1] [     0,     0,     0]***[2]
Padding Info [Row, Col]: Actual  IN -> OUT : [ 1,  1] -> [ 1,  1],  To fill zero OUT: [ 1,  1], Virtual Pad(T,L,B,R): [ 0,  0,  0,  0]

 ------------- 52( 0, 53, 0, 13, 0) [256 x 20 x  20] => [256 x 20 x  20] | TIDL_ConvolutionLayer
 LINK_X_FM_IN_FULL_TO_PART      27917288272 :  [1,2,1,4]
    FM_FULL        <170> ( L,U8b)[ 2, 1,    0, 4]: MSMC( 0),   576,   463,   256,147478,[  0,  0], d20ea |||| FM_IN_PART     <175> ( L,U8b)[ 2, 1,    0, 4]:  L2( 0),   576,   576,   256,147456,[     0,     0],     0
     Src_Flow [   320,   256,     1,     1] [   576,   320,     0]***[   143,   256,     1,     1] [   576,   256,     0]***[     0,     1,     1,     1] [     1,     1,     1]***[2]
     Snk_Flow [   320,   256,     1,     1] [   576,   320,     0]***[   143,   256,     1,     1] [   576,   256,     0]***[     0,     1,     1,     1] [     1,     1,     1]***[2]
 LINK_X_COEFF_IN_ANY_TO_FINAL   27967619920 :  [4,4,2,1]
    COEFF_IN_STAGE <177> ( L,S8b)[ 4, 2,    0, 1]: MSMC( 0),  2368,  2305,   256,606208,[  0,  0],5e9900 |||| COEFF_IN_FINAL <178> (PP,S8b)[ 4, 2,    0, 1]:  L2( 0),  2368,  2305,   128,303104,[     0,     0], 24000
     Src_Flow [     0,     1,     1,     1] [     0,     0,     0]***[  2305,    64,     4,     1] [  2368,151552,     0]***[     0,     1,     1,     1] [     0,     0,     0]***[2]
     Snk_Flow [     0,     1,     1,     1] [     0,     0,     0]***[  2305,    64,     2,     2] [  2368,151552,     0]***[     0,     1,     1,     1] [     0,     0,     0]***[2]
 LINK_P                         28051506000 :  [5,8,1,1]
    FM_IN_PART     <175> ( L,U8b)[ 2, 1,    0, 4]:  L2( 0),   576,   576,   256,147456,[  0,  0],     0 |||| FM_FULL        <174> ( L,U8b)[ 8, 1,    0, 1]: MSMC( 0),   576,   463,   256,147478,[    22,     0],1f61ea
    COEFF_IN_FINAL  <178> (PP,S8b)[ 4, 2,    0, 1]:  L2( 0),  2368,  2305,   128,303104,[  0,  0], 24000
     Src_Flow [     0,     1,     1,     1] [     0,     0,     0]***[   300,   256,     1,     1] [   576,   256,   256]***[   207,   256,     1,     1] [   576,     0,     0]***[2]
    Src2_Flow [     0,     1,     1,     1] [     0,     0,     0]***[  2305,    64,     2,     2] [  2368,151552,     0]***[     0,     1,     1,     1] [     0,     0,     0]***[2]
     Snk_Flow [     0,     1,     1,     1] [     0,     0,     0]***[   256,    64,     4,     2] [   576, 36864,   256]***[     0,     1,     1,     1] [     0,     0,     0]***[2]
Padding Info [Row, Col]: Actual  IN -> OUT : [ 1,  1] -> [ 1,  1],  To fill zero OUT: [ 0,  0], Virtual Pad(T,L,B,R): [ 0,  0,  0,  0]

 ------------- 53( 0, 51, 0, 3, 0) [512 x 20 x  20] => [256 x 20 x  20] | TIDL_ConvolutionLayer
 LINK_X_FM_IN_FULL_TO_PART      26306675504 :  [0,2,1,1]
    FM_FULL        <161> ( L,U8b)[ 2, 1,    0, 1]: MSMC( 0),   576,   463,   512,294934,[ 22,  0],27a26a |||| FM_IN_PART     <180> ( L,U8b)[ 2, 1,    0, 1]:  L2( 0),   576,   576,   512,294912,[     0,     0],     0
     Src_Flow [     0,     1,     1,     1] [     0,     0,     0]***[   256,   512,     1,     1] [   576,   256,294912]***[   164,   512,     1,     1] [   576,   256,     0]***[2]
     Snk_Flow [     0,     1,     1,     1] [     0,     0,     0]***[   256,   512,     1,     1] [   576,   256,     0]***[   164,   512,     1,     1] [   576,   256,     0]***[2]
 LINK_X_COEFF_IN_ANY_TO_FINAL   26357007152 :  [0,1,1,1]
    COEFF_FULL     <181> ( L,S8b)[ 1, 1,    0, 1]: DDR_PERSIST( 0),   513,   513,   256,131328,[  0,  0],3a3580 |||| COEFF_IN_FINAL <182> ( L,S8b)[ 1, 1,    0, 1]:  L2( 0),   576,   513,   256,147456,[     0,     0], 48000
     Src_Flow [     0,     1,     1,     1] [     0,     0,     0]***[   513,   256,     1,     1] [   513,   513,131328]***[     0,     1,     1,     1] [     0,     0,     0]***[2]
     Snk_Flow [     0,     1,     1,     1] [     0,     0,     0]***[   513,   256,     1,     1] [   576,   513,     0]***[     0,     1,     1,     1] [     0,     0,     0]***[2]
 LINK_P                         26440893232 :  [1,2,1,1]
    FM_IN_PART     <180> ( L,U8b)[ 2, 1,    0, 1]:  L2( 0),   576,   576,   512,294912,[  0,  0],     0 |||| FM_FULL        <179> ( L,U8b)[ 2, 1,    0, 1]: MSMC( 0),   576,   463,   256,147478,[    22,     0], d20ea
    COEFF_IN_FINAL  <182> ( L,S8b)[ 1, 1,    0, 1]:  L2( 0),   576,   513,   256,147456,[  0,  0], 48000
     Src_Flow [     0,     1,     1,     1] [     0,     0,     0]***[   256,   512,     1,     1] [   576,   256,     0]***[   164,   512,     1,     1] [   576,   256,     0]***[2]
    Src2_Flow [     0,     1,     1,     1] [     0,     0,     0]***[   513,   256,     1,     1] [   576,147456,     0]***[     0,     1,     1,     1] [     0,     0,     0]***[2]
     Snk_Flow [     0,     1,     1,     1] [     0,     0,     0]***[   256,   256,     1,     1] [   576,   256,147456]***[   164,   256,     1,     1] [   576,   256,     0]***[2]
Padding Info [Row, Col]: Actual  IN -> OUT : [ 1,  1] -> [ 1,  1],  To fill zero OUT: [ 0,  0], Virtual Pad(T,L,B,R): [ 0,  0,  0,  0]

 ------------- 54( 0, 54, 0, 3, 0) [512 x 20 x  20] => [512 x 20 x  20] | TIDL_ConcatLayer
 LINK_X_FM_IN_FULL_TO_PART      28454159200 :  [0,1,1,1]
    FM_FULL        <174> ( L,U8b)[ 1, 1,    0, 1]: MSMC( 0),   576,   463,   256,147478,[ 22,  0],1f61ea |||| FM_IN_PART     <184> (PP,U8b)[ 1, 1,    0, 1]:  L2( 0),   588,   588,   512,301056,[     0,     0],     0
     Src_Flow [     0,     1,     1,     1] [     0,     0,     0]***[   420,   256,     1,     1] [   576,   420,147456]***[     0,     1,     1,     1] [     0,     0,     0]***[2]
     Snk_Flow [     0,     1,     1,     1] [     0,     0,     0]***[   420,   256,     1,     1] [   588,150528,     0]***[     0,     1,     1,     1] [     0,     0,     0]***[2]
 LINK_X_FM_IN_FULL_TO_PART      27380417376 :  [1,1,1,1]
    FM_FULL        <179> ( L,U8b)[ 1, 1,    0, 1]: MSMC( 0),   576,   463,   256,147478,[ 22,  0], d20ea |||| FM_IN_PART     <184> (PP,U8b)[ 1, 1,    0, 1]:  L2( 0),   588,   588,   512,301056,[150528,     0],     0
     Src_Flow [     0,     1,     1,     1] [     0,     0,     0]***[   420,   256,     1,     1] [   576,   420,147456]***[     0,     1,     1,     1] [     0,     0,     0]***[2]
     Snk_Flow [     0,     1,     1,     1] [     0,     0,     0]***[   420,   256,     1,     1] [   588,-150528,     0]***[     0,     1,     1,     1] [     0,     0,     0]***[2]
 LINK_P                         28588376928 :  [1,1,1,1]
    FM_IN_PART     <184> (PP,U8b)[ 1, 1,    0, 1]:  L2( 0),   588,   588,   512,301056,[  0,  0],     0 |||| FM_FULL        <183> ( L,U8b)[ 1, 1,    0, 1]: MSMC( 0),   576,   463,   512,294934,[    22,     0],1621ea
     Src_Flow [     0,     1,     1,     1] [     0,     0,     0]***[   420,   256,     1,     1] [   588,150528,     0]***[     0,     1,     1,     1] [     0,     0,     0]***[2]
     Snk_Flow [     0,     1,     1,     1] [     0,     0,     0]***[   420,   256,     1,     1] [   576,   420,147456]***[     0,     1,     1,     1] [     0,     0,     0]***[2]
 LINK_P                         27514635104 :  [2,1,1,1]
    FM_IN_PART     <184> (PP,U8b)[ 1, 1,    0, 1]:  L2( 0),   588,   588,   512,301056,[150528,  0],     0 |||| FM_FULL        <183> ( L,U8b)[ 1, 1,    0, 1]: MSMC( 0),   576,   463,   512,294934,[147478,     0],1621ea
     Src_Flow [     0,     1,     1,     1] [     0,     0,     0]***[   420,   256,     1,     1] [   588,-150528,     0]***[     0,     1,     1,     1] [     0,     0,     0]***[2]
     Snk_Flow [     0,     1,     1,     1] [     0,     0,     0]***[   420,   256,     1,     1] [   576,   420,147456]***[     0,     1,     1,     1] [     0,     0,     0]***[2]
Padding Info [Row, Col]: Actual  IN -> OUT : [ 1,  1] -> [ 1,  1],  To fill zero OUT: [ 0,  0], Virtual Pad(T,L,B,R): [ 0,  0,  0,  0]

 ------------- 55( 0, 55, 0, 8, 0) [512 x 20 x  20] => [512 x 20 x  20] | TIDL_ConvolutionLayer
 LINK_X_FM_IN_FULL_TO_PART      28991030128 :  [0,7,1,1]
    FM_FULL        <183> ( L,U8b)[ 7, 1,    0, 1]: MSMC( 0),   576,   463,   512,294934,[ 22,  0],1621ea |||| FM_IN_PART     <186> ( L,U8b)[ 7, 1,    0, 1]:  L2( 0),   192,   192,   512, 98560,[     0,     0],     0
     Src_Flow [     0,     1,     1,     1] [     0,     0,     0]***[    64,   512,     6,     1] [   576,    64,294912]***[    36,   512,     1,     1] [   576,    64,     0]***[2]
     Snk_Flow [     0,     1,     1,     1] [     0,     0,     0]***[    64,   512,     6,     1] [   192,    64,     0]***[    36,   512,     1,     1] [   192,    64,     0]***[2]
 LINK_X_COEFF_IN_ANY_TO_FINAL   29041361776 :  [0,1,1,1]
    COEFF_FULL     <187> ( L,S8b)[ 1, 1,    0, 1]: DDR_PERSIST( 0),   513,   513,   512,262656,[  0,  0],3c3680 |||| COEFF_IN_FINAL <188> ( L,S8b)[ 1, 1,    0, 1]:  L2( 0),   576,   513,   512,294912,[     0,     0], 18100
     Src_Flow [     0,     1,     1,     1] [     0,     0,     0]***[   513,   512,     1,     1] [   513,   513,262656]***[     0,     1,     1,     1] [     0,     0,     0]***[2]
     Snk_Flow [     0,     1,     1,     1] [     0,     0,     0]***[   513,   512,     1,     1] [   576,   513,     0]***[     0,     1,     1,     1] [     0,     0,     0]***[2]
 LINK_P                         29125247856 :  [1,7,1,1]
    FM_IN_PART     <186> ( L,U8b)[ 7, 1,    0, 1]:  L2( 0),   192,   192,   512, 98560,[  0,  0],     0 |||| FM_FULL        <185> ( L,U8b)[ 7, 1,    0, 1]: MSMC( 0),   576,   463,   512,294934,[    22,     0],1aa26a
    COEFF_IN_FINAL  <188> ( L,S8b)[ 1, 1,    0, 1]:  L2( 0),   576,   513,   512,294912,[  0,  0], 18100
     Src_Flow [     0,     1,     1,     1] [     0,     0,     0]***[    64,   512,     6,     1] [   192,    64,     0]***[    36,   512,     1,     1] [   192,    64,     0]***[2]
    Src2_Flow [     0,     1,     1,     1] [     0,     0,     0]***[   513,   512,     1,     1] [   576,294912,     0]***[     0,     1,     1,     1] [     0,     0,     0]***[2]
     Snk_Flow [     0,     1,     1,     1] [     0,     0,     0]***[    64,   512,     6,     1] [   576,    64,294912]***[    36,   512,     1,     1] [   576,    64,     0]***[2]
Padding Info [Row, Col]: Actual  IN -> OUT : [ 1,  1] -> [ 1,  1],  To fill zero OUT: [ 0,  0], Virtual Pad(T,L,B,R): [ 0,  0,  0,  0]

 ------------- 56( 0, 56, 0, 3, 0) [512 x 20 x  20] => [256 x 20 x  20] | TIDL_ConvolutionLayer
 LINK_X_FM_IN_FULL_TO_PART      29527901056 :  [0,2,1,1]
    FM_FULL        <185> ( L,U8b)[ 2, 1,    0, 1]: MSMC( 0),   576,   463,   512,294934,[ 22,  0],1aa26a |||| FM_IN_PART     <190> ( L,U8b)[ 2, 1,    0, 1]:  L2( 0),   576,   576,   512,294912,[     0,     0],     0
     Src_Flow [     0,     1,     1,     1] [     0,     0,     0]***[   256,   512,     1,     1] [   576,   256,294912]***[   164,   512,     1,     1] [   576,   256,     0]***[2]
     Snk_Flow [     0,     1,     1,     1] [     0,     0,     0]***[   256,   512,     1,     1] [   576,   256,     0]***[   164,   512,     1,     1] [   576,   256,     0]***[2]
 LINK_X_COEFF_IN_ANY_TO_FINAL   29578232704 :  [0,1,1,1]
    COEFF_FULL     <191> ( L,S8b)[ 1, 1,    0, 1]: DDR_PERSIST( 0),   513,   513,   256,131328,[  0,  0],403880 |||| COEFF_IN_FINAL <192> ( L,S8b)[ 1, 1,    0, 1]:  L2( 0),   576,   513,   256,147456,[     0,     0], 48000
     Src_Flow [     0,     1,     1,     1] [     0,     0,     0]***[   513,   256,     1,     1] [   513,   513,131328]***[     0,     1,     1,     1] [     0,     0,     0]***[2]
     Snk_Flow [     0,     1,     1,     1] [     0,     0,     0]***[   513,   256,     1,     1] [   576,   513,     0]***[     0,     1,     1,     1] [     0,     0,     0]***[2]
 LINK_P                         29662118784 :  [1,2,1,1]
    FM_IN_PART     <190> ( L,U8b)[ 2, 1,    0, 1]:  L2( 0),   576,   576,   512,294912,[  0,  0],     0 |||| FM_FULL        <189> ( L,U8b)[ 2, 1,    0, 1]: MSMC( 0),   576,   463,   256,147478,[    22,     0], d20ea
    COEFF_IN_FINAL  <192> ( L,S8b)[ 1, 1,    0, 1]:  L2( 0),   576,   513,   256,147456,[  0,  0], 48000
     Src_Flow [     0,     1,     1,     1] [     0,     0,     0]***[   256,   512,     1,     1] [   576,   256,     0]***[   164,   512,     1,     1] [   576,   256,     0]***[2]
    Src2_Flow [     0,     1,     1,     1] [     0,     0,     0]***[   513,   256,     1,     1] [   576,147456,     0]***[     0,     1,     1,     1] [     0,     0,     0]***[2]
     Snk_Flow [     0,     1,     1,     1] [     0,     0,     0]***[   256,   256,     1,     1] [   576,   256,147456]***[   164,   256,     1,     1] [   576,   256,     0]***[2]
Padding Info [Row, Col]: Actual  IN -> OUT : [ 1,  1] -> [ 1,  1],  To fill zero OUT: [ 1,  1], Virtual Pad(T,L,B,R): [ 0,  0,  0,  0]

 ------------- 57( 0, 57, 0, 2, 0) [256 x 20 x  20] => [256 x 40 x  40] | TIDL_ResizeLayer
 LINK_X_FM_IN_FULL_TO_PART      30064771984 :  [0,1,1,1]
    FM_FULL        <189> ( L,U8b)[ 1, 1,    0, 1]: MSMC( 0),   576,   463,   256,147478,[  0,  0], d20ea |||| FM_IN_PART     <194> (PP,U8b)[ 1, 1,    0, 1]:  L2( 0),   588,   588,   256,150528,[     0,     0],     0
     Src_Flow [     0,     1,     1,     1] [     0,     0,     0]***[   463,   256,     1,     1] [   576,   463,147456]***[     0,     1,     1,     1] [     0,     0,     0]***[2]
     Snk_Flow [     0,     1,     1,     1] [     0,     0,     0]***[   463,   256,     1,     1] [   588, 75264,     0]***[     0,     1,     1,     1] [     0,     0,     0]***[2]
 LINK_P                         30198989712 :  [1,1,1,1]
    FM_IN_PART     <194> (PP,U8b)[ 1, 1,    0, 1]:  L2( 0),   588,   588,   256,150528,[  0,  0],     0 |||| FM_FULL        <193> ( L,U8b)[ 1, 1,    0, 1]: MSMC( 0),  1728,  1723,   256,442410,[    42,     0],1621d6
     Src_Flow [     0,     1,     1,     1] [     0,     0,     0]***[   463,   256,     1,     1] [   588, 75264,     0]***[     0,     1,     1,     1] [     0,     0,     0]***[2]
     Snk_Flow [     0,     1,     1,     1] [     0,     0,     0]***[  1722,   256,     1,     1] [  1728,  1722,442368]***[     0,     1,     1,     1] [     0,     0,     0]***[2]
Padding Info [Row, Col]: Actual  IN -> OUT : [ 1,  1] -> [ 1,  1],  To fill zero OUT: [ 0,  0], Virtual Pad(T,L,B,R): [ 0,  0,  0,  0]

 ------------- 58( 0, 58, 0, 5, 0) [512 x 40 x  40] => [512 x 40 x  40] | TIDL_ConcatLayer
 LINK_X_FM_IN_FULL_TO_PART      30601642912 :  [0,2,1,1]
    FM_FULL        <193> ( L,U8b)[ 2, 1,    0, 1]: MSMC( 0),  1728,  1723,   256,442410,[ 42,  0],1621d6 |||| FM_IN_PART     <196> (PP,U8b)[ 2, 1,    0, 1]:  L2( 0),  1763,  1763,   256,451328,[     0,     0],     0
     Src_Flow [     0,     1,     1,     1] [     0,     0,     0]***[  1640,   128,     2,     1] [  1728,221184,221184]***[     0,     1,     1,     1] [     0,     0,     0]***[2]
     Snk_Flow [     0,     1,     1,     1] [     0,     0,     0]***[  1640,   128,     2,     1] [  1763,225664,     0]***[     0,     1,     1,     1] [     0,     0,     0]***[2]
 LINK_X_FM_IN_FULL_TO_PART      20937966496 :  [2,2,1,1]
    FM_FULL        <133> ( L,U8b)[ 2, 1,    0, 1]: MSMC( 0),  1728,  1723,   256,442410,[ 42,  0], f6156 |||| FM_IN_PART     <196> (PP,U8b)[ 2, 1,    0, 1]:  L2( 0),  1763,  1763,   256,451328,[     0,     0],     0
     Src_Flow [     0,     1,     1,     1] [     0,     0,     0]***[  1640,   128,     2,     1] [  1728,221184,221184]***[     0,     1,     1,     1] [     0,     0,     0]***[2]
     Snk_Flow [     0,     1,     1,     1] [     0,     0,     0]***[  1640,   128,     2,     1] [  1763,225664,     0]***[     0,     1,     1,     1] [     0,     0,     0]***[2]
 LINK_P                         30735860640 :  [1,2,1,1]
    FM_IN_PART     <196> (PP,U8b)[ 2, 1,    0, 1]:  L2( 0),  1763,  1763,   256,451328,[  0,  0],     0 |||| FM_FULL        <195> ( L,U8b)[ 2, 1,    0, 1]: MSMC( 0),  1728,  1723,   512,884778,[    42,     0],1621d6
     Src_Flow [     0,     1,     1,     1] [     0,     0,     0]***[  1640,   128,     2,     1] [  1763,225664,     0]***[     0,     1,     1,     1] [     0,     0,     0]***[2]
     Snk_Flow [     0,     1,     1,     1] [     0,     0,     0]***[  1640,   128,     2,     1] [  1728,221184,221184]***[     0,     1,     1,     1] [     0,     0,     0]***[2]
 LINK_P                         21072184224 :  [3,2,1,1]
    FM_IN_PART     <196> (PP,U8b)[ 2, 1,    0, 1]:  L2( 0),  1763,  1763,   256,451328,[  0,  0],     0 |||| FM_FULL        <195> ( L,U8b)[ 2, 1,    0, 1]: MSMC( 0),  1728,  1723,   512,884778,[442410,     0],1621d6
     Src_Flow [     0,     1,     1,     1] [     0,     0,     0]***[  1640,   128,     2,     1] [  1763,225664,     0]***[     0,     1,     1,     1] [     0,     0,     0]***[2]
     Snk_Flow [     0,     1,     1,     1] [     0,     0,     0]***[  1640,   128,     2,     1] [  1728,221184,221184]***[     0,     1,     1,     1] [     0,     0,     0]***[2]
Padding Info [Row, Col]: Actual  IN -> OUT : [ 1,  1] -> [ 1,  1],  To fill zero OUT: [ 0,  0], Virtual Pad(T,L,B,R): [ 0,  0,  0,  0]

 ------------- 59( 0, 59, 0, 7, 0) [512 x 40 x  40] => [128 x 40 x  40] | TIDL_ConvolutionLayer
 LINK_X_FM_IN_FULL_TO_PART      31138513840 :  [0,6,1,1]
    FM_FULL        <195> ( L,U8b)[ 6, 1,    0, 1]: MSMC( 0),  1728,  1723,   512,884778,[ 42,  0],1621d6 |||| FM_IN_PART     <198> ( L,U8b)[ 6, 1,    0, 1]:  L2( 0),   704,   704,   512,361728,[     0,     0],     0
     Src_Flow [     0,     1,     1,     1] [     0,     0,     0]***[   320,   512,     5,     1] [  1728,   320,884736]***[    40,   512,     1,     1] [  1728,   320,     0]***[2]
     Snk_Flow [     0,     1,     1,     1] [     0,     0,     0]***[   320,   512,     5,     1] [   704,   320,     0]***[    40,   512,     1,     1] [   704,   320,     0]***[2]
 LINK_X_COEFF_IN_ANY_TO_FINAL   31188845488 :  [0,1,1,1]
    COEFF_FULL     <199> ( L,S8b)[ 1, 1,    0, 1]: DDR_PERSIST( 0),   513,   513,   128, 65664,[  0,  0],423980 |||| COEFF_IN_FINAL <200> ( L,S8b)[ 1, 1,    0, 1]:  L2( 0),   576,   513,   128, 73728,[     0,     0], 58500
     Src_Flow [     0,     1,     1,     1] [     0,     0,     0]***[   513,   128,     1,     1] [   513,   513, 65664]***[     0,     1,     1,     1] [     0,     0,     0]***[2]
     Snk_Flow [     0,     1,     1,     1] [     0,     0,     0]***[   513,   128,     1,     1] [   576,   513,     0]***[     0,     1,     1,     1] [     0,     0,     0]***[2]
 LINK_P                         31272731568 :  [1,6,1,1]
    FM_IN_PART     <198> ( L,U8b)[ 6, 1,    0, 1]:  L2( 0),   704,   704,   512,361728,[  0,  0],     0 |||| FM_FULL        <197> ( L,U8b)[ 6, 1,    0, 1]: MSMC( 0),  1728,  1723,   128,221226,[    42,     0], f6156
    COEFF_IN_FINAL  <200> ( L,S8b)[ 1, 1,    0, 1]:  L2( 0),   576,   513,   128, 73728,[  0,  0], 58500
     Src_Flow [     0,     1,     1,     1] [     0,     0,     0]***[   320,   512,     5,     1] [   704,   320,     0]***[    40,   512,     1,     1] [   704,   320,     0]***[2]
    Src2_Flow [     0,     1,     1,     1] [     0,     0,     0]***[   513,   128,     1,     1] [   576, 73728,     0]***[     0,     1,     1,     1] [     0,     0,     0]***[2]
     Snk_Flow [     0,     1,     1,     1] [     0,     0,     0]***[   320,   128,     5,     1] [  1728,   320,221184]***[    40,   128,     1,     1] [  1728,   320,     0]***[2]
Padding Info [Row, Col]: Actual  IN -> OUT : [ 1,  1] -> [ 1,  1],  To fill zero OUT: [ 0,  0], Virtual Pad(T,L,B,R): [ 0,  0,  0,  0]

 ------------- 60( 0, 61, 0, 2, 0) [128 x 40 x  40] => [128 x 40 x  40] | TIDL_ConvolutionLayer
 LINK_X_FM_IN_FULL_TO_PART      31675384784 :  [0,1,1,1]
    FM_FULL        <197> ( L,U8b)[ 1, 1,    0, 1]: MSMC( 0),  1728,  1723,   128,221226,[ 42,  0], f6156 |||| FM_IN_PART     <202> ( L,U8b)[ 1, 1,    0, 1]:  L2( 0),  1728,  1728,   128,221184,[     0,     0],     0
     Src_Flow [     0,     1,     1,     1] [     0,     0,     0]***[  1640,   128,     1,     1] [  1728,  1640,221184]***[     0,     1,     1,     1] [     0,     0,     0]***[2]
     Snk_Flow [     0,     1,     1,     1] [     0,     0,     0]***[  1640,   128,     1,     1] [  1728,  1640,     0]***[     0,     1,     1,     1] [     0,     0,     0]***[2]
 LINK_X_COEFF_IN_ANY_TO_FINAL   31725716432 :  [0,1,1,1]
    COEFF_FULL     <203> ( L,S8b)[ 1, 1,    0, 1]: DDR_PERSIST( 0),   129,   129,   128, 16512,[  0,  0],433a00 |||| COEFF_IN_FINAL <204> ( L,S8b)[ 1, 1,    0, 1]:  L2( 0),   192,   129,   128, 24576,[     0,     0], 36000
     Src_Flow [     0,     1,     1,     1] [     0,     0,     0]***[   129,   128,     1,     1] [   129,   129, 16512]***[     0,     1,     1,     1] [     0,     0,     0]***[2]
     Snk_Flow [     0,     1,     1,     1] [     0,     0,     0]***[   129,   128,     1,     1] [   192,   129,     0]***[     0,     1,     1,     1] [     0,     0,     0]***[2]
 LINK_P                         31809602512 :  [1,1,1,1]
    FM_IN_PART     <202> ( L,U8b)[ 1, 1,    0, 1]:  L2( 0),  1728,  1728,   128,221184,[  0,  0],     0 |||| FM_FULL        <201> ( L,U8b)[ 1, 1,    0, 1]: MSMC( 0),  1728,  1723,   128,221226,[    42,     0], f6156
    COEFF_IN_FINAL  <204> ( L,S8b)[ 1, 1,    0, 1]:  L2( 0),   192,   129,   128, 24576,[  0,  0], 36000
     Src_Flow [     0,     1,     1,     1] [     0,     0,     0]***[  1640,   128,     1,     1] [  1728,  1640,     0]***[     0,     1,     1,     1] [     0,     0,     0]***[2]
    Src2_Flow [     0,     1,     1,     1] [     0,     0,     0]***[   129,   128,     1,     1] [   192, 24576,     0]***[     0,     1,     1,     1] [     0,     0,     0]***[2]
     Snk_Flow [     0,     1,     1,     1] [     0,     0,     0]***[  1640,   128,     1,     1] [  1728,  1640,221184]***[     0,     1,     1,     1] [     0,     0,     0]***[2]
Padding Info [Row, Col]: Actual  IN -> OUT : [ 1,  1] -> [ 1,  1],  To fill zero OUT: [ 1,  1], Virtual Pad(T,L,B,R): [ 0,  0,  0,  0]

 ------------- 61( 0, 62, 0, 3, 0) [128 x 40 x  40] => [128 x 40 x  40] | TIDL_ConvolutionLayer
 LINK_X_FM_IN_FULL_TO_PART      32749126624 :  [0,2,1,1]
    FM_FULL        <201> ( L,U8b)[ 2, 1,    0, 1]: MSMC( 0),  1728,  1723,   128,221226,[  0,  0], f6156 |||| FM_IN_PART     <206> ( L,U8b)[ 2, 1,    0, 1]:  L2( 0),  2240,  2240,   128,286720,[     0,     0],     0
     Src_Flow [  1152,   128,     1,     1] [  1728,  1152,     0]***[   571,   128,     1,     1] [  1728,  1024,     0]***[     0,     1,     1,     1] [     1,     1,     1]***[2]
     Snk_Flow [  1152,   128,     1,     1] [  2240,  1152,     0]***[   571,   128,     1,     1] [  2240,  1024,     0]***[     0,     1,     1,     1] [     1,     1,     1]***[2]
 LINK_X_COEFF_IN_ANY_TO_FINAL   32799458272 :  [0,1,1,1]
    COEFF_FULL     <207> ( L,S8b)[ 1, 1,    0, 1]: DDR_PERSIST( 0),  1153,  1153,   128,147584,[  0,  0],437a80 |||| COEFF_IN_FINAL <208> ( L,S8b)[ 1, 1,    0, 1]:  L2( 0),  1216,  1153,   128,155648,[     0,     0], 46000
     Src_Flow [     0,     1,     1,     1] [     0,     0,     0]***[  1153,   128,     1,     1] [  1153,  1153,147584]***[     0,     1,     1,     1] [     0,     0,     0]***[2]
     Snk_Flow [     0,     1,     1,     1] [     0,     0,     0]***[  1153,   128,     1,     1] [  1216,  1153,     0]***[     0,     1,     1,     1] [     0,     0,     0]***[2]
 LINK_P                         32883344352 :  [1,2,1,1]
    FM_IN_PART     <206> ( L,U8b)[ 2, 1,    0, 1]:  L2( 0),  2240,  2240,   128,286720,[  0,  0],     0 |||| FM_FULL        <205> ( L,U8b)[ 2, 1,    0, 1]: MSMC( 0),  1728,  1723,   128,221226,[    42,     0], f6156
    COEFF_IN_FINAL  <208> ( L,S8b)[ 1, 1,    0, 1]:  L2( 0),  1216,  1153,   128,155648,[  0,  0], 46000
     Src_Flow [     0,     1,     1,     1] [     0,     0,     0]***[  1108,   128,     1,     1] [  2240,  1024,     0]***[   699,   128,     1,     1] [  2240,  1024,     0]***[2]
    Src2_Flow [     0,     1,     1,     1] [     0,     0,     0]***[  1153,   128,     1,     1] [  1216,155648,     0]***[     0,     1,     1,     1] [     0,     0,     0]***[2]
     Snk_Flow [     0,     1,     1,     1] [     0,     0,     0]***[  1024,   128,     1,     1] [  1728,  1024,221184]***[   615,   128,     1,     1] [  1728,  1024,     0]***[2]
Padding Info [Row, Col]: Actual  IN -> OUT : [ 1,  1] -> [ 1,  1],  To fill zero OUT: [ 0,  0], Virtual Pad(T,L,B,R): [ 0,  0,  0,  0]

 ------------- 62( 0, 60, 0, 7, 0) [512 x 40 x  40] => [128 x 40 x  40] | TIDL_ConvolutionLayer
 LINK_X_FM_IN_FULL_TO_PART      31138513856 :  [0,6,1,1]
    FM_FULL        <195> ( L,U8b)[ 6, 1,    0, 1]: MSMC( 0),  1728,  1723,   512,884778,[ 42,  0],1621d6 |||| FM_IN_PART     <210> ( L,U8b)[ 6, 1,    0, 1]:  L2( 0),   704,   704,   512,361728,[     0,     0],     0
     Src_Flow [     0,     1,     1,     1] [     0,     0,     0]***[   320,   512,     5,     1] [  1728,   320,884736]***[    40,   512,     1,     1] [  1728,   320,     0]***[2]
     Snk_Flow [     0,     1,     1,     1] [     0,     0,     0]***[   320,   512,     5,     1] [   704,   320,     0]***[    40,   512,     1,     1] [   704,   320,     0]***[2]
 LINK_X_COEFF_IN_ANY_TO_FINAL   31188845504 :  [0,1,1,1]
    COEFF_FULL     <211> ( L,S8b)[ 1, 1,    0, 1]: DDR_PERSIST( 0),   513,   513,   128, 65664,[  0,  0],45bb00 |||| COEFF_IN_FINAL <212> ( L,S8b)[ 1, 1,    0, 1]:  L2( 0),   576,   513,   128, 73728,[     0,     0], 58500
     Src_Flow [     0,     1,     1,     1] [     0,     0,     0]***[   513,   128,     1,     1] [   513,   513, 65664]***[     0,     1,     1,     1] [     0,     0,     0]***[2]
     Snk_Flow [     0,     1,     1,     1] [     0,     0,     0]***[   513,   128,     1,     1] [   576,   513,     0]***[     0,     1,     1,     1] [     0,     0,     0]***[2]
 LINK_P                         31272731584 :  [1,6,1,1]
    FM_IN_PART     <210> ( L,U8b)[ 6, 1,    0, 1]:  L2( 0),   704,   704,   512,361728,[  0,  0],     0 |||| FM_FULL        <209> ( L,U8b)[ 6, 1,    0, 1]: MSMC( 0),  1728,  1723,   128,221226,[    42,     0],12c1d6
    COEFF_IN_FINAL  <212> ( L,S8b)[ 1, 1,    0, 1]:  L2( 0),   576,   513,   128, 73728,[  0,  0], 58500
     Src_Flow [     0,     1,     1,     1] [     0,     0,     0]***[   320,   512,     5,     1] [   704,   320,     0]***[    40,   512,     1,     1] [   704,   320,     0]***[2]
    Src2_Flow [     0,     1,     1,     1] [     0,     0,     0]***[   513,   128,     1,     1] [   576, 73728,     0]***[     0,     1,     1,     1] [     0,     0,     0]***[2]
     Snk_Flow [     0,     1,     1,     1] [     0,     0,     0]***[   320,   128,     5,     1] [  1728,   320,221184]***[    40,   128,     1,     1] [  1728,   320,     0]***[2]
Padding Info [Row, Col]: Actual  IN -> OUT : [ 1,  1] -> [ 1,  1],  To fill zero OUT: [ 0,  0], Virtual Pad(T,L,B,R): [ 0,  0,  0,  0]

 ------------- 63( 0, 63, 0, 3, 0) [256 x 40 x  40] => [256 x 40 x  40] | TIDL_ConcatLayer
 LINK_X_FM_IN_FULL_TO_PART      33285997552 :  [0,1,1,1]
    FM_FULL        <205> ( L,U8b)[ 1, 1,    0, 1]: MSMC( 0),  1728,  1723,   128,221226,[ 42,  0], f6156 |||| FM_IN_PART     <214> (PP,U8b)[ 1, 1,    0, 1]:  L2( 0),  1763,  1763,   256,451328,[     0,     0],     0
     Src_Flow [     0,     1,     1,     1] [     0,     0,     0]***[  1640,   128,     1,     1] [  1728,  1640,221184]***[     0,     1,     1,     1] [     0,     0,     0]***[2]
     Snk_Flow [     0,     1,     1,     1] [     0,     0,     0]***[  1640,   128,     1,     1] [  1763,225664,     0]***[     0,     1,     1,     1] [     0,     0,     0]***[2]
 LINK_X_FM_IN_FULL_TO_PART      32212255728 :  [1,1,1,1]
    FM_FULL        <209> ( L,U8b)[ 1, 1,    0, 1]: MSMC( 0),  1728,  1723,   128,221226,[ 42,  0],12c1d6 |||| FM_IN_PART     <214> (PP,U8b)[ 1, 1,    0, 1]:  L2( 0),  1763,  1763,   256,451328,[225664,     0],     0
     Src_Flow [     0,     1,     1,     1] [     0,     0,     0]***[  1640,   128,     1,     1] [  1728,  1640,221184]***[     0,     1,     1,     1] [     0,     0,     0]***[2]
     Snk_Flow [     0,     1,     1,     1] [     0,     0,     0]***[  1640,   128,     1,     1] [  1763,-225664,     0]***[     0,     1,     1,     1] [     0,     0,     0]***[2]
 LINK_P                         33420215280 :  [1,1,1,1]
    FM_IN_PART     <214> (PP,U8b)[ 1, 1,    0, 1]:  L2( 0),  1763,  1763,   256,451328,[  0,  0],     0 |||| FM_FULL        <213> ( L,U8b)[ 1, 1,    0, 1]: MSMC( 0),  1728,  1723,   256,442410,[    42,     0],162256
     Src_Flow [     0,     1,     1,     1] [     0,     0,     0]***[  1640,   128,     1,     1] [  1763,225664,     0]***[     0,     1,     1,     1] [     0,     0,     0]***[2]
     Snk_Flow [     0,     1,     1,     1] [     0,     0,     0]***[  1640,   128,     1,     1] [  1728,  1640,221184]***[     0,     1,     1,     1] [     0,     0,     0]***[2]
 LINK_P                         32346473456 :  [2,1,1,1]
    FM_IN_PART     <214> (PP,U8b)[ 1, 1,    0, 1]:  L2( 0),  1763,  1763,   256,451328,[225664,  0],     0 |||| FM_FULL        <213> ( L,U8b)[ 1, 1,    0, 1]: MSMC( 0),  1728,  1723,   256,442410,[221226,     0],162256
     Src_Flow [     0,     1,     1,     1] [     0,     0,     0]***[  1640,   128,     1,     1] [  1763,-225664,     0]***[     0,     1,     1,     1] [     0,     0,     0]***[2]
     Snk_Flow [     0,     1,     1,     1] [     0,     0,     0]***[  1640,   128,     1,     1] [  1728,  1640,221184]***[     0,     1,     1,     1] [     0,     0,     0]***[2]
Padding Info [Row, Col]: Actual  IN -> OUT : [ 1,  1] -> [ 1,  1],  To fill zero OUT: [ 0,  0], Virtual Pad(T,L,B,R): [ 0,  0,  0,  0]

 ------------- 64( 0, 64, 0, 4, 0) [256 x 40 x  40] => [256 x 40 x  40] | TIDL_ConvolutionLayer
 LINK_X_FM_IN_FULL_TO_PART      33822868480 :  [0,3,1,1]
    FM_FULL        <213> ( L,U8b)[ 3, 1,    0, 1]: MSMC( 0),  1728,  1723,   256,442410,[ 42,  0],162256 |||| FM_IN_PART     <216> ( L,U8b)[ 3, 1,    0, 1]:  L2( 0),  1344,  1344,   256,344704,[     0,     0],     0
     Src_Flow [     0,     1,     1,     1] [     0,     0,     0]***[   640,   256,     2,     1] [  1728,   640,442368]***[   360,   256,     1,     1] [  1728,   640,     0]***[2]
     Snk_Flow [     0,     1,     1,     1] [     0,     0,     0]***[   640,   256,     2,     1] [  1344,   640,     0]***[   360,   256,     1,     1] [  1344,   640,     0]***[2]
 LINK_X_COEFF_IN_ANY_TO_FINAL   33873200128 :  [0,1,1,1]
    COEFF_FULL     <217> ( L,S8b)[ 1, 1,    0, 1]: DDR_PERSIST( 0),   257,   257,   256, 65792,[  0,  0],46bb80 |||| COEFF_IN_FINAL <218> ( L,S8b)[ 1, 1,    0, 1]:  L2( 0),   320,   257,   256, 81920,[     0,     0], 54280
     Src_Flow [     0,     1,     1,     1] [     0,     0,     0]***[   257,   256,     1,     1] [   257,   257, 65792]***[     0,     1,     1,     1] [     0,     0,     0]***[2]
     Snk_Flow [     0,     1,     1,     1] [     0,     0,     0]***[   257,   256,     1,     1] [   320,   257,     0]***[     0,     1,     1,     1] [     0,     0,     0]***[2]
 LINK_P                         33957086208 :  [1,3,1,1]
    FM_IN_PART     <216> ( L,U8b)[ 3, 1,    0, 1]:  L2( 0),  1344,  1344,   256,344704,[  0,  0],     0 |||| FM_FULL        <215> ( L,U8b)[ 3, 1,    0, 1]: MSMC( 0),  1728,  1723,   256,442410,[    42,     0], f6156
    COEFF_IN_FINAL  <218> ( L,S8b)[ 1, 1,    0, 1]:  L2( 0),   320,   257,   256, 81920,[  0,  0], 54280
     Src_Flow [     0,     1,     1,     1] [     0,     0,     0]***[   640,   256,     2,     1] [  1344,   640,     0]***[   360,   256,     1,     1] [  1344,   640,     0]***[2]
    Src2_Flow [     0,     1,     1,     1] [     0,     0,     0]***[   257,   256,     1,     1] [   320, 81920,     0]***[     0,     1,     1,     1] [     0,     0,     0]***[2]
     Snk_Flow [     0,     1,     1,     1] [     0,     0,     0]***[   640,   256,     2,     1] [  1728,   640,442368]***[   360,   256,     1,     1] [  1728,   640,     0]***[2]
Padding Info [Row, Col]: Actual  IN -> OUT : [ 1,  1] -> [ 1,  1],  To fill zero OUT: [ 0,  0], Virtual Pad(T,L,B,R): [ 0,  0,  0,  0]

 ------------- 65( 0, 65, 0, 4, 0) [256 x 40 x  40] => [128 x 40 x  40] | TIDL_ConvolutionLayer
 LINK_X_FM_IN_FULL_TO_PART      34359739408 :  [0,3,1,1]
    FM_FULL        <215> ( L,U8b)[ 3, 1,    0, 1]: MSMC( 0),  1728,  1723,   256,442410,[ 42,  0], f6156 |||| FM_IN_PART     <220> ( L,U8b)[ 3, 1,    0, 1]:  L2( 0),  1600,  1600,   256,410368,[     0,     0],     0
     Src_Flow [     0,     1,     1,     1] [     0,     0,     0]***[   768,   256,     2,     1] [  1728,   768,442368]***[   104,   256,     1,     1] [  1728,   768,     0]***[2]
     Snk_Flow [     0,     1,     1,     1] [     0,     0,     0]***[   768,   256,     2,     1] [  1600,   768,     0]***[   104,   256,     1,     1] [  1600,   768,     0]***[2]
 LINK_X_COEFF_IN_ANY_TO_FINAL   34410071056 :  [0,1,1,1]
    COEFF_FULL     <221> ( L,S8b)[ 1, 1,    0, 1]: DDR_PERSIST( 0),   257,   257,   128, 32896,[  0,  0],47bc80 |||| COEFF_IN_FINAL <222> ( L,S8b)[ 1, 1,    0, 1]:  L2( 0),   320,   257,   128, 40960,[     0,     0], 64300
     Src_Flow [     0,     1,     1,     1] [     0,     0,     0]***[   257,   128,     1,     1] [   257,   257, 32896]***[     0,     1,     1,     1] [     0,     0,     0]***[2]
     Snk_Flow [     0,     1,     1,     1] [     0,     0,     0]***[   257,   128,     1,     1] [   320,   257,     0]***[     0,     1,     1,     1] [     0,     0,     0]***[2]
 LINK_P                         34493957136 :  [1,3,1,1]
    FM_IN_PART     <220> ( L,U8b)[ 3, 1,    0, 1]:  L2( 0),  1600,  1600,   256,410368,[  0,  0],     0 |||| FM_FULL        <219> ( L,U8b)[ 3, 1,    0, 1]: MSMC( 0),  1728,  1723,   128,221226,[    42,     0], f6156
    COEFF_IN_FINAL  <222> ( L,S8b)[ 1, 1,    0, 1]:  L2( 0),   320,   257,   128, 40960,[  0,  0], 64300
     Src_Flow [     0,     1,     1,     1] [     0,     0,     0]***[   768,   256,     2,     1] [  1600,   768,     0]***[   104,   256,     1,     1] [  1600,   768,     0]***[2]
    Src2_Flow [     0,     1,     1,     1] [     0,     0,     0]***[   257,   128,     1,     1] [   320, 40960,     0]***[     0,     1,     1,     1] [     0,     0,     0]***[2]
     Snk_Flow [     0,     1,     1,     1] [     0,     0,     0]***[   768,   128,     2,     1] [  1728,   768,221184]***[   104,   128,     1,     1] [  1728,   768,     0]***[2]
Padding Info [Row, Col]: Actual  IN -> OUT : [ 1,  1] -> [ 1,  1],  To fill zero OUT: [ 1,  1], Virtual Pad(T,L,B,R): [ 0,  0,  0,  0]

 ------------- 66( 0, 66, 0, 2, 0) [128 x 40 x  40] => [128 x 80 x  80] | TIDL_ResizeLayer
 LINK_X_FM_IN_FULL_TO_PART      34896610336 :  [0,1,1,1]
    FM_FULL        <219> ( L,U8b)[ 1, 1,    0, 1]: MSMC( 0),  1728,  1723,   128,221226,[  0,  0], f6156 |||| FM_IN_PART     <224> (PP,U8b)[ 1, 1,    0, 1]:  L2( 0),  1763,  1763,   128,225664,[     0,     0],     0
     Src_Flow [     0,     1,     1,     1] [     0,     0,     0]***[  1723,   128,     1,     1] [  1728,  1723,221184]***[     0,     1,     1,     1] [     0,     0,     0]***[2]
     Snk_Flow [     0,     1,     1,     1] [     0,     0,     0]***[  1723,   128,     1,     1] [  1763,112832,     0]***[     0,     1,     1,     1] [     0,     0,     0]***[2]
 LINK_P                         35030828064 :  [1,1,1,1]
    FM_IN_PART     <224> (PP,U8b)[ 1, 1,    0, 1]:  L2( 0),  1763,  1763,   128,225664,[  0,  0],     0 |||| FM_FULL        <223> ( L,U8b)[ 1, 1,    0, 1]: MSMC( 0),  6720,  6643,   128,860242,[    82,     0],12c1ae
     Src_Flow [     0,     1,     1,     1] [     0,     0,     0]***[  1723,   128,     1,     1] [  1763,112832,     0]***[     0,     1,     1,     1] [     0,     0,     0]***[2]
     Snk_Flow [     0,     1,     1,     1] [     0,     0,     0]***[  6642,   128,     1,     1] [  6720,  6642,860160]***[     0,     1,     1,     1] [     0,     0,     0]***[2]
Padding Info [Row, Col]: Actual  IN -> OUT : [ 1,  1] -> [ 1,  1],  To fill zero OUT: [ 0,  0], Virtual Pad(T,L,B,R): [ 0,  0,  0,  0]

 ------------- 67( 0, 67, 0, 9, 0) [256 x 80 x  80] => [256 x 80 x  80] | TIDL_ConcatLayer
 LINK_X_FM_IN_FULL_TO_PART      35433481264 :  [0,4,1,1]
    FM_FULL        <223> ( L,U8b)[ 4, 1,    0, 1]: MSMC( 0),  6720,  6643,   128,860242,[ 82,  0],12c1ae |||| FM_IN_PART     <226> (PP,U8b)[ 4, 1,    0, 1]:  L2( 0),  6723,  6723,    64,430336,[     0,     0],     0
     Src_Flow [     0,     1,     1,     1] [     0,     0,     0]***[  6480,    32,     4,     1] [  6720,215040,215040]***[     0,     1,     1,     1] [     0,     0,     0]***[2]
     Snk_Flow [     0,     1,     1,     1] [     0,     0,     0]***[  6480,    32,     2,     2] [  6723,215136,     0]***[     0,     1,     1,     1] [     0,     0,     0]***[2]
 LINK_X_FM_IN_FULL_TO_PART      13421773872 :  [4,4,1,1]
    FM_FULL        <85> ( L,U8b)[ 4, 1,    0, 1]: MSMC( 0),  6720,  6643,   128,860242,[ 82,  0],    2e |||| FM_IN_PART     <226> (PP,U8b)[ 4, 1,    0, 1]:  L2( 0),  6723,  6723,    64,430336,[     0,     0],     0
     Src_Flow [     0,     1,     1,     1] [     0,     0,     0]***[  6480,    32,     4,     1] [  6720,215040,215040]***[     0,     1,     1,     1] [     0,     0,     0]***[2]
     Snk_Flow [     0,     1,     1,     1] [     0,     0,     0]***[  6480,    32,     2,     2] [  6723,215136,     0]***[     0,     1,     1,     1] [     0,     0,     0]***[2]
 LINK_P                         35567698992 :  [1,4,1,1]
    FM_IN_PART     <226> (PP,U8b)[ 4, 1,    0, 1]:  L2( 0),  6723,  6723,    64,430336,[  0,  0],     0 |||| FM_FULL        <225> ( L,U8b)[ 4, 1,    0, 1]: MSMC( 0),  6720,  6643,   256,1720402,[    82,     0],12c1ae
     Src_Flow [     0,     1,     1,     1] [     0,     0,     0]***[  6480,    32,     2,     2] [  6723,215136,     0]***[     0,     1,     1,     1] [     0,     0,     0]***[2]
     Snk_Flow [     0,     1,     1,     1] [     0,     0,     0]***[  6480,    32,     4,     1] [  6720,215040,215040]***[     0,     1,     1,     1] [     0,     0,     0]***[2]
 LINK_P                         13555991600 :  [5,4,1,1]
    FM_IN_PART     <226> (PP,U8b)[ 4, 1,    0, 1]:  L2( 0),  6723,  6723,    64,430336,[  0,  0],     0 |||| FM_FULL        <225> ( L,U8b)[ 4, 1,    0, 1]: MSMC( 0),  6720,  6643,   256,1720402,[860242,     0],12c1ae
     Src_Flow [     0,     1,     1,     1] [     0,     0,     0]***[  6480,    32,     2,     2] [  6723,215136,     0]***[     0,     1,     1,     1] [     0,     0,     0]***[2]
     Snk_Flow [     0,     1,     1,     1] [     0,     0,     0]***[  6480,    32,     4,     1] [  6720,215040,215040]***[     0,     1,     1,     1] [     0,     0,     0]***[2]
Padding Info [Row, Col]: Actual  IN -> OUT : [ 1,  1] -> [ 1,  1],  To fill zero OUT: [ 0,  0], Virtual Pad(T,L,B,R): [ 0,  0,  0,  0]

 ------------- 68( 0, 68, 0, 10, 0) [256 x 80 x  80] => [64 x 80 x  80] | TIDL_ConvolutionLayer
 LINK_X_FM_IN_FULL_TO_PART      35970352192 :  [0,9,1,1]
    FM_FULL        <225> ( L,U8b)[ 9, 1,    0, 1]: MSMC( 0),  6720,  6643,   256,1720402,[ 82,  0],12c1ae |||| FM_IN_PART     <228> ( L,U8b)[ 9, 1,    0, 1]:  L2( 0),  1600,  1600,   256,414976,[     0,     0],     0
     Src_Flow [     0,     1,     1,     1] [     0,     0,     0]***[   768,   256,     8,     1] [  6720,   768,1720320]***[   336,   256,     1,     1] [  6720,   768,     0]***[2]
     Snk_Flow [     0,     1,     1,     1] [     0,     0,     0]***[   768,   256,     8,     1] [  1600,   768,     0]***[   336,   256,     1,     1] [  1600,   768,     0]***[2]
 LINK_X_COEFF_IN_ANY_TO_FINAL   36020683840 :  [0,1,1,1]
    COEFF_FULL     <229> ( L,S8b)[ 1, 1,    0, 1]: DDR_PERSIST( 0),   257,   257,    64, 16512,[  0,  0],483d00 |||| COEFF_IN_FINAL <230> ( L,S8b)[ 1, 1,    0, 1]:  L2( 0),   320,   257,    64, 20480,[     0,     0], 65500
     Src_Flow [     0,     1,     1,     1] [     0,     0,     0]***[   257,    64,     1,     1] [   257,   257, 16448]***[     0,     1,     1,     1] [     0,     0,     0]***[2]
     Snk_Flow [     0,     1,     1,     1] [     0,     0,     0]***[   257,    64,     1,     1] [   320,   257,     0]***[     0,     1,     1,     1] [     0,     0,     0]***[2]
 LINK_P                         36104569920 :  [1,9,1,1]
    FM_IN_PART     <228> ( L,U8b)[ 9, 1,    0, 1]:  L2( 0),  1600,  1600,   256,414976,[  0,  0],     0 |||| FM_FULL        <227> ( L,U8b)[ 9, 1,    0, 1]: MSMC( 0),  6720,  6643,    64,430162,[    82,     0],    2e
    COEFF_IN_FINAL  <230> ( L,S8b)[ 1, 1,    0, 1]:  L2( 0),   320,   257,    64, 20480,[  0,  0], 65500
     Src_Flow [     0,     1,     1,     1] [     0,     0,     0]***[   768,   256,     8,     1] [  1600,   768,     0]***[   336,   256,     1,     1] [  1600,   768,     0]***[2]
    Src2_Flow [     0,     1,     1,     1] [     0,     0,     0]***[   257,    64,     1,     1] [   320, 20480,     0]***[     0,     1,     1,     1] [     0,     0,     0]***[2]
     Snk_Flow [     0,     1,     1,     1] [     0,     0,     0]***[   768,    64,     8,     1] [  6720,   768,430080]***[   336,    64,     1,     1] [  6720,   768,     0]***[2]
Padding Info [Row, Col]: Actual  IN -> OUT : [ 1,  1] -> [ 1,  1],  To fill zero OUT: [ 0,  0], Virtual Pad(T,L,B,R): [ 0,  0,  0,  0]

 ------------- 69( 0, 70, 0, 3, 0) [64 x 80 x  80] => [64 x 80 x  80] | TIDL_ConvolutionLayer
 LINK_X_FM_IN_FULL_TO_PART      36507223136 :  [0,2,1,1]
    FM_FULL        <227> ( L,U8b)[ 2, 1,    0, 1]: MSMC( 0),  6720,  6643,    64,430162,[ 82,  0],    2e |||| FM_IN_PART     <232> ( L,U8b)[ 2, 1,    0, 1]:  L2( 0),  6848,  6848,    64,438272,[     0,     0],     0
     Src_Flow [     0,     1,     1,     1] [     0,     0,     0]***[  3392,    64,     1,     1] [  6720,  3392,430080]***[  3088,    64,     1,     1] [  6720,  3392,     0]***[2]
     Snk_Flow [     0,     1,     1,     1] [     0,     0,     0]***[  3392,    64,     1,     1] [  6848,  3392,     0]***[  3088,    64,     1,     1] [  6848,  3392,     0]***[2]
 LINK_X_COEFF_IN_ANY_TO_FINAL   36557554784 :  [0,1,1,1]
    COEFF_FULL     <233> ( L,S8b)[ 1, 1,    0, 1]: DDR_PERSIST( 0),    65,    65,    64,  4224,[  0,  0],487d80 |||| COEFF_IN_FINAL <234> ( L,S8b)[ 1, 1,    0, 1]:  L2( 0),   192,    65,    64, 12288,[     0,     0], 6b000
     Src_Flow [     0,     1,     1,     1] [     0,     0,     0]***[    65,    64,     1,     1] [    65,    65,  4160]***[     0,     1,     1,     1] [     0,     0,     0]***[2]
     Snk_Flow [     0,     1,     1,     1] [     0,     0,     0]***[    65,    64,     1,     1] [   192,    65,     0]***[     0,     1,     1,     1] [     0,     0,     0]***[2]
 LINK_P                         36641440864 :  [1,2,1,1]
    FM_IN_PART     <232> ( L,U8b)[ 2, 1,    0, 1]:  L2( 0),  6848,  6848,    64,438272,[  0,  0],     0 |||| FM_FULL        <231> ( L,U8b)[ 2, 1,    0, 1]: MSMC( 0),  6720,  6643,    64,430162,[    82,     0],    2e
    COEFF_IN_FINAL  <234> ( L,S8b)[ 1, 1,    0, 1]:  L2( 0),   192,    65,    64, 12288,[  0,  0], 6b000
     Src_Flow [     0,     1,     1,     1] [     0,     0,     0]***[  3392,    64,     1,     1] [  6848,  3392,     0]***[  3088,    64,     1,     1] [  6848,  3392,     0]***[2]
    Src2_Flow [     0,     1,     1,     1] [     0,     0,     0]***[    65,    64,     1,     1] [   192, 12288,     0]***[     0,     1,     1,     1] [     0,     0,     0]***[2]
     Snk_Flow [     0,     1,     1,     1] [     0,     0,     0]***[  3392,    64,     1,     1] [  6720,  3392,430080]***[  3088,    64,     1,     1] [  6720,  3392,     0]***[2]
Padding Info [Row, Col]: Actual  IN -> OUT : [ 1,  1] -> [ 1,  1],  To fill zero OUT: [ 1,  1], Virtual Pad(T,L,B,R): [ 0,  0,  0,  0]

 ------------- 70( 0, 71, 0, 4, 0) [64 x 80 x  80] => [64 x 80 x  80] | TIDL_ConvolutionLayer
 LINK_X_FM_IN_FULL_TO_PART      37580964976 :  [0,3,1,1]
    FM_FULL        <231> ( L,U8b)[ 3, 1,    0, 1]: MSMC( 0),  6720,  6643,    64,430162,[  0,  0],    2e |||| FM_IN_PART     <236> ( L,U8b)[ 3, 1,    0, 1]:  L2( 0),  6336,  6336,    64,408576,[     0,     0],     0
     Src_Flow [  3264,    64,     1,     1] [  6720,  3264,     0]***[  3072,    64,     1,     1] [  6720,  3072,430080]***[   307,    64,     1,     1] [  6720,  3072,     0]***[2]
     Snk_Flow [  3264,    64,     1,     1] [  6336,  3264,     0]***[  3072,    64,     1,     1] [  6336,  3072,     0]***[   307,    64,     1,     1] [  6336,  3072,     0]***[2]
 LINK_X_COEFF_IN_ANY_TO_FINAL   37631296624 :  [0,1,1,1]
    COEFF_FULL     <237> ( L,S8b)[ 1, 1,    0, 1]: DDR_PERSIST( 0),   577,   577,    64, 36992,[  0,  0],488e00 |||| COEFF_IN_FINAL <238> ( L,S8b)[ 1, 1,    0, 1]:  L2( 0),   704,   577,    64, 45056,[     0,     0], 63c00
     Src_Flow [     0,     1,     1,     1] [     0,     0,     0]***[   577,    64,     1,     1] [   577,   577, 36928]***[     0,     1,     1,     1] [     0,     0,     0]***[2]
     Snk_Flow [     0,     1,     1,     1] [     0,     0,     0]***[   577,    64,     1,     1] [   704,   577,     0]***[     0,     1,     1,     1] [     0,     0,     0]***[2]
 LINK_P                         37715182704 :  [1,3,1,1]
    FM_IN_PART     <236> ( L,U8b)[ 3, 1,    0, 1]:  L2( 0),  6336,  6336,    64,408576,[  0,  0],     0 |||| FM_FULL        <235> ( L,U8b)[ 3, 1,    0, 1]: MSMC( 0),  6720,  6643,    64,430162,[    82,     0],    2e
    COEFF_IN_FINAL  <238> ( L,S8b)[ 1, 1,    0, 1]:  L2( 0),   704,   577,    64, 45056,[  0,  0], 63c00
     Src_Flow [     0,     1,     1,     1] [     0,     0,     0]***[  3236,    64,     2,     1] [  6336,  3072,     0]***[   499,    64,     1,     1] [  6336,  3072,     0]***[2]
    Src2_Flow [     0,     1,     1,     1] [     0,     0,     0]***[   577,    64,     1,     1] [   704, 45056,     0]***[     0,     1,     1,     1] [     0,     0,     0]***[2]
     Snk_Flow [     0,     1,     1,     1] [     0,     0,     0]***[  3072,    64,     2,     1] [  6720,  3072,430080]***[   335,    64,     1,     1] [  6720,  3072,     0]***[2]
Padding Info [Row, Col]: Actual  IN -> OUT : [ 1,  1] -> [ 1,  1],  To fill zero OUT: [ 0,  0], Virtual Pad(T,L,B,R): [ 0,  0,  0,  0]

 ------------- 71( 0, 69, 0, 10, 0) [256 x 80 x  80] => [64 x 80 x  80] | TIDL_ConvolutionLayer
 LINK_X_FM_IN_FULL_TO_PART      35970352208 :  [0,9,1,1]
    FM_FULL        <225> ( L,U8b)[ 9, 1,    0, 1]: MSMC( 0),  6720,  6643,   256,1720402,[ 82,  0],12c1ae |||| FM_IN_PART     <240> ( L,U8b)[ 9, 1,    0, 1]:  L2( 0),  1600,  1600,   256,414976,[     0,     0],     0
     Src_Flow [     0,     1,     1,     1] [     0,     0,     0]***[   768,   256,     8,     1] [  6720,   768,1720320]***[   336,   256,     1,     1] [  6720,   768,     0]***[2]
     Snk_Flow [     0,     1,     1,     1] [     0,     0,     0]***[   768,   256,     8,     1] [  1600,   768,     0]***[   336,   256,     1,     1] [  1600,   768,     0]***[2]
 LINK_X_COEFF_IN_ANY_TO_FINAL   36020683856 :  [0,1,1,1]
    COEFF_FULL     <241> ( L,S8b)[ 1, 1,    0, 1]: DDR_PERSIST( 0),   257,   257,    64, 16512,[  0,  0],491e80 |||| COEFF_IN_FINAL <242> ( L,S8b)[ 1, 1,    0, 1]:  L2( 0),   320,   257,    64, 20480,[     0,     0], 65500
     Src_Flow [     0,     1,     1,     1] [     0,     0,     0]***[   257,    64,     1,     1] [   257,   257, 16448]***[     0,     1,     1,     1] [     0,     0,     0]***[2]
     Snk_Flow [     0,     1,     1,     1] [     0,     0,     0]***[   257,    64,     1,     1] [   320,   257,     0]***[     0,     1,     1,     1] [     0,     0,     0]***[2]
 LINK_P                         36104569936 :  [1,9,1,1]
    FM_IN_PART     <240> ( L,U8b)[ 9, 1,    0, 1]:  L2( 0),  1600,  1600,   256,414976,[  0,  0],     0 |||| FM_FULL        <239> ( L,U8b)[ 9, 1,    0, 1]: MSMC( 0),  6720,  6643,    64,430162,[    82,     0],12c1ae
    COEFF_IN_FINAL  <242> ( L,S8b)[ 1, 1,    0, 1]:  L2( 0),   320,   257,    64, 20480,[  0,  0], 65500
     Src_Flow [     0,     1,     1,     1] [     0,     0,     0]***[   768,   256,     8,     1] [  1600,   768,     0]***[   336,   256,     1,     1] [  1600,   768,     0]***[2]
    Src2_Flow [     0,     1,     1,     1] [     0,     0,     0]***[   257,    64,     1,     1] [   320, 20480,     0]***[     0,     1,     1,     1] [     0,     0,     0]***[2]
     Snk_Flow [     0,     1,     1,     1] [     0,     0,     0]***[   768,    64,     8,     1] [  6720,   768,430080]***[   336,    64,     1,     1] [  6720,   768,     0]***[2]
Padding Info [Row, Col]: Actual  IN -> OUT : [ 1,  1] -> [ 1,  1],  To fill zero OUT: [ 0,  0], Virtual Pad(T,L,B,R): [ 0,  0,  0,  0]

 ------------- 72( 0, 72, 0, 5, 0) [128 x 80 x  80] => [128 x 80 x  80] | TIDL_ConcatLayer
 LINK_X_FM_IN_FULL_TO_PART      38117835904 :  [0,2,1,1]
    FM_FULL        <235> ( L,U8b)[ 2, 1,    0, 1]: MSMC( 0),  6720,  6643,    64,430162,[ 82,  0],    2e |||| FM_IN_PART     <244> (PP,U8b)[ 2, 1,    0, 1]:  L2( 0),  6723,  6723,    64,430336,[     0,     0],     0
     Src_Flow [     0,     1,     1,     1] [     0,     0,     0]***[  6480,    32,     2,     1] [  6720,215040,215040]***[     0,     1,     1,     1] [     0,     0,     0]***[2]
     Snk_Flow [     0,     1,     1,     1] [     0,     0,     0]***[  6480,    32,     2,     1] [  6723,215136,     0]***[     0,     1,     1,     1] [     0,     0,     0]***[2]
 LINK_X_FM_IN_FULL_TO_PART      37044094080 :  [2,2,1,1]
    FM_FULL        <239> ( L,U8b)[ 2, 1,    0, 1]: MSMC( 0),  6720,  6643,    64,430162,[ 82,  0],12c1ae |||| FM_IN_PART     <244> (PP,U8b)[ 2, 1,    0, 1]:  L2( 0),  6723,  6723,    64,430336,[     0,     0],     0
     Src_Flow [     0,     1,     1,     1] [     0,     0,     0]***[  6480,    32,     2,     1] [  6720,215040,215040]***[     0,     1,     1,     1] [     0,     0,     0]***[2]
     Snk_Flow [     0,     1,     1,     1] [     0,     0,     0]***[  6480,    32,     2,     1] [  6723,215136,     0]***[     0,     1,     1,     1] [     0,     0,     0]***[2]
 LINK_P                         38252053632 :  [1,2,1,1]
    FM_IN_PART     <244> (PP,U8b)[ 2, 1,    0, 1]:  L2( 0),  6723,  6723,    64,430336,[  0,  0],     0 |||| FM_FULL        <243> ( L,U8b)[ 2, 1,    0, 1]: MSMC( 0),  6720,  6643,   128,860242,[    82,     0],    2e
     Src_Flow [     0,     1,     1,     1] [     0,     0,     0]***[  6480,    32,     2,     1] [  6723,215136,     0]***[     0,     1,     1,     1] [     0,     0,     0]***[2]
     Snk_Flow [     0,     1,     1,     1] [     0,     0,     0]***[  6480,    32,     2,     1] [  6720,215040,215040]***[     0,     1,     1,     1] [     0,     0,     0]***[2]
 LINK_P                         37178311808 :  [3,2,1,1]
    FM_IN_PART     <244> (PP,U8b)[ 2, 1,    0, 1]:  L2( 0),  6723,  6723,    64,430336,[  0,  0],     0 |||| FM_FULL        <243> ( L,U8b)[ 2, 1,    0, 1]: MSMC( 0),  6720,  6643,   128,860242,[430162,     0],    2e
     Src_Flow [     0,     1,     1,     1] [     0,     0,     0]***[  6480,    32,     2,     1] [  6723,215136,     0]***[     0,     1,     1,     1] [     0,     0,     0]***[2]
     Snk_Flow [     0,     1,     1,     1] [     0,     0,     0]***[  6480,    32,     2,     1] [  6720,215040,215040]***[     0,     1,     1,     1] [     0,     0,     0]***[2]
Padding Info [Row, Col]: Actual  IN -> OUT : [ 1,  1] -> [ 1,  1],  To fill zero OUT: [ 0,  0], Virtual Pad(T,L,B,R): [ 0,  0,  0,  0]

 ------------- 73( 0, 73, 0, 6, 0) [128 x 80 x  80] => [128 x 80 x  80] | TIDL_ConvolutionLayer
 LINK_X_FM_IN_FULL_TO_PART      38654706832 :  [0,5,1,1]
    FM_FULL        <243> ( L,U8b)[ 5, 1,    0, 1]: MSMC( 0),  6720,  6643,   128,860242,[ 82,  0],    2e |||| FM_IN_PART     <246> ( L,U8b)[ 5, 1,    0, 1]:  L2( 0),  3264,  3264,   128,422528,[     0,     0],     0
     Src_Flow [     0,     1,     1,     1] [     0,     0,     0]***[  1600,   128,     4,     1] [  6720,  1600,860160]***[    80,   128,     1,     1] [  6720,  1600,     0]***[2]
     Snk_Flow [     0,     1,     1,     1] [     0,     0,     0]***[  1600,   128,     4,     1] [  3264,  1600,     0]***[    80,   128,     1,     1] [  3264,  1600,     0]***[2]
 LINK_X_COEFF_IN_ANY_TO_FINAL   38705038480 :  [0,1,1,1]
    COEFF_FULL     <247> ( L,S8b)[ 1, 1,    0, 1]: DDR_PERSIST( 0),   129,   129,   128, 16512,[  0,  0],495f00 |||| COEFF_IN_FINAL <248> ( L,S8b)[ 1, 1,    0, 1]:  L2( 0),   192,   129,   128, 24576,[     0,     0], 67280
     Src_Flow [     0,     1,     1,     1] [     0,     0,     0]***[   129,   128,     1,     1] [   129,   129, 16512]***[     0,     1,     1,     1] [     0,     0,     0]***[2]
     Snk_Flow [     0,     1,     1,     1] [     0,     0,     0]***[   129,   128,     1,     1] [   192,   129,     0]***[     0,     1,     1,     1] [     0,     0,     0]***[2]
 LINK_P                         38788924560 :  [1,5,1,1]
    FM_IN_PART     <246> ( L,U8b)[ 5, 1,    0, 1]:  L2( 0),  3264,  3264,   128,422528,[  0,  0],     0 |||| FM_FULL        <245> ( L,U8b)[ 5, 1,    0, 1]: MSMC( 0),  6720,  6643,   128,860242,[    82,     0],    2e
    COEFF_IN_FINAL  <248> ( L,S8b)[ 1, 1,    0, 1]:  L2( 0),   192,   129,   128, 24576,[  0,  0], 67280
     Src_Flow [     0,     1,     1,     1] [     0,     0,     0]***[  1600,   128,     4,     1] [  3264,  1600,     0]***[    80,   128,     1,     1] [  3264,  1600,     0]***[2]
    Src2_Flow [     0,     1,     1,     1] [     0,     0,     0]***[   129,   128,     1,     1] [   192, 24576,     0]***[     0,     1,     1,     1] [     0,     0,     0]***[2]
     Snk_Flow [     0,     1,     1,     1] [     0,     0,     0]***[  1600,   128,     4,     1] [  6720,  1600,860160]***[    80,   128,     1,     1] [  6720,  1600,     0]***[2]
Padding Info [Row, Col]: Actual  IN -> OUT : [ 1,  1] -> [ 1,  1],  To fill zero OUT: [ 1,  1], Virtual Pad(T,L,B,R): [ 0,  0,  0,  0]

 ------------- 74( 0, 74, 0, 8, 0) [128 x 80 x  80] => [128 x 40 x  40] | TIDL_ConvolutionLayer
 LINK_X_FM_IN_FULL_TO_PART      39191577760 :  [0,7,1,1]
    FM_FULL        <245> ( L,U8b)[ 7, 1,    0, 1]: MSMC( 0),  6720,  6643,   128,860242,[  0,  0],    2e |||| FM_IN_PART     <250> ( L,U8b)[ 7, 1,    0, 1]:  L2( 0),  2112,  2112,   128,275200,[     0,     0],     0
     Src_Flow [  1054,   128,     1,     1] [  6720,  1054,     0]***[   972,   128,     5,     1] [  6720,   972,860160]***[   648,   128,     1,     1] [  6720,   972,     0]***[2]
     Snk_Flow [  1054,   128,     1,     1] [  2112,  1054,     0]***[   972,   128,     5,     1] [  2112,   972,     0]***[   648,   128,     1,     1] [  2112,   972,     0]***[2]
 LINK_X_COEFF_IN_ANY_TO_FINAL   39241909408 :  [0,1,1,1]
    COEFF_FULL     <251> ( L,S8b)[ 1, 1,    0, 1]: DDR_PERSIST( 0),  1153,  1153,   128,147584,[  0,  0],499f80 |||| COEFF_IN_FINAL <252> ( L,S8b)[ 1, 1,    0, 1]:  L2( 0),  1216,  1153,   128,155648,[     0,     0], 43300
     Src_Flow [     0,     1,     1,     1] [     0,     0,     0]***[  1153,   128,     1,     1] [  1153,  1153,147584]***[     0,     1,     1,     1] [     0,     0,     0]***[2]
     Snk_Flow [     0,     1,     1,     1] [     0,     0,     0]***[  1153,   128,     1,     1] [  1216,  1153,     0]***[     0,     1,     1,     1] [     0,     0,     0]***[2]
 LINK_P                         39325795488 :  [1,7,1,1]
    FM_IN_PART     <250> ( L,U8b)[ 7, 1,    0, 1]:  L2( 0),  2112,  2112,   128,275200,[  0,  0],     0 |||| FM_FULL        <249> ( L,U8b)[ 7, 1,    0, 1]: MSMC( 0),  1728,  1601,   128,221184,[     0,     0],12c180
    COEFF_IN_FINAL  <252> ( L,S8b)[ 1, 1,    0, 1]:  L2( 0),  1216,  1153,   128,155648,[  0,  0], 43300
     Src_Flow [     0,     1,     1,     1] [     0,     0,     0]***[  1054,   128,     6,     1] [  2112,   972,     0]***[   730,   128,     1,     1] [  2112,   972,     0]***[2]
    Src2_Flow [     0,     1,     1,     1] [     0,     0,     0]***[  1153,   128,     1,     1] [  1216,155648,     0]***[     0,     1,     1,     1] [     0,     0,     0]***[2]
     Snk_Flow [     0,     1,     1,     1] [     0,     0,     0]***[   240,   128,     6,     1] [  1728,   240,221184]***[   160,   128,     1,     1] [  1728,   240,     0]***[2]
Padding Info [Row, Col]: Actual  IN -> OUT : [ 1,  1] -> [ 0,  0],  To fill zero OUT: [ 0,  0], Virtual Pad(T,L,B,R): [ 0,  0,  0,  0]

 ------------- 75( 0, 76, 0, 3, 0) [256 x 40 x  40] => [256 x 40 x  40] | TIDL_ConcatLayer
 LINK_X_FM_IN_FULL_TO_PART      39728448704 :  [0,1,1,1]
    FM_FULL        <249> ( L,U8b)[ 1, 1,    0, 1]: MSMC( 0),  1728,  1601,   128,221184,[  0,  0],12c180 |||| FM_IN_PART     <254> (PP,U8b)[ 1, 1,    0, 1]:  L2( 0),  1763,  1763,   256,451328,[     0,     0],     0
     Src_Flow [     0,     1,     1,     1] [     0,     0,     0]***[  1600,   128,     1,     1] [  1728,  1600,221184]***[     0,     1,     1,     1] [     0,     0,     0]***[2]
     Snk_Flow [     0,     1,     1,     1] [     0,     0,     0]***[  1600,   128,     1,     1] [  1763,225664,     0]***[     0,     1,     1,     1] [     0,     0,     0]***[2]
 LINK_X_FM_IN_FULL_TO_PART      34896610496 :  [1,1,1,1]
    FM_FULL        <219> ( L,U8b)[ 1, 1,    0, 1]: MSMC( 0),  1728,  1723,   128,221226,[ 42,  0], f6156 |||| FM_IN_PART     <254> (PP,U8b)[ 1, 1,    0, 1]:  L2( 0),  1763,  1763,   256,451328,[225664,     0],     0
     Src_Flow [     0,     1,     1,     1] [     0,     0,     0]***[  1640,   128,     1,     1] [  1728,  1640,221184]***[     0,     1,     1,     1] [     0,     0,     0]***[2]
     Snk_Flow [     0,     1,     1,     1] [     0,     0,     0]***[  1640,   128,     1,     1] [  1763,-225664,     0]***[     0,     1,     1,     1] [     0,     0,     0]***[2]
 LINK_P                         39862666432 :  [1,1,1,1]
    FM_IN_PART     <254> (PP,U8b)[ 1, 1,    0, 1]:  L2( 0),  1763,  1763,   256,451328,[  0,  0],     0 |||| FM_FULL        <253> ( L,U8b)[ 1, 1,    0, 1]: MSMC( 0),  1728,  1723,   256,442410,[    42,     0],1621d6
     Src_Flow [     0,     1,     1,     1] [     0,     0,     0]***[  1600,   128,     1,     1] [  1763,225664,     0]***[     0,     1,     1,     1] [     0,     0,     0]***[2]
     Snk_Flow [     0,     1,     1,     1] [     0,     0,     0]***[  1640,   128,     1,     1] [  1728,  1640,221184]***[     0,     1,     1,     1] [     0,     0,     0]***[2]
 LINK_P                         35030828224 :  [2,1,1,1]
    FM_IN_PART     <254> (PP,U8b)[ 1, 1,    0, 1]:  L2( 0),  1763,  1763,   256,451328,[225664,  0],     0 |||| FM_FULL        <253> ( L,U8b)[ 1, 1,    0, 1]: MSMC( 0),  1728,  1723,   256,442410,[221226,     0],1621d6
     Src_Flow [     0,     1,     1,     1] [     0,     0,     0]***[  1640,   128,     1,     1] [  1763,-225664,     0]***[     0,     1,     1,     1] [     0,     0,     0]***[2]
     Snk_Flow [     0,     1,     1,     1] [     0,     0,     0]***[  1640,   128,     1,     1] [  1728,  1640,221184]***[     0,     1,     1,     1] [     0,     0,     0]***[2]
Padding Info [Row, Col]: Actual  IN -> OUT : [ 1,  1] -> [ 1,  1],  To fill zero OUT: [ 0,  0], Virtual Pad(T,L,B,R): [ 0,  0,  0,  0]

 ------------- 76( 0, 79, 0, 4, 0) [256 x 40 x  40] => [128 x 40 x  40] | TIDL_ConvolutionLayer
 LINK_X_FM_IN_FULL_TO_PART      40802190576 :  [0,3,1,1]
    FM_FULL        <253> ( L,U8b)[ 3, 1,    0, 1]: MSMC( 0),  1728,  1723,   256,442410,[ 42,  0],1621d6 |||| FM_IN_PART     <256> ( L,U8b)[ 3, 1,    0, 1]:  L2( 0),  1600,  1600,   256,410368,[     0,     0],     0
     Src_Flow [     0,     1,     1,     1] [     0,     0,     0]***[   768,   256,     2,     1] [  1728,   768,442368]***[   104,   256,     1,     1] [  1728,   768,     0]***[2]
     Snk_Flow [     0,     1,     1,     1] [     0,     0,     0]***[   768,   256,     2,     1] [  1600,   768,     0]***[   104,   256,     1,     1] [  1600,   768,     0]***[2]
 LINK_X_COEFF_IN_ANY_TO_FINAL   40852522224 :  [0,1,1,1]
    COEFF_FULL     <257> ( L,S8b)[ 1, 1,    0, 1]: DDR_PERSIST( 0),   257,   257,   128, 32896,[  0,  0],4be000 |||| COEFF_IN_FINAL <258> ( L,S8b)[ 1, 1,    0, 1]:  L2( 0),   320,   257,   128, 40960,[     0,     0], 64300
     Src_Flow [     0,     1,     1,     1] [     0,     0,     0]***[   257,   128,     1,     1] [   257,   257, 32896]***[     0,     1,     1,     1] [     0,     0,     0]***[2]
     Snk_Flow [     0,     1,     1,     1] [     0,     0,     0]***[   257,   128,     1,     1] [   320,   257,     0]***[     0,     1,     1,     1] [     0,     0,     0]***[2]
 LINK_P                         40936408304 :  [1,3,1,1]
    FM_IN_PART     <256> ( L,U8b)[ 3, 1,    0, 1]:  L2( 0),  1600,  1600,   256,410368,[  0,  0],     0 |||| FM_FULL        <255> ( L,U8b)[ 3, 1,    0, 1]: MSMC( 0),  1728,  1723,   128,221226,[    42,     0], f6156
    COEFF_IN_FINAL  <258> ( L,S8b)[ 1, 1,    0, 1]:  L2( 0),   320,   257,   128, 40960,[  0,  0], 64300
     Src_Flow [     0,     1,     1,     1] [     0,     0,     0]***[   768,   256,     2,     1] [  1600,   768,     0]***[   104,   256,     1,     1] [  1600,   768,     0]***[2]
    Src2_Flow [     0,     1,     1,     1] [     0,     0,     0]***[   257,   128,     1,     1] [   320, 40960,     0]***[     0,     1,     1,     1] [     0,     0,     0]***[2]
     Snk_Flow [     0,     1,     1,     1] [     0,     0,     0]***[   768,   128,     2,     1] [  1728,   768,221184]***[   104,   128,     1,     1] [  1728,   768,     0]***[2]
Padding Info [Row, Col]: Actual  IN -> OUT : [ 1,  1] -> [ 1,  1],  To fill zero OUT: [ 0,  0], Virtual Pad(T,L,B,R): [ 0,  0,  0,  0]

 ------------- 77( 0, 83, 0, 2, 0) [128 x 40 x  40] => [128 x 40 x  40] | TIDL_ConvolutionLayer
 LINK_X_FM_IN_FULL_TO_PART      42412803376 :  [0,1,1,1]
    FM_FULL        <255> ( L,U8b)[ 1, 1,    0, 1]: MSMC( 0),  1728,  1723,   128,221226,[ 42,  0], f6156 |||| FM_IN_PART     <260> ( L,U8b)[ 1, 1,    0, 1]:  L2( 0),  1728,  1728,   128,221184,[     0,     0],     0
     Src_Flow [     0,     1,     1,     1] [     0,     0,     0]***[  1640,   128,     1,     1] [  1728,  1640,221184]***[     0,     1,     1,     1] [     0,     0,     0]***[2]
     Snk_Flow [     0,     1,     1,     1] [     0,     0,     0]***[  1640,   128,     1,     1] [  1728,  1640,     0]***[     0,     1,     1,     1] [     0,     0,     0]***[2]
 LINK_X_COEFF_IN_ANY_TO_FINAL   42463135024 :  [0,1,1,1]
    COEFF_FULL     <261> ( L,S8b)[ 1, 1,    0, 1]: DDR_PERSIST( 0),   129,   129,   128, 16512,[  0,  0],4c6080 |||| COEFF_IN_FINAL <262> ( L,S8b)[ 1, 1,    0, 1]:  L2( 0),   192,   129,   128, 24576,[     0,     0], 36000
     Src_Flow [     0,     1,     1,     1] [     0,     0,     0]***[   129,   128,     1,     1] [   129,   129, 16512]***[     0,     1,     1,     1] [     0,     0,     0]***[2]
     Snk_Flow [     0,     1,     1,     1] [     0,     0,     0]***[   129,   128,     1,     1] [   192,   129,     0]***[     0,     1,     1,     1] [     0,     0,     0]***[2]
 LINK_P                         42547021104 :  [1,1,1,1]
    FM_IN_PART     <260> ( L,U8b)[ 1, 1,    0, 1]:  L2( 0),  1728,  1728,   128,221184,[  0,  0],     0 |||| FM_FULL        <259> ( L,U8b)[ 1, 1,    0, 1]: MSMC( 0),  1728,  1723,   128,221226,[    42,     0], f6156
    COEFF_IN_FINAL  <262> ( L,S8b)[ 1, 1,    0, 1]:  L2( 0),   192,   129,   128, 24576,[  0,  0], 36000
     Src_Flow [     0,     1,     1,     1] [     0,     0,     0]***[  1640,   128,     1,     1] [  1728,  1640,     0]***[     0,     1,     1,     1] [     0,     0,     0]***[2]
    Src2_Flow [     0,     1,     1,     1] [     0,     0,     0]***[   129,   128,     1,     1] [   192, 24576,     0]***[     0,     1,     1,     1] [     0,     0,     0]***[2]
     Snk_Flow [     0,     1,     1,     1] [     0,     0,     0]***[  1640,   128,     1,     1] [  1728,  1640,221184]***[     0,     1,     1,     1] [     0,     0,     0]***[2]
Padding Info [Row, Col]: Actual  IN -> OUT : [ 1,  1] -> [ 1,  1],  To fill zero OUT: [ 1,  1], Virtual Pad(T,L,B,R): [ 0,  0,  0,  0]

 ------------- 78( 0, 87, 0, 3, 0) [128 x 40 x  40] => [128 x 40 x  40] | TIDL_ConvolutionLayer
 LINK_X_FM_IN_FULL_TO_PART      44560287088 :  [0,2,1,1]
    FM_FULL        <259> ( L,U8b)[ 2, 1,    0, 1]: MSMC( 0),  1728,  1723,   128,221226,[  0,  0], f6156 |||| FM_IN_PART     <264> ( L,U8b)[ 2, 1,    0, 1]:  L2( 0),  2240,  2240,   128,286720,[     0,     0],     0
     Src_Flow [  1152,   128,     1,     1] [  1728,  1152,     0]***[   571,   128,     1,     1] [  1728,  1024,     0]***[     0,     1,     1,     1] [     1,     1,     1]***[2]
     Snk_Flow [  1152,   128,     1,     1] [  2240,  1152,     0]***[   571,   128,     1,     1] [  2240,  1024,     0]***[     0,     1,     1,     1] [     1,     1,     1]***[2]
 LINK_X_COEFF_IN_ANY_TO_FINAL   44610618736 :  [0,1,1,1]
    COEFF_FULL     <265> ( L,S8b)[ 1, 1,    0, 1]: DDR_PERSIST( 0),  1153,  1153,   128,147584,[  0,  0],4ca100 |||| COEFF_IN_FINAL <266> ( L,S8b)[ 1, 1,    0, 1]:  L2( 0),  1216,  1153,   128,155648,[     0,     0], 46000
     Src_Flow [     0,     1,     1,     1] [     0,     0,     0]***[  1153,   128,     1,     1] [  1153,  1153,147584]***[     0,     1,     1,     1] [     0,     0,     0]***[2]
     Snk_Flow [     0,     1,     1,     1] [     0,     0,     0]***[  1153,   128,     1,     1] [  1216,  1153,     0]***[     0,     1,     1,     1] [     0,     0,     0]***[2]
 LINK_P                         44694504816 :  [1,2,1,1]
    FM_IN_PART     <264> ( L,U8b)[ 2, 1,    0, 1]:  L2( 0),  2240,  2240,   128,286720,[  0,  0],     0 |||| FM_FULL        <263> ( L,U8b)[ 2, 1,    0, 1]: MSMC( 0),  1728,  1723,   128,221226,[    42,     0], f6156
    COEFF_IN_FINAL  <266> ( L,S8b)[ 1, 1,    0, 1]:  L2( 0),  1216,  1153,   128,155648,[  0,  0], 46000
     Src_Flow [     0,     1,     1,     1] [     0,     0,     0]***[  1108,   128,     1,     1] [  2240,  1024,     0]***[   699,   128,     1,     1] [  2240,  1024,     0]***[2]
    Src2_Flow [     0,     1,     1,     1] [     0,     0,     0]***[  1153,   128,     1,     1] [  1216,155648,     0]***[     0,     1,     1,     1] [     0,     0,     0]***[2]
     Snk_Flow [     0,     1,     1,     1] [     0,     0,     0]***[  1024,   128,     1,     1] [  1728,  1024,221184]***[   615,   128,     1,     1] [  1728,  1024,     0]***[2]
Padding Info [Row, Col]: Actual  IN -> OUT : [ 1,  1] -> [ 1,  1],  To fill zero OUT: [ 0,  0], Virtual Pad(T,L,B,R): [ 0,  0,  0,  0]

 ------------- 79( 0, 80, 0, 4, 0) [256 x 40 x  40] => [128 x 40 x  40] | TIDL_ConvolutionLayer
 LINK_X_FM_IN_FULL_TO_PART      40802190592 :  [0,3,1,1]
    FM_FULL        <253> ( L,U8b)[ 3, 1,    0, 1]: MSMC( 0),  1728,  1723,   256,442410,[ 42,  0],1621d6 |||| FM_IN_PART     <268> ( L,U8b)[ 3, 1,    0, 1]:  L2( 0),  1600,  1600,   256,410368,[     0,     0],     0
     Src_Flow [     0,     1,     1,     1] [     0,     0,     0]***[   768,   256,     2,     1] [  1728,   768,442368]***[   104,   256,     1,     1] [  1728,   768,     0]***[2]
     Snk_Flow [     0,     1,     1,     1] [     0,     0,     0]***[   768,   256,     2,     1] [  1600,   768,     0]***[   104,   256,     1,     1] [  1600,   768,     0]***[2]
 LINK_X_COEFF_IN_ANY_TO_FINAL   40852522240 :  [0,1,1,1]
    COEFF_FULL     <269> ( L,S8b)[ 1, 1,    0, 1]: DDR_PERSIST( 0),   257,   257,   128, 32896,[  0,  0],4ee180 |||| COEFF_IN_FINAL <270> ( L,S8b)[ 1, 1,    0, 1]:  L2( 0),   320,   257,   128, 40960,[     0,     0], 64300
     Src_Flow [     0,     1,     1,     1] [     0,     0,     0]***[   257,   128,     1,     1] [   257,   257, 32896]***[     0,     1,     1,     1] [     0,     0,     0]***[2]
     Snk_Flow [     0,     1,     1,     1] [     0,     0,     0]***[   257,   128,     1,     1] [   320,   257,     0]***[     0,     1,     1,     1] [     0,     0,     0]***[2]
 LINK_P                         40936408320 :  [1,3,1,1]
    FM_IN_PART     <268> ( L,U8b)[ 3, 1,    0, 1]:  L2( 0),  1600,  1600,   256,410368,[  0,  0],     0 |||| FM_FULL        <267> ( L,U8b)[ 3, 1,    0, 1]: MSMC( 0),  1728,  1723,   128,221226,[    42,     0],12c1d6
    COEFF_IN_FINAL  <270> ( L,S8b)[ 1, 1,    0, 1]:  L2( 0),   320,   257,   128, 40960,[  0,  0], 64300
     Src_Flow [     0,     1,     1,     1] [     0,     0,     0]***[   768,   256,     2,     1] [  1600,   768,     0]***[   104,   256,     1,     1] [  1600,   768,     0]***[2]
    Src2_Flow [     0,     1,     1,     1] [     0,     0,     0]***[   257,   128,     1,     1] [   320, 40960,     0]***[     0,     1,     1,     1] [     0,     0,     0]***[2]
     Snk_Flow [     0,     1,     1,     1] [     0,     0,     0]***[   768,   128,     2,     1] [  1728,   768,221184]***[   104,   128,     1,     1] [  1728,   768,     0]***[2]
Padding Info [Row, Col]: Actual  IN -> OUT : [ 1,  1] -> [ 1,  1],  To fill zero OUT: [ 0,  0], Virtual Pad(T,L,B,R): [ 0,  0,  0,  0]

 ------------- 80( 0, 89, 0, 3, 0) [256 x 40 x  40] => [256 x 40 x  40] | TIDL_ConcatLayer
 LINK_X_FM_IN_FULL_TO_PART      46707770768 :  [0,1,1,1]
    FM_FULL        <263> ( L,U8b)[ 1, 1,    0, 1]: MSMC( 0),  1728,  1723,   128,221226,[ 42,  0], f6156 |||| FM_IN_PART     <272> (PP,U8b)[ 1, 1,    0, 1]:  L2( 0),  1763,  1763,   256,451328,[     0,     0],     0
     Src_Flow [     0,     1,     1,     1] [     0,     0,     0]***[  1640,   128,     1,     1] [  1728,  1640,221184]***[     0,     1,     1,     1] [     0,     0,     0]***[2]
     Snk_Flow [     0,     1,     1,     1] [     0,     0,     0]***[  1640,   128,     1,     1] [  1763,225664,     0]***[     0,     1,     1,     1] [     0,     0,     0]***[2]
 LINK_X_FM_IN_FULL_TO_PART      42949674384 :  [1,1,1,1]
    FM_FULL        <267> ( L,U8b)[ 1, 1,    0, 1]: MSMC( 0),  1728,  1723,   128,221226,[ 42,  0],12c1d6 |||| FM_IN_PART     <272> (PP,U8b)[ 1, 1,    0, 1]:  L2( 0),  1763,  1763,   256,451328,[225664,     0],     0
     Src_Flow [     0,     1,     1,     1] [     0,     0,     0]***[  1640,   128,     1,     1] [  1728,  1640,221184]***[     0,     1,     1,     1] [     0,     0,     0]***[2]
     Snk_Flow [     0,     1,     1,     1] [     0,     0,     0]***[  1640,   128,     1,     1] [  1763,-225664,     0]***[     0,     1,     1,     1] [     0,     0,     0]***[2]
 LINK_P                         46841988496 :  [1,1,1,1]
    FM_IN_PART     <272> (PP,U8b)[ 1, 1,    0, 1]:  L2( 0),  1763,  1763,   256,451328,[  0,  0],     0 |||| FM_FULL        <271> ( L,U8b)[ 1, 1,    0, 1]: MSMC( 0),  1728,  1723,   256,442410,[    42,     0],162256
     Src_Flow [     0,     1,     1,     1] [     0,     0,     0]***[  1640,   128,     1,     1] [  1763,225664,     0]***[     0,     1,     1,     1] [     0,     0,     0]***[2]
     Snk_Flow [     0,     1,     1,     1] [     0,     0,     0]***[  1640,   128,     1,     1] [  1728,  1640,221184]***[     0,     1,     1,     1] [     0,     0,     0]***[2]
 LINK_P                         43083892112 :  [2,1,1,1]
    FM_IN_PART     <272> (PP,U8b)[ 1, 1,    0, 1]:  L2( 0),  1763,  1763,   256,451328,[225664,  0],     0 |||| FM_FULL        <271> ( L,U8b)[ 1, 1,    0, 1]: MSMC( 0),  1728,  1723,   256,442410,[221226,     0],162256
     Src_Flow [     0,     1,     1,     1] [     0,     0,     0]***[  1640,   128,     1,     1] [  1763,-225664,     0]***[     0,     1,     1,     1] [     0,     0,     0]***[2]
     Snk_Flow [     0,     1,     1,     1] [     0,     0,     0]***[  1640,   128,     1,     1] [  1728,  1640,221184]***[     0,     1,     1,     1] [     0,     0,     0]***[2]
Padding Info [Row, Col]: Actual  IN -> OUT : [ 1,  1] -> [ 1,  1],  To fill zero OUT: [ 0,  0], Virtual Pad(T,L,B,R): [ 0,  0,  0,  0]

 ------------- 81( 0, 90, 0, 4, 0) [256 x 40 x  40] => [256 x 40 x  40] | TIDL_ConvolutionLayer
 LINK_X_FM_IN_FULL_TO_PART      47781512608 :  [0,3,1,1]
    FM_FULL        <271> ( L,U8b)[ 3, 1,    0, 1]: MSMC( 0),  1728,  1723,   256,442410,[ 42,  0],162256 |||| FM_IN_PART     <274> ( L,U8b)[ 3, 1,    0, 1]:  L2( 0),  1344,  1344,   256,344704,[     0,     0],     0
     Src_Flow [     0,     1,     1,     1] [     0,     0,     0]***[   640,   256,     2,     1] [  1728,   640,442368]***[   360,   256,     1,     1] [  1728,   640,     0]***[2]
     Snk_Flow [     0,     1,     1,     1] [     0,     0,     0]***[   640,   256,     2,     1] [  1344,   640,     0]***[   360,   256,     1,     1] [  1344,   640,     0]***[2]
 LINK_X_COEFF_IN_ANY_TO_FINAL   47831844256 :  [0,1,1,1]
    COEFF_FULL     <275> ( L,S8b)[ 1, 1,    0, 1]: DDR_PERSIST( 0),   257,   257,   256, 65792,[  0,  0],4f6200 |||| COEFF_IN_FINAL <276> ( L,S8b)[ 1, 1,    0, 1]:  L2( 0),   320,   257,   256, 81920,[     0,     0], 54280
     Src_Flow [     0,     1,     1,     1] [     0,     0,     0]***[   257,   256,     1,     1] [   257,   257, 65792]***[     0,     1,     1,     1] [     0,     0,     0]***[2]
     Snk_Flow [     0,     1,     1,     1] [     0,     0,     0]***[   257,   256,     1,     1] [   320,   257,     0]***[     0,     1,     1,     1] [     0,     0,     0]***[2]
 LINK_P                         47915730336 :  [1,3,1,1]
    FM_IN_PART     <274> ( L,U8b)[ 3, 1,    0, 1]:  L2( 0),  1344,  1344,   256,344704,[  0,  0],     0 |||| FM_FULL        <273> ( L,U8b)[ 3, 1,    0, 1]: MSMC( 0),  1728,  1723,   256,442410,[    42,     0], f6156
    COEFF_IN_FINAL  <276> ( L,S8b)[ 1, 1,    0, 1]:  L2( 0),   320,   257,   256, 81920,[  0,  0], 54280
     Src_Flow [     0,     1,     1,     1] [     0,     0,     0]***[   640,   256,     2,     1] [  1344,   640,     0]***[   360,   256,     1,     1] [  1344,   640,     0]***[2]
    Src2_Flow [     0,     1,     1,     1] [     0,     0,     0]***[   257,   256,     1,     1] [   320, 81920,     0]***[     0,     1,     1,     1] [     0,     0,     0]***[2]
     Snk_Flow [     0,     1,     1,     1] [     0,     0,     0]***[   640,   256,     2,     1] [  1728,   640,442368]***[   360,   256,     1,     1] [  1728,   640,     0]***[2]
Padding Info [Row, Col]: Actual  IN -> OUT : [ 1,  1] -> [ 1,  1],  To fill zero OUT: [ 1,  1], Virtual Pad(T,L,B,R): [ 0,  0,  0,  0]

 ------------- 82( 0, 91, 0, 33, 0) [256 x 40 x  40] => [256 x 20 x  20] | TIDL_ConvolutionLayer
 LINK_X_FM_IN_FULL_TO_PART      48318383536 :  [1,7,1,4]
    FM_FULL        <273> ( L,U8b)[ 7, 1,    0, 4]: MSMC( 0),  1728,  1723,   256,442410,[  0,  0], f6156 |||| FM_IN_PART     <278> ( L,U8b)[ 7, 1,    0, 4]:  L2( 0),   576,   576,   256,148736,[     0,     0],     0
     Src_Flow [   288,   256,     1,     1] [  1728,   288,     0]***[   246,   256,     5,     1] [  1728,   246,442368]***[   164,   256,     1,     1] [  1728,   246,     0]***[2]
     Snk_Flow [   288,   256,     1,     1] [   576,   288,     0]***[   246,   256,     5,     1] [   576,   246,     0]***[   164,   256,     1,     1] [   576,   246,     0]***[2]
 LINK_X_COEFF_IN_ANY_TO_FINAL   48368715184 :  [4,4,7,1]
    COEFF_IN_STAGE <280> ( L,S8b)[ 4, 7,    0, 1]: MSMC( 0),  2368,  2305,   256,606208,[  0,  0],67d900 |||| COEFF_IN_FINAL <281> (PP,S8b)[ 4, 7,    0, 1]:  L2( 0),  2368,  2305,   128,303104,[     0,     0], 24500
     Src_Flow [     0,     1,     1,     1] [     0,     0,     0]***[  2305,    64,     4,     1] [  2368,151552,     0]***[     0,     1,     1,     1] [     0,     0,     0]***[2]
     Snk_Flow [     0,     1,     1,     1] [     0,     0,     0]***[  2305,    64,     2,     2] [  2368,151552,     0]***[     0,     1,     1,     1] [     0,     0,     0]***[2]
 LINK_P                         48452601264 :  [5,28,1,1]
    FM_IN_PART     <278> ( L,U8b)[ 7, 1,    0, 4]:  L2( 0),   576,   576,   256,148736,[  0,  0],     0 |||| FM_FULL        <277> ( L,U8b)[28, 1,    0, 1]: MSMC( 0),   448,   401,   256,114688,[     0,     0],1f6180
    COEFF_IN_FINAL  <281> (PP,S8b)[ 4, 7,    0, 1]:  L2( 0),  2368,  2305,   128,303104,[  0,  0], 24500
     Src_Flow [     0,     1,     1,     1] [     0,     0,     0]***[   288,   256,     1,     6] [   576,     0,   246]***[   206,   256,     1,     1] [   576,     0,     0]***[2]
    Src2_Flow [     0,     1,     1,     1] [     0,     0,     0]***[  2305,    64,     2,     2] [  2368,151552,     0]***[     0,     1,     1,     1] [     0,     0,     0]***[2]
     Snk_Flow [     0,     1,     1,     1] [     0,     0,     0]***[    60,    64,     4,     7] [   448, 28672,    60]***[     0,     1,     1,     1] [     0,     0,     0]***[2]
Padding Info [Row, Col]: Actual  IN -> OUT : [ 1,  1] -> [ 0,  0],  To fill zero OUT: [ 0,  0], Virtual Pad(T,L,B,R): [ 0,  0,  0,  0]

 ------------- 83( 0, 93, 0, 3, 0) [512 x 20 x  20] => [512 x 20 x  20] | TIDL_ConcatLayer
 LINK_X_FM_IN_FULL_TO_PART      48855254480 :  [0,1,1,1]
    FM_FULL        <277> ( L,U8b)[ 1, 1,    0, 1]: MSMC( 0),   448,   401,   256,114688,[  0,  0],1f6180 |||| FM_IN_PART     <283> (PP,U8b)[ 1, 1,    0, 1]:  L2( 0),   588,   588,   512,301056,[     0,     0],     0
     Src_Flow [     0,     1,     1,     1] [     0,     0,     0]***[   400,   256,     1,     1] [   448,   400,114688]***[     0,     1,     1,     1] [     0,     0,     0]***[2]
     Snk_Flow [     0,     1,     1,     1] [     0,     0,     0]***[   400,   256,     1,     1] [   588,150528,     0]***[     0,     1,     1,     1] [     0,     0,     0]***[2]
 LINK_X_FM_IN_FULL_TO_PART      30064772560 :  [1,1,1,1]
    FM_FULL        <189> ( L,U8b)[ 1, 1,    0, 1]: MSMC( 0),   576,   463,   256,147478,[ 22,  0], d20ea |||| FM_IN_PART     <283> (PP,U8b)[ 1, 1,    0, 1]:  L2( 0),   588,   588,   512,301056,[150528,     0],     0
     Src_Flow [     0,     1,     1,     1] [     0,     0,     0]***[   420,   256,     1,     1] [   576,   420,147456]***[     0,     1,     1,     1] [     0,     0,     0]***[2]
     Snk_Flow [     0,     1,     1,     1] [     0,     0,     0]***[   420,   256,     1,     1] [   588,-150528,     0]***[     0,     1,     1,     1] [     0,     0,     0]***[2]
 LINK_P                         48989472208 :  [1,1,1,1]
    FM_IN_PART     <283> (PP,U8b)[ 1, 1,    0, 1]:  L2( 0),   588,   588,   512,301056,[  0,  0],     0 |||| FM_FULL        <282> ( L,U8b)[ 1, 1,    0, 1]: MSMC( 0),   576,   463,   512,294934,[    22,     0],1621ea
     Src_Flow [     0,     1,     1,     1] [     0,     0,     0]***[   400,   256,     1,     1] [   588,150528,     0]***[     0,     1,     1,     1] [     0,     0,     0]***[2]
     Snk_Flow [     0,     1,     1,     1] [     0,     0,     0]***[   420,   256,     1,     1] [   576,   420,147456]***[     0,     1,     1,     1] [     0,     0,     0]***[2]
 LINK_P                         30198990288 :  [2,1,1,1]
    FM_IN_PART     <283> (PP,U8b)[ 1, 1,    0, 1]:  L2( 0),   588,   588,   512,301056,[150528,  0],     0 |||| FM_FULL        <282> ( L,U8b)[ 1, 1,    0, 1]: MSMC( 0),   576,   463,   512,294934,[147478,     0],1621ea
     Src_Flow [     0,     1,     1,     1] [     0,     0,     0]***[   420,   256,     1,     1] [   588,-150528,     0]***[     0,     1,     1,     1] [     0,     0,     0]***[2]
     Snk_Flow [     0,     1,     1,     1] [     0,     0,     0]***[   420,   256,     1,     1] [   576,   420,147456]***[     0,     1,     1,     1] [     0,     0,     0]***[2]
Padding Info [Row, Col]: Actual  IN -> OUT : [ 1,  1] -> [ 1,  1],  To fill zero OUT: [ 0,  0], Virtual Pad(T,L,B,R): [ 0,  0,  0,  0]

 ------------- 84( 0, 96, 0, 3, 0) [512 x 20 x  20] => [256 x 20 x  20] | TIDL_ConvolutionLayer
 LINK_X_FM_IN_FULL_TO_PART      49928996352 :  [0,2,1,1]
    FM_FULL        <282> ( L,U8b)[ 2, 1,    0, 1]: MSMC( 0),   576,   463,   512,294934,[ 22,  0],1621ea |||| FM_IN_PART     <285> ( L,U8b)[ 2, 1,    0, 1]:  L2( 0),   576,   576,   512,294912,[     0,     0],     0
     Src_Flow [     0,     1,     1,     1] [     0,     0,     0]***[   256,   512,     1,     1] [   576,   256,294912]***[   164,   512,     1,     1] [   576,   256,     0]***[2]
     Snk_Flow [     0,     1,     1,     1] [     0,     0,     0]***[   256,   512,     1,     1] [   576,   256,     0]***[   164,   512,     1,     1] [   576,   256,     0]***[2]
 LINK_X_COEFF_IN_ANY_TO_FINAL   49979328000 :  [0,1,1,1]
    COEFF_FULL     <286> ( L,S8b)[ 1, 1,    0, 1]: DDR_PERSIST( 0),   513,   513,   256,131328,[  0,  0],596400 |||| COEFF_IN_FINAL <287> ( L,S8b)[ 1, 1,    0, 1]:  L2( 0),   576,   513,   256,147456,[     0,     0], 48000
     Src_Flow [     0,     1,     1,     1] [     0,     0,     0]***[   513,   256,     1,     1] [   513,   513,131328]***[     0,     1,     1,     1] [     0,     0,     0]***[2]
     Snk_Flow [     0,     1,     1,     1] [     0,     0,     0]***[   513,   256,     1,     1] [   576,   513,     0]***[     0,     1,     1,     1] [     0,     0,     0]***[2]
 LINK_P                         50063214080 :  [1,2,1,1]
    FM_IN_PART     <285> ( L,U8b)[ 2, 1,    0, 1]:  L2( 0),   576,   576,   512,294912,[  0,  0],     0 |||| FM_FULL        <284> ( L,U8b)[ 2, 1,    0, 1]: MSMC( 0),   576,   463,   256,147478,[    22,     0], d20ea
    COEFF_IN_FINAL  <287> ( L,S8b)[ 1, 1,    0, 1]:  L2( 0),   576,   513,   256,147456,[  0,  0], 48000
     Src_Flow [     0,     1,     1,     1] [     0,     0,     0]***[   256,   512,     1,     1] [   576,   256,     0]***[   164,   512,     1,     1] [   576,   256,     0]***[2]
    Src2_Flow [     0,     1,     1,     1] [     0,     0,     0]***[   513,   256,     1,     1] [   576,147456,     0]***[     0,     1,     1,     1] [     0,     0,     0]***[2]
     Snk_Flow [     0,     1,     1,     1] [     0,     0,     0]***[   256,   256,     1,     1] [   576,   256,147456]***[   164,   256,     1,     1] [   576,   256,     0]***[2]
Padding Info [Row, Col]: Actual  IN -> OUT : [ 1,  1] -> [ 1,  1],  To fill zero OUT: [ 0,  0], Virtual Pad(T,L,B,R): [ 0,  0,  0,  0]

 ------------- 85( 0, 100, 0, 2, 0) [256 x 20 x  20] => [256 x 20 x  20] | TIDL_ConvolutionLayer
 LINK_X_FM_IN_FULL_TO_PART      51539609152 :  [0,1,1,1]
    FM_FULL        <284> ( L,U8b)[ 1, 1,    0, 1]: MSMC( 0),   576,   463,   256,147478,[ 22,  0], d20ea |||| FM_IN_PART     <289> ( L,U8b)[ 1, 1,    0, 1]:  L2( 0),   448,   448,   256,114688,[     0,     0],     0
     Src_Flow [     0,     1,     1,     1] [     0,     0,     0]***[   420,   256,     1,     1] [   576,   420,147456]***[     0,     1,     1,     1] [     0,     0,     0]***[2]
     Snk_Flow [     0,     1,     1,     1] [     0,     0,     0]***[   420,   256,     1,     1] [   448,   420,     0]***[     0,     1,     1,     1] [     0,     0,     0]***[2]
 LINK_X_COEFF_IN_ANY_TO_FINAL   51589940800 :  [0,1,1,1]
    COEFF_FULL     <290> ( L,S8b)[ 1, 1,    0, 1]: DDR_PERSIST( 0),   257,   257,   256, 65792,[  0,  0],5b6500 |||| COEFF_IN_FINAL <291> ( L,S8b)[ 1, 1,    0, 1]:  L2( 0),   320,   257,   256, 81920,[     0,     0], 1c000
     Src_Flow [     0,     1,     1,     1] [     0,     0,     0]***[   257,   256,     1,     1] [   257,   257, 65792]***[     0,     1,     1,     1] [     0,     0,     0]***[2]
     Snk_Flow [     0,     1,     1,     1] [     0,     0,     0]***[   257,   256,     1,     1] [   320,   257,     0]***[     0,     1,     1,     1] [     0,     0,     0]***[2]
 LINK_P                         51673826880 :  [1,1,1,1]
    FM_IN_PART     <289> ( L,U8b)[ 1, 1,    0, 1]:  L2( 0),   448,   448,   256,114688,[  0,  0],     0 |||| FM_FULL        <288> ( L,U8b)[ 1, 1,    0, 1]: MSMC( 0),   576,   463,   256,147478,[    22,     0], d20ea
    COEFF_IN_FINAL  <291> ( L,S8b)[ 1, 1,    0, 1]:  L2( 0),   320,   257,   256, 81920,[  0,  0], 1c000
     Src_Flow [     0,     1,     1,     1] [     0,     0,     0]***[   420,   256,     1,     1] [   448,   420,     0]***[     0,     1,     1,     1] [     0,     0,     0]***[2]
    Src2_Flow [     0,     1,     1,     1] [     0,     0,     0]***[   257,   256,     1,     1] [   320, 81920,     0]***[     0,     1,     1,     1] [     0,     0,     0]***[2]
     Snk_Flow [     0,     1,     1,     1] [     0,     0,     0]***[   420,   256,     1,     1] [   576,   420,147456]***[     0,     1,     1,     1] [     0,     0,     0]***[2]
Padding Info [Row, Col]: Actual  IN -> OUT : [ 1,  1] -> [ 1,  1],  To fill zero OUT: [ 1,  1], Virtual Pad(T,L,B,R): [ 0,  0,  0,  0]

 ------------- 86( 0, 104, 0, 13, 0) [256 x 20 x  20] => [256 x 20 x  20] | TIDL_ConvolutionLayer
 LINK_X_FM_IN_FULL_TO_PART      53687092864 :  [1,2,1,4]
    FM_FULL        <288> ( L,U8b)[ 2, 1,    0, 4]: MSMC( 0),   576,   463,   256,147478,[  0,  0], d20ea |||| FM_IN_PART     <293> ( L,U8b)[ 2, 1,    0, 4]:  L2( 0),   576,   576,   256,147456,[     0,     0],     0
     Src_Flow [   320,   256,     1,     1] [   576,   320,     0]***[   143,   256,     1,     1] [   576,   256,     0]***[     0,     1,     1,     1] [     1,     1,     1]***[2]
     Snk_Flow [   320,   256,     1,     1] [   576,   320,     0]***[   143,   256,     1,     1] [   576,   256,     0]***[     0,     1,     1,     1] [     1,     1,     1]***[2]
 LINK_X_COEFF_IN_ANY_TO_FINAL   53737424512 :  [4,4,2,1]
    COEFF_IN_STAGE <295> ( L,S8b)[ 4, 2,    0, 1]: MSMC( 0),  2368,  2305,   256,606208,[  0,  0],711900 |||| COEFF_IN_FINAL <296> (PP,S8b)[ 4, 2,    0, 1]:  L2( 0),  2368,  2305,   128,303104,[     0,     0], 24000
     Src_Flow [     0,     1,     1,     1] [     0,     0,     0]***[  2305,    64,     4,     1] [  2368,151552,     0]***[     0,     1,     1,     1] [     0,     0,     0]***[2]
     Snk_Flow [     0,     1,     1,     1] [     0,     0,     0]***[  2305,    64,     2,     2] [  2368,151552,     0]***[     0,     1,     1,     1] [     0,     0,     0]***[2]
 LINK_P                         53821310592 :  [5,8,1,1]
    FM_IN_PART     <293> ( L,U8b)[ 2, 1,    0, 4]:  L2( 0),   576,   576,   256,147456,[  0,  0],     0 |||| FM_FULL        <292> ( L,U8b)[ 8, 1,    0, 1]: MSMC( 0),   576,   463,   256,147478,[    22,     0],23e26a
    COEFF_IN_FINAL  <296> (PP,S8b)[ 4, 2,    0, 1]:  L2( 0),  2368,  2305,   128,303104,[  0,  0], 24000
     Src_Flow [     0,     1,     1,     1] [     0,     0,     0]***[   300,   256,     1,     1] [   576,   256,   256]***[   207,   256,     1,     1] [   576,     0,     0]***[2]
    Src2_Flow [     0,     1,     1,     1] [     0,     0,     0]***[  2305,    64,     2,     2] [  2368,151552,     0]***[     0,     1,     1,     1] [     0,     0,     0]***[2]
     Snk_Flow [     0,     1,     1,     1] [     0,     0,     0]***[   256,    64,     4,     2] [   576, 36864,   256]***[     0,     1,     1,     1] [     0,     0,     0]***[2]
Padding Info [Row, Col]: Actual  IN -> OUT : [ 1,  1] -> [ 1,  1],  To fill zero OUT: [ 0,  0], Virtual Pad(T,L,B,R): [ 0,  0,  0,  0]

 ------------- 87( 0, 97, 0, 3, 0) [512 x 20 x  20] => [256 x 20 x  20] | TIDL_ConvolutionLayer
 LINK_X_FM_IN_FULL_TO_PART      49928996368 :  [0,2,1,1]
    FM_FULL        <282> ( L,U8b)[ 2, 1,    0, 1]: MSMC( 0),   576,   463,   512,294934,[ 22,  0],1621ea |||| FM_IN_PART     <298> ( L,U8b)[ 2, 1,    0, 1]:  L2( 0),   576,   576,   512,294912,[     0,     0],     0
     Src_Flow [     0,     1,     1,     1] [     0,     0,     0]***[   256,   512,     1,     1] [   576,   256,294912]***[   164,   512,     1,     1] [   576,   256,     0]***[2]
     Snk_Flow [     0,     1,     1,     1] [     0,     0,     0]***[   256,   512,     1,     1] [   576,   256,     0]***[   164,   512,     1,     1] [   576,   256,     0]***[2]
 LINK_X_COEFF_IN_ANY_TO_FINAL   49979328016 :  [0,1,1,1]
    COEFF_FULL     <299> ( L,S8b)[ 1, 1,    0, 1]: DDR_PERSIST( 0),   513,   513,   256,131328,[  0,  0],656700 |||| COEFF_IN_FINAL <300> ( L,S8b)[ 1, 1,    0, 1]:  L2( 0),   576,   513,   256,147456,[     0,     0], 48000
     Src_Flow [     0,     1,     1,     1] [     0,     0,     0]***[   513,   256,     1,     1] [   513,   513,131328]***[     0,     1,     1,     1] [     0,     0,     0]***[2]
     Snk_Flow [     0,     1,     1,     1] [     0,     0,     0]***[   513,   256,     1,     1] [   576,   513,     0]***[     0,     1,     1,     1] [     0,     0,     0]***[2]
 LINK_P                         50063214096 :  [1,2,1,1]
    FM_IN_PART     <298> ( L,U8b)[ 2, 1,    0, 1]:  L2( 0),   576,   576,   512,294912,[  0,  0],     0 |||| FM_FULL        <297> ( L,U8b)[ 2, 1,    0, 1]: MSMC( 0),   576,   463,   256,147478,[    22,     0], d20ea
    COEFF_IN_FINAL  <300> ( L,S8b)[ 1, 1,    0, 1]:  L2( 0),   576,   513,   256,147456,[  0,  0], 48000
     Src_Flow [     0,     1,     1,     1] [     0,     0,     0]***[   256,   512,     1,     1] [   576,   256,     0]***[   164,   512,     1,     1] [   576,   256,     0]***[2]
    Src2_Flow [     0,     1,     1,     1] [     0,     0,     0]***[   513,   256,     1,     1] [   576,147456,     0]***[     0,     1,     1,     1] [     0,     0,     0]***[2]
     Snk_Flow [     0,     1,     1,     1] [     0,     0,     0]***[   256,   256,     1,     1] [   576,   256,147456]***[   164,   256,     1,     1] [   576,   256,     0]***[2]
Padding Info [Row, Col]: Actual  IN -> OUT : [ 1,  1] -> [ 1,  1],  To fill zero OUT: [ 0,  0], Virtual Pad(T,L,B,R): [ 0,  0,  0,  0]

 ------------- 88( 0, 106, 0, 3, 0) [512 x 20 x  20] => [512 x 20 x  20] | TIDL_ConcatLayer
 LINK_X_FM_IN_FULL_TO_PART      55834576544 :  [0,1,1,1]
    FM_FULL        <292> ( L,U8b)[ 1, 1,    0, 1]: MSMC( 0),   576,   463,   256,147478,[ 22,  0],23e26a |||| FM_IN_PART     <302> (PP,U8b)[ 1, 1,    0, 1]:  L2( 0),   588,   588,   512,301056,[     0,     0],     0
     Src_Flow [     0,     1,     1,     1] [     0,     0,     0]***[   420,   256,     1,     1] [   576,   420,147456]***[     0,     1,     1,     1] [     0,     0,     0]***[2]
     Snk_Flow [     0,     1,     1,     1] [     0,     0,     0]***[   420,   256,     1,     1] [   588,150528,     0]***[     0,     1,     1,     1] [     0,     0,     0]***[2]
 LINK_X_FM_IN_FULL_TO_PART      52076480160 :  [1,1,1,1]
    FM_FULL        <297> ( L,U8b)[ 1, 1,    0, 1]: MSMC( 0),   576,   463,   256,147478,[ 22,  0], d20ea |||| FM_IN_PART     <302> (PP,U8b)[ 1, 1,    0, 1]:  L2( 0),   588,   588,   512,301056,[150528,     0],     0
     Src_Flow [     0,     1,     1,     1] [     0,     0,     0]***[   420,   256,     1,     1] [   576,   420,147456]***[     0,     1,     1,     1] [     0,     0,     0]***[2]
     Snk_Flow [     0,     1,     1,     1] [     0,     0,     0]***[   420,   256,     1,     1] [   588,-150528,     0]***[     0,     1,     1,     1] [     0,     0,     0]***[2]
 LINK_P                         55968794272 :  [1,1,1,1]
    FM_IN_PART     <302> (PP,U8b)[ 1, 1,    0, 1]:  L2( 0),   588,   588,   512,301056,[  0,  0],     0 |||| FM_FULL        <301> ( L,U8b)[ 1, 1,    0, 1]: MSMC( 0),   576,   463,   512,294934,[    22,     0],1621ea
     Src_Flow [     0,     1,     1,     1] [     0,     0,     0]***[   420,   256,     1,     1] [   588,150528,     0]***[     0,     1,     1,     1] [     0,     0,     0]***[2]
     Snk_Flow [     0,     1,     1,     1] [     0,     0,     0]***[   420,   256,     1,     1] [   576,   420,147456]***[     0,     1,     1,     1] [     0,     0,     0]***[2]
 LINK_P                         52210697888 :  [2,1,1,1]
    FM_IN_PART     <302> (PP,U8b)[ 1, 1,    0, 1]:  L2( 0),   588,   588,   512,301056,[150528,  0],     0 |||| FM_FULL        <301> ( L,U8b)[ 1, 1,    0, 1]: MSMC( 0),   576,   463,   512,294934,[147478,     0],1621ea
     Src_Flow [     0,     1,     1,     1] [     0,     0,     0]***[   420,   256,     1,     1] [   588,-150528,     0]***[     0,     1,     1,     1] [     0,     0,     0]***[2]
     Snk_Flow [     0,     1,     1,     1] [     0,     0,     0]***[   420,   256,     1,     1] [   576,   420,147456]***[     0,     1,     1,     1] [     0,     0,     0]***[2]
Padding Info [Row, Col]: Actual  IN -> OUT : [ 1,  1] -> [ 1,  1],  To fill zero OUT: [ 0,  0], Virtual Pad(T,L,B,R): [ 0,  0,  0,  0]

 ------------- 89( 0, 107, 0, 8, 0) [512 x 20 x  20] => [512 x 20 x  20] | TIDL_ConvolutionLayer
 LINK_X_FM_IN_FULL_TO_PART      56908318384 :  [0,7,1,1]
    FM_FULL        <301> ( L,U8b)[ 7, 1,    0, 1]: MSMC( 0),   576,   463,   512,294934,[ 22,  0],1621ea |||| FM_IN_PART     <304> ( L,U8b)[ 7, 1,    0, 1]:  L2( 0),   192,   192,   512, 98560,[     0,     0],     0
     Src_Flow [     0,     1,     1,     1] [     0,     0,     0]***[    64,   512,     6,     1] [   576,    64,294912]***[    36,   512,     1,     1] [   576,    64,     0]***[2]
     Snk_Flow [     0,     1,     1,     1] [     0,     0,     0]***[    64,   512,     6,     1] [   192,    64,     0]***[    36,   512,     1,     1] [   192,    64,     0]***[2]
 LINK_X_COEFF_IN_ANY_TO_FINAL   56958650032 :  [0,1,1,1]
    COEFF_FULL     <305> ( L,S8b)[ 1, 1,    0, 1]: DDR_PERSIST( 0),   513,   513,   512,262656,[  0,  0],676800 |||| COEFF_IN_FINAL <306> ( L,S8b)[ 1, 1,    0, 1]:  L2( 0),   576,   513,   512,294912,[     0,     0], 18100
     Src_Flow [     0,     1,     1,     1] [     0,     0,     0]***[   513,   512,     1,     1] [   513,   513,262656]***[     0,     1,     1,     1] [     0,     0,     0]***[2]
     Snk_Flow [     0,     1,     1,     1] [     0,     0,     0]***[   513,   512,     1,     1] [   576,   513,     0]***[     0,     1,     1,     1] [     0,     0,     0]***[2]
 LINK_P                         57042536112 :  [1,7,1,1]
    FM_IN_PART     <304> ( L,U8b)[ 7, 1,    0, 1]:  L2( 0),   192,   192,   512, 98560,[  0,  0],     0 |||| FM_FULL        <303> ( L,U8b)[ 7, 1,    0, 1]: MSMC( 0),   576,   463,   512,294934,[    22,     0],1aa26a
    COEFF_IN_FINAL  <306> ( L,S8b)[ 1, 1,    0, 1]:  L2( 0),   576,   513,   512,294912,[  0,  0], 18100
     Src_Flow [     0,     1,     1,     1] [     0,     0,     0]***[    64,   512,     6,     1] [   192,    64,     0]***[    36,   512,     1,     1] [   192,    64,     0]***[2]
    Src2_Flow [     0,     1,     1,     1] [     0,     0,     0]***[   513,   512,     1,     1] [   576,294912,     0]***[     0,     1,     1,     1] [     0,     0,     0]***[2]
     Snk_Flow [     0,     1,     1,     1] [     0,     0,     0]***[    64,   512,     6,     1] [   576,    64,294912]***[    36,   512,     1,     1] [   576,    64,     0]***[2]
Padding Info [Row, Col]: Actual  IN -> OUT : [ 1,  1] -> [ 1,  1],  To fill zero OUT: [ 0,  0], Virtual Pad(T,L,B,R): [ 0,  0,  0,  0]

 ------------- 90( 0, 108, 0, 3, 0) [512 x 20 x  20] => [128 x 20 x  20] | TIDL_ConvolutionLayer
 LINK_X_FM_IN_FULL_TO_PART      57445189312 :  [0,2,1,1]
    FM_FULL        <303> ( L,U8b)[ 2, 1,    0, 1]: MSMC( 0),   576,   463,   512,294934,[ 22,  0],1aa26a |||| FM_IN_PART     <308> ( L,U8b)[ 2, 1,    0, 1]:  L2( 0),   704,   704,   512,360448,[     0,     0],     0
     Src_Flow [     0,     1,     1,     1] [     0,     0,     0]***[   320,   512,     1,     1] [   576,   320,294912]***[   100,   512,     1,     1] [   576,   320,     0]***[2]
     Snk_Flow [     0,     1,     1,     1] [     0,     0,     0]***[   320,   512,     1,     1] [   704,   320,     0]***[   100,   512,     1,     1] [   704,   320,     0]***[2]
 LINK_X_COEFF_IN_ANY_TO_FINAL   57495520960 :  [0,1,1,1]
    COEFF_FULL     <309> ( L,S8b)[ 1, 1,    0, 1]: DDR_PERSIST( 0),   513,   513,   128, 65664,[  0,  0],6b6a00 |||| COEFF_IN_FINAL <310> ( L,S8b)[ 1, 1,    0, 1]:  L2( 0),   576,   513,   128, 73728,[     0,     0], 58000
     Src_Flow [     0,     1,     1,     1] [     0,     0,     0]***[   513,   128,     1,     1] [   513,   513, 65664]***[     0,     1,     1,     1] [     0,     0,     0]***[2]
     Snk_Flow [     0,     1,     1,     1] [     0,     0,     0]***[   513,   128,     1,     1] [   576,   513,     0]***[     0,     1,     1,     1] [     0,     0,     0]***[2]
 LINK_P                         57579407040 :  [1,2,1,1]
    FM_IN_PART     <308> ( L,U8b)[ 2, 1,    0, 1]:  L2( 0),   704,   704,   512,360448,[  0,  0],     0 |||| FM_FULL        <307> ( L,U8b)[ 2, 1,    0, 1]: MSMC( 0),   576,   463,   128, 73750,[    22,     0], d20ea
    COEFF_IN_FINAL  <310> ( L,S8b)[ 1, 1,    0, 1]:  L2( 0),   576,   513,   128, 73728,[  0,  0], 58000
     Src_Flow [     0,     1,     1,     1] [     0,     0,     0]***[   320,   512,     1,     1] [   704,   320,     0]***[   100,   512,     1,     1] [   704,   320,     0]***[2]
    Src2_Flow [     0,     1,     1,     1] [     0,     0,     0]***[   513,   128,     1,     1] [   576, 73728,     0]***[     0,     1,     1,     1] [     0,     0,     0]***[2]
     Snk_Flow [     0,     1,     1,     1] [     0,     0,     0]***[   320,   128,     1,     1] [   576,   320, 73728]***[   100,   128,     1,     1] [   576,   320,     0]***[2]
Padding Info [Row, Col]: Actual  IN -> OUT : [ 1,  1] -> [ 1,  1],  To fill zero OUT: [ 1,  1], Virtual Pad(T,L,B,R): [ 0,  0,  0,  0]

 ------------- 91( 0, 109, 0, 2, 0) [128 x 20 x  20] => [128 x 20 x  20] | TIDL_ConvolutionLayer
 LINK_X_FM_IN_FULL_TO_PART      57982060240 :  [0,1,1,1]
    FM_FULL        <307> ( L,U8b)[ 1, 1,    0, 1]: MSMC( 0),   576,   463,   128, 73750,[  0,  0], d20ea |||| FM_IN_PART     <312> ( L,U8b)[ 1, 1,    0, 1]:  L2( 0),   576,   576,   128, 73728,[     0,     0],     0
     Src_Flow [     0,     1,     1,     1] [     0,     0,     0]***[   463,   128,     1,     1] [   576,   463, 73728]***[     0,     1,     1,     1] [     0,     0,     0]***[2]
     Snk_Flow [     0,     1,     1,     1] [     0,     0,     0]***[   463,   128,     1,     1] [   576,   463,     0]***[     0,     1,     1,     1] [     0,     0,     0]***[2]
 LINK_X_COEFF_IN_ANY_TO_FINAL   58032391888 :  [0,1,1,1]
    COEFF_FULL     <313> ( L,S8b)[ 1, 1,    0, 1]: DDR_PERSIST( 0),  1153,  1153,   128,147584,[  0,  0],6c6a80 |||| COEFF_IN_FINAL <314> ( L,S8b)[ 1, 1,    0, 1]:  L2( 0),  1216,  1153,   128,155648,[     0,     0], 12000
     Src_Flow [     0,     1,     1,     1] [     0,     0,     0]***[  1153,   128,     1,     1] [  1153,  1153,147584]***[     0,     1,     1,     1] [     0,     0,     0]***[2]
     Snk_Flow [     0,     1,     1,     1] [     0,     0,     0]***[  1153,   128,     1,     1] [  1216,  1153,     0]***[     0,     1,     1,     1] [     0,     0,     0]***[2]
 LINK_P                         58116277968 :  [1,1,1,1]
    FM_IN_PART     <312> ( L,U8b)[ 1, 1,    0, 1]:  L2( 0),   576,   576,   128, 73728,[  0,  0],     0 |||| FM_FULL        <311> ( L,U8b)[ 1, 1,    0, 1]: MSMC( 0),   576,   463,   128, 73750,[    22,     0],1621ea
    COEFF_IN_FINAL  <314> ( L,S8b)[ 1, 1,    0, 1]:  L2( 0),  1216,  1153,   128,155648,[  0,  0], 12000
     Src_Flow [     0,     1,     1,     1] [     0,     0,     0]***[   463,   128,     1,     1] [   576,   463,     0]***[     0,     1,     1,     1] [     1,     1,     1]***[2]
    Src2_Flow [     0,     1,     1,     1] [     0,     0,     0]***[  1153,   128,     1,     1] [  1216,155648,     0]***[     0,     1,     1,     1] [     0,     0,     0]***[2]
     Snk_Flow [     0,     1,     1,     1] [     0,     0,     0]***[   419,   128,     1,     1] [   576,   419, 73728]***[     0,     1,     1,     1] [     0,     0,     0]***[2]
Padding Info [Row, Col]: Actual  IN -> OUT : [ 1,  1] -> [ 1,  1],  To fill zero OUT: [ 1,  1], Virtual Pad(T,L,B,R): [ 0,  0,  0,  0]

 ------------- 92( 0, 111, 0, 2, 0) [128 x 20 x  20] => [128 x 20 x  20] | TIDL_ConvolutionLayer
 LINK_X_FM_IN_FULL_TO_PART      58518931184 :  [0,1,1,1]
    FM_FULL        <311> ( L,U8b)[ 1, 1,    0, 1]: MSMC( 0),   576,   463,   128, 73750,[  0,  0],1621ea |||| FM_IN_PART     <316> ( L,U8b)[ 1, 1,    0, 1]:  L2( 0),   576,   576,   128, 73728,[     0,     0],     0
     Src_Flow [     0,     1,     1,     1] [     0,     0,     0]***[   463,   128,     1,     1] [   576,   463, 73728]***[     0,     1,     1,     1] [     0,     0,     0]***[2]
     Snk_Flow [     0,     1,     1,     1] [     0,     0,     0]***[   463,   128,     1,     1] [   576,   463,     0]***[     0,     1,     1,     1] [     0,     0,     0]***[2]
 LINK_X_COEFF_IN_ANY_TO_FINAL   58569262832 :  [0,1,1,1]
    COEFF_FULL     <317> ( L,S8b)[ 1, 1,    0, 1]: DDR_PERSIST( 0),  1153,  1153,   128,147584,[  0,  0],6eab00 |||| COEFF_IN_FINAL <318> ( L,S8b)[ 1, 1,    0, 1]:  L2( 0),  1216,  1153,   128,155648,[     0,     0], 12000
     Src_Flow [     0,     1,     1,     1] [     0,     0,     0]***[  1153,   128,     1,     1] [  1153,  1153,147584]***[     0,     1,     1,     1] [     0,     0,     0]***[2]
     Snk_Flow [     0,     1,     1,     1] [     0,     0,     0]***[  1153,   128,     1,     1] [  1216,  1153,     0]***[     0,     1,     1,     1] [     0,     0,     0]***[2]
 LINK_P                         58653148912 :  [1,1,1,1]
    FM_IN_PART     <316> ( L,U8b)[ 1, 1,    0, 1]:  L2( 0),   576,   576,   128, 73728,[  0,  0],     0 |||| FM_FULL        <315> ( L,U8b)[ 1, 1,    0, 1]: MSMC( 0),   576,   463,   128, 73750,[    22,     0],1621ea
    COEFF_IN_FINAL  <318> ( L,S8b)[ 1, 1,    0, 1]:  L2( 0),  1216,  1153,   128,155648,[  0,  0], 12000
     Src_Flow [     0,     1,     1,     1] [     0,     0,     0]***[   463,   128,     1,     1] [   576,   463,     0]***[     0,     1,     1,     1] [     1,     1,     1]***[2]
    Src2_Flow [     0,     1,     1,     1] [     0,     0,     0]***[  1153,   128,     1,     1] [  1216,155648,     0]***[     0,     1,     1,     1] [     0,     0,     0]***[2]
     Snk_Flow [     0,     1,     1,     1] [     0,     0,     0]***[   419,   128,     1,     1] [   576,   419, 73728]***[     0,     1,     1,     1] [     0,     0,     0]***[2]
Padding Info [Row, Col]: Actual  IN -> OUT : [ 1,  1] -> [ 1,  1],  To fill zero OUT: [ 0,  0], Virtual Pad(T,L,B,R): [ 0,  0,  0,  0]

 ------------- 93( 0, 113, 0, 2, 0) [128 x 20 x  20] => [80 x 20 x  20] | TIDL_ConvolutionLayer
 LINK_X_FM_IN_FULL_TO_PART      59592673040 :  [0,1,1,1]
    FM_FULL        <315> ( L,U8b)[ 1, 1,    0, 1]: MSMC( 0),   576,   463,   128, 73750,[ 22,  0],1621ea |||| FM_IN_PART     <320> ( L,U8b)[ 1, 1,    0, 1]:  L2( 0),   448,   448,   128, 57344,[     0,     0],     0
     Src_Flow [     0,     1,     1,     1] [     0,     0,     0]***[   420,   128,     1,     1] [   576,   420, 73728]***[     0,     1,     1,     1] [     0,     0,     0]***[2]
     Snk_Flow [     0,     1,     1,     1] [     0,     0,     0]***[   420,   128,     1,     1] [   448,   420,     0]***[     0,     1,     1,     1] [     0,     0,     0]***[2]
 LINK_X_COEFF_IN_ANY_TO_FINAL   59643004688 :  [0,1,1,1]
    COEFF_FULL     <321> ( L,S8b)[ 1, 1,    0, 1]: DDR_PERSIST( 0),   129,   129,    80, 10368,[  0,  0],70eb80 |||| COEFF_IN_FINAL <322> ( L,S8b)[ 1, 1,    0, 1]:  L2( 0),   192,   129,    80, 15360,[     0,     0],  e000
     Src_Flow [     0,     1,     1,     1] [     0,     0,     0]***[   129,    80,     1,     1] [   129,   129, 10320]***[     0,     1,     1,     1] [     0,     0,     0]***[2]
     Snk_Flow [     0,     1,     1,     1] [     0,     0,     0]***[   129,    80,     1,     1] [   192,   129,     0]***[     0,     1,     1,     1] [     0,     0,     0]***[2]
 LINK_P                         59726890768 :  [1,1,1,1]
    FM_IN_PART     <320> ( L,U8b)[ 1, 1,    0, 1]:  L2( 0),   448,   448,   128, 57344,[  0,  0],     0 |||| FM_FULL        <319> ( L,S8b)[ 1, 1,    0, 1]: MSMC( 0),   576,   463,    80, 46102,[    22,     0], e416a
    COEFF_IN_FINAL  <322> ( L,S8b)[ 1, 1,    0, 1]:  L2( 0),   192,   129,    80, 15360,[  0,  0],  e000
     Src_Flow [     0,     1,     1,     1] [     0,     0,     0]***[   420,   128,     1,     1] [   448,   420,     0]***[     0,     1,     1,     1] [     0,     0,     0]***[2]
    Src2_Flow [     0,     1,     1,     1] [     0,     0,     0]***[   129,    80,     1,     1] [   192, 15360,     0]***[     0,     1,     1,     1] [     0,     0,     0]***[2]
     Snk_Flow [     0,     1,     1,     1] [     0,     0,     0]***[   420,    80,     1,     1] [   576,   420, 46080]***[     0,     1,     1,     1] [     0,     0,     0]***[2]
Padding Info [Row, Col]: Actual  IN -> OUT : [ 1,  1] -> [ 1,  1],  To fill zero OUT: [ 0,  0], Virtual Pad(T,L,B,R): [ 0,  0,  0,  0]

 ------------- 94( 0, 110, 0, 2, 0) [128 x 20 x  20] => [128 x 20 x  20] | TIDL_ConvolutionLayer
 LINK_X_FM_IN_FULL_TO_PART      57982060256 :  [0,1,1,1]
    FM_FULL        <307> ( L,U8b)[ 1, 1,    0, 1]: MSMC( 0),   576,   463,   128, 73750,[  0,  0], d20ea |||| FM_IN_PART     <324> ( L,U8b)[ 1, 1,    0, 1]:  L2( 0),   576,   576,   128, 73728,[     0,     0],     0
     Src_Flow [     0,     1,     1,     1] [     0,     0,     0]***[   463,   128,     1,     1] [   576,   463, 73728]***[     0,     1,     1,     1] [     0,     0,     0]***[2]
     Snk_Flow [     0,     1,     1,     1] [     0,     0,     0]***[   463,   128,     1,     1] [   576,   463,     0]***[     0,     1,     1,     1] [     0,     0,     0]***[2]
 LINK_X_COEFF_IN_ANY_TO_FINAL   58032391904 :  [0,1,1,1]
    COEFF_FULL     <325> ( L,S8b)[ 1, 1,    0, 1]: DDR_PERSIST( 0),  1153,  1153,   128,147584,[  0,  0],711400 |||| COEFF_IN_FINAL <326> ( L,S8b)[ 1, 1,    0, 1]:  L2( 0),  1216,  1153,   128,155648,[     0,     0], 12000
     Src_Flow [     0,     1,     1,     1] [     0,     0,     0]***[  1153,   128,     1,     1] [  1153,  1153,147584]***[     0,     1,     1,     1] [     0,     0,     0]***[2]
     Snk_Flow [     0,     1,     1,     1] [     0,     0,     0]***[  1153,   128,     1,     1] [  1216,  1153,     0]***[     0,     1,     1,     1] [     0,     0,     0]***[2]
 LINK_P                         58116277984 :  [1,1,1,1]
    FM_IN_PART     <324> ( L,U8b)[ 1, 1,    0, 1]:  L2( 0),   576,   576,   128, 73728,[  0,  0],     0 |||| FM_FULL        <323> ( L,U8b)[ 1, 1,    0, 1]: MSMC( 0),   576,   463,   128, 73750,[    22,     0], d20ea
    COEFF_IN_FINAL  <326> ( L,S8b)[ 1, 1,    0, 1]:  L2( 0),  1216,  1153,   128,155648,[  0,  0], 12000
     Src_Flow [     0,     1,     1,     1] [     0,     0,     0]***[   463,   128,     1,     1] [   576,   463,     0]***[     0,     1,     1,     1] [     1,     1,     1]***[2]
    Src2_Flow [     0,     1,     1,     1] [     0,     0,     0]***[  1153,   128,     1,     1] [  1216,155648,     0]***[     0,     1,     1,     1] [     0,     0,     0]***[2]
     Snk_Flow [     0,     1,     1,     1] [     0,     0,     0]***[   419,   128,     1,     1] [   576,   419, 73728]***[     0,     1,     1,     1] [     0,     0,     0]***[2]
Padding Info [Row, Col]: Actual  IN -> OUT : [ 1,  1] -> [ 1,  1],  To fill zero OUT: [ 1,  1], Virtual Pad(T,L,B,R): [ 0,  0,  0,  0]

 ------------- 95( 0, 112, 0, 2, 0) [128 x 20 x  20] => [128 x 20 x  20] | TIDL_ConvolutionLayer
 LINK_X_FM_IN_FULL_TO_PART      59055802112 :  [0,1,1,1]
    FM_FULL        <323> ( L,U8b)[ 1, 1,    0, 1]: MSMC( 0),   576,   463,   128, 73750,[  0,  0], d20ea |||| FM_IN_PART     <328> ( L,U8b)[ 1, 1,    0, 1]:  L2( 0),   576,   576,   128, 73728,[     0,     0],     0
     Src_Flow [     0,     1,     1,     1] [     0,     0,     0]***[   463,   128,     1,     1] [   576,   463, 73728]***[     0,     1,     1,     1] [     0,     0,     0]***[2]
     Snk_Flow [     0,     1,     1,     1] [     0,     0,     0]***[   463,   128,     1,     1] [   576,   463,     0]***[     0,     1,     1,     1] [     0,     0,     0]***[2]
 LINK_X_COEFF_IN_ANY_TO_FINAL   59106133760 :  [0,1,1,1]
    COEFF_FULL     <329> ( L,S8b)[ 1, 1,    0, 1]: DDR_PERSIST( 0),  1153,  1153,   128,147584,[  0,  0],735480 |||| COEFF_IN_FINAL <330> ( L,S8b)[ 1, 1,    0, 1]:  L2( 0),  1216,  1153,   128,155648,[     0,     0], 12000
     Src_Flow [     0,     1,     1,     1] [     0,     0,     0]***[  1153,   128,     1,     1] [  1153,  1153,147584]***[     0,     1,     1,     1] [     0,     0,     0]***[2]
     Snk_Flow [     0,     1,     1,     1] [     0,     0,     0]***[  1153,   128,     1,     1] [  1216,  1153,     0]***[     0,     1,     1,     1] [     0,     0,     0]***[2]
 LINK_P                         59190019840 :  [1,1,1,1]
    FM_IN_PART     <328> ( L,U8b)[ 1, 1,    0, 1]:  L2( 0),   576,   576,   128, 73728,[  0,  0],     0 |||| FM_FULL        <327> ( L,U8b)[ 1, 1,    0, 1]: MSMC( 0),   576,   463,   128, 73750,[    22,     0], d20ea
    COEFF_IN_FINAL  <330> ( L,S8b)[ 1, 1,    0, 1]:  L2( 0),  1216,  1153,   128,155648,[  0,  0], 12000
     Src_Flow [     0,     1,     1,     1] [     0,     0,     0]***[   463,   128,     1,     1] [   576,   463,     0]***[     0,     1,     1,     1] [     1,     1,     1]***[2]
    Src2_Flow [     0,     1,     1,     1] [     0,     0,     0]***[  1153,   128,     1,     1] [  1216,155648,     0]***[     0,     1,     1,     1] [     0,     0,     0]***[2]
     Snk_Flow [     0,     1,     1,     1] [     0,     0,     0]***[   419,   128,     1,     1] [   576,   419, 73728]***[     0,     1,     1,     1] [     0,     0,     0]***[2]
Padding Info [Row, Col]: Actual  IN -> OUT : [ 1,  1] -> [ 1,  1],  To fill zero OUT: [ 0,  0], Virtual Pad(T,L,B,R): [ 0,  0,  0,  0]

 ------------- 96( 0, 114, 0, 2, 0) [128 x 20 x  20] => [4 x 20 x  20] | TIDL_ConvolutionLayer
 LINK_X_FM_IN_FULL_TO_PART      60129543968 :  [0,1,1,1]
    FM_FULL        <327> ( L,U8b)[ 1, 1,    0, 1]: MSMC( 0),   576,   463,   128, 73750,[ 22,  0], d20ea |||| FM_IN_PART     <332> ( L,U8b)[ 1, 1,    0, 1]:  L2( 0),   448,   448,   128, 57344,[     0,     0],     0
     Src_Flow [     0,     1,     1,     1] [     0,     0,     0]***[   420,   128,     1,     1] [   576,   420, 73728]***[     0,     1,     1,     1] [     0,     0,     0]***[2]
     Snk_Flow [     0,     1,     1,     1] [     0,     0,     0]***[   420,   128,     1,     1] [   448,   420,     0]***[     0,     1,     1,     1] [     0,     0,     0]***[2]
 LINK_X_COEFF_IN_ANY_TO_FINAL   60179875616 :  [0,1,1,1]
    COEFF_FULL     <333> ( L,S8b)[ 1, 1,    0, 1]: DDR_PERSIST( 0),   129,   129,     4,   640,[  0,  0],759500 |||| COEFF_IN_FINAL <334> ( L,S8b)[ 1, 1,    0, 1]:  L2( 0),   192,   129,     4,   768,[     0,     0],  e000
     Src_Flow [     0,     1,     1,     1] [     0,     0,     0]***[   129,     4,     1,     1] [   129,   129,   516]***[     0,     1,     1,     1] [     0,     0,     0]***[2]
     Snk_Flow [     0,     1,     1,     1] [     0,     0,     0]***[   129,     4,     1,     1] [   192,   129,     0]***[     0,     1,     1,     1] [     0,     0,     0]***[2]
 LINK_P                         60263761696 :  [1,1,1,1]
    FM_IN_PART     <332> ( L,U8b)[ 1, 1,    0, 1]:  L2( 0),   448,   448,   128, 57344,[  0,  0],     0 |||| FM_FULL        <331> ( L,S8b)[ 1, 1,    0, 1]: MSMC( 0),   576,   463,     4,  2326,[    22,     0], ef5ea
    COEFF_IN_FINAL  <334> ( L,S8b)[ 1, 1,    0, 1]:  L2( 0),   192,   129,     4,   768,[  0,  0],  e000
     Src_Flow [     0,     1,     1,     1] [     0,     0,     0]***[   420,   128,     1,     1] [   448,   420,     0]***[     0,     1,     1,     1] [     0,     0,     0]***[2]
    Src2_Flow [     0,     1,     1,     1] [     0,     0,     0]***[   129,     4,     1,     1] [   192,   768,     0]***[     0,     1,     1,     1] [     0,     0,     0]***[2]
     Snk_Flow [     0,     1,     1,     1] [     0,     0,     0]***[   420,     4,     1,     1] [   576,   420,  2304]***[     0,     1,     1,     1] [     0,     0,     0]***[2]
Padding Info [Row, Col]: Actual  IN -> OUT : [ 1,  1] -> [ 1,  1],  To fill zero OUT: [ 0,  0], Virtual Pad(T,L,B,R): [ 0,  0,  0,  0]

 ------------- 97( 0, 115, 0, 2, 0) [128 x 20 x  20] => [1 x 20 x  20] | TIDL_ConvolutionLayer
 LINK_X_FM_IN_FULL_TO_PART      60129543984 :  [0,1,1,1]
    FM_FULL        <327> ( L,U8b)[ 1, 1,    0, 1]: MSMC( 0),   576,   463,   128, 73750,[ 22,  0], d20ea |||| FM_IN_PART     <336> ( L,U8b)[ 1, 1,    0, 1]:  L2( 0),   448,   448,   128, 57344,[     0,     0],     0
     Src_Flow [     0,     1,     1,     1] [     0,     0,     0]***[   420,   128,     1,     1] [   576,   420, 73728]***[     0,     1,     1,     1] [     0,     0,     0]***[2]
     Snk_Flow [     0,     1,     1,     1] [     0,     0,     0]***[   420,   128,     1,     1] [   448,   420,     0]***[     0,     1,     1,     1] [     0,     0,     0]***[2]
 LINK_X_COEFF_IN_ANY_TO_FINAL   60179875632 :  [0,1,1,1]
    COEFF_FULL     <337> ( L,S8b)[ 1, 1,    0, 1]: DDR_PERSIST( 0),   129,   129,     1,   256,[  0,  0],759780 |||| COEFF_IN_FINAL <338> ( L,S8b)[ 1, 1,    0, 1]:  L2( 0),   192,   129,     1,   256,[     0,     0],  e000
     Src_Flow [     0,     1,     1,     1] [     0,     0,     0]***[   129,     1,     1,     1] [   129,   129,   129]***[     0,     1,     1,     1] [     0,     0,     0]***[2]
     Snk_Flow [     0,     1,     1,     1] [     0,     0,     0]***[   129,     1,     1,     1] [   192,   129,     0]***[     0,     1,     1,     1] [     0,     0,     0]***[2]
 LINK_P                         60263761712 :  [1,1,1,1]
    FM_IN_PART     <336> ( L,U8b)[ 1, 1,    0, 1]:  L2( 0),   448,   448,   128, 57344,[  0,  0],     0 |||| FM_FULL        <335> ( L,S8b)[ 1, 1,    0, 1]: MSMC( 0),   576,   463,     1,   662,[    22,     0], db9ea
    COEFF_IN_FINAL  <338> ( L,S8b)[ 1, 1,    0, 1]:  L2( 0),   192,   129,     1,   256,[  0,  0],  e000
     Src_Flow [     0,     1,     1,     1] [     0,     0,     0]***[   420,   128,     1,     1] [   448,   420,     0]***[     0,     1,     1,     1] [     0,     0,     0]***[2]
    Src2_Flow [     0,     1,     1,     1] [     0,     0,     0]***[   129,     1,     1,     1] [   192,   192,     0]***[     0,     1,     1,     1] [     0,     0,     0]***[2]
     Snk_Flow [     0,     1,     1,     1] [     0,     0,     0]***[   420,     1,     1,     1] [   576,   420,   576]***[     0,     1,     1,     1] [     0,     0,     0]***[2]
Padding Info [Row, Col]: Actual  IN -> OUT : [ 1,  1] -> [ 1,  1],  To fill zero OUT: [ 0,  0], Virtual Pad(T,L,B,R): [ 0,  0,  0,  0]

 ------------- 98( 0, 116, 0, 86, 0) [85 x 20 x  20] => [85 x 20 x  20] | TIDL_ConcatLayer
 LINK_X_FM_IN_FULL_TO_PART      61203285824 :  [0,4,1,1]
    FM_FULL        <331> ( L,S8b)[ 4, 1,    0, 1]: MSMC( 0),   576,   463,     4,  2326,[ 22,  0], ef5ea |||| FM_IN_PART     <340> (PP,S8b)[ 4, 1,    0, 1]:  L2( 0),   588,   588,     2,  1280,[     0,     0],     0
     Src_Flow [     0,     1,     1,     1] [     0,     0,     0]***[   420,     1,     4,     1] [   576,   576,   576]***[     0,     1,     1,     1] [     0,     0,     0]***[2]
     Snk_Flow [     0,     1,     1,     1] [     0,     0,     0]***[   420,     1,     2,     2] [   588,   588,     0]***[     0,     1,     1,     1] [     0,     0,     0]***[2]
 LINK_X_FM_IN_FULL_TO_PART      61740156736 :  [4,1,1,1]
    FM_FULL        <335> ( L,S8b)[ 1, 1,    0, 1]: MSMC( 0),   576,   463,     1,   662,[ 22,  0], db9ea |||| FM_IN_PART     <340> (PP,S8b)[ 1, 1,    0, 1]:  L2( 0),   588,   588,     2,  1280,[     0,     0],     0
     Src_Flow [     0,     1,     1,     1] [     0,     0,     0]***[   420,     1,     1,     1] [   576,   420,   576]***[     0,     1,     1,     1] [     0,     0,     0]***[2]
     Snk_Flow [     0,     1,     1,     1] [     0,     0,     0]***[   420,     1,     1,     1] [   588,   588,     0]***[     0,     1,     1,     1] [     0,     0,     0]***[2]
 LINK_X_FM_IN_FULL_TO_PART      60666414912 :  [5,80,1,1]
    FM_FULL        <319> ( L,S8b)[80, 1,    0, 1]: MSMC( 0),   576,   463,    80, 46102,[ 22,  0], e416a |||| FM_IN_PART     <340> (PP,S8b)[80, 1,    0, 1]:  L2( 0),   588,   588,     2,  1280,[   588,     0],     0
     Src_Flow [     0,     1,     1,     1] [     0,     0,     0]***[   420,     1,    80,     1] [   576,   576,   576]***[     0,     1,     1,     1] [     0,     0,     0]***[2]
     Snk_Flow [     0,     1,     1,     1] [     0,     0,     0]***[   420,     1,     2,    40] [   588,  -588,     0]***[     0,     1,     1,     1] [     0,     0,     0]***[2]
 LINK_P                         61337503552 :  [1,4,1,1]
    FM_IN_PART     <340> (PP,S8b)[ 4, 1,    0, 1]:  L2( 0),   588,   588,     2,  1280,[  0,  0],     0 |||| FM_FULL        <339> ( L,S8b)[ 4, 1,    0, 1]: MSMC( 0),   448,   400,    85, 38144,[     0,     0], d2080
     Src_Flow [     0,     1,     1,     1] [     0,     0,     0]***[   420,     1,     2,     2] [   588,   588,     0]***[     0,     1,     1,     1] [     0,     0,     0]***[2]
     Snk_Flow [     0,     1,     1,     1] [     0,     0,     0]***[   400,     1,     4,     1] [   448,   448,   448]***[     0,     1,     1,     1] [     0,     0,     0]***[2]
 LINK_P                         61874374464 :  [5,1,1,1]
    FM_IN_PART     <340> (PP,S8b)[ 1, 1,    0, 1]:  L2( 0),   588,   588,     2,  1280,[  0,  0],     0 |||| FM_FULL        <339> ( L,S8b)[ 1, 1,    0, 1]: MSMC( 0),   448,   400,    85, 38144,[  1792,     0], d2080
     Src_Flow [     0,     1,     1,     1] [     0,     0,     0]***[   420,     1,     1,     1] [   588,   588,     0]***[     0,     1,     1,     1] [     0,     0,     0]***[2]
     Snk_Flow [     0,     1,     1,     1] [     0,     0,     0]***[   400,     1,     1,     1] [   448,   400,   448]***[     0,     1,     1,     1] [     0,     0,     0]***[2]
 LINK_P                         60800632640 :  [6,80,1,1]
    FM_IN_PART     <340> (PP,S8b)[80, 1,    0, 1]:  L2( 0),   588,   588,     2,  1280,[588,  0],     0 |||| FM_FULL        <339> ( L,S8b)[80, 1,    0, 1]: MSMC( 0),   448,   400,    85, 38144,[  2240,     0], d2080
     Src_Flow [     0,     1,     1,     1] [     0,     0,     0]***[   420,     1,     2,    40] [   588,  -588,     0]***[     0,     1,     1,     1] [     0,     0,     0]***[2]
     Snk_Flow [     0,     1,     1,     1] [     0,     0,     0]***[   400,     1,    80,     1] [   448,   448,   448]***[     0,     1,     1,     1] [     0,     0,     0]***[2]
Padding Info [Row, Col]: Actual  IN -> OUT : [ 1,  1] -> [ 0,  0],  To fill zero OUT: [ 0,  0], Virtual Pad(T,L,B,R): [ 0,  0,  0,  0]

 ------------- 99( 0, 92, 0, 4, 0) [256 x 40 x  40] => [128 x 40 x  40] | TIDL_ConvolutionLayer
 LINK_X_FM_IN_FULL_TO_PART      48318383552 :  [0,3,1,1]
    FM_FULL        <273> ( L,U8b)[ 3, 1,    0, 1]: MSMC( 0),  1728,  1723,   256,442410,[ 42,  0], f6156 |||| FM_IN_PART     <342> ( L,U8b)[ 3, 1,    0, 1]:  L2( 0),  1600,  1600,   256,410368,[     0,     0],     0
     Src_Flow [     0,     1,     1,     1] [     0,     0,     0]***[   768,   256,     2,     1] [  1728,   768,442368]***[   104,   256,     1,     1] [  1728,   768,     0]***[2]
     Snk_Flow [     0,     1,     1,     1] [     0,     0,     0]***[   768,   256,     2,     1] [  1600,   768,     0]***[   104,   256,     1,     1] [  1600,   768,     0]***[2]
 LINK_X_COEFF_IN_ANY_TO_FINAL   48368715200 :  [0,1,1,1]
    COEFF_FULL     <343> ( L,S8b)[ 1, 1,    0, 1]: DDR_PERSIST( 0),   257,   257,   128, 32896,[  0,  0],759880 |||| COEFF_IN_FINAL <344> ( L,S8b)[ 1, 1,    0, 1]:  L2( 0),   320,   257,   128, 40960,[     0,     0], 64300
     Src_Flow [     0,     1,     1,     1] [     0,     0,     0]***[   257,   128,     1,     1] [   257,   257, 32896]***[     0,     1,     1,     1] [     0,     0,     0]***[2]
     Snk_Flow [     0,     1,     1,     1] [     0,     0,     0]***[   257,   128,     1,     1] [   320,   257,     0]***[     0,     1,     1,     1] [     0,     0,     0]***[2]
 LINK_P                         48452601280 :  [1,3,1,1]
    FM_IN_PART     <342> ( L,U8b)[ 3, 1,    0, 1]:  L2( 0),  1600,  1600,   256,410368,[  0,  0],     0 |||| FM_FULL        <341> ( L,U8b)[ 3, 1,    0, 1]: MSMC( 0),  1728,  1723,   128,221226,[    42,     0], dbed6
    COEFF_IN_FINAL  <344> ( L,S8b)[ 1, 1,    0, 1]:  L2( 0),   320,   257,   128, 40960,[  0,  0], 64300
     Src_Flow [     0,     1,     1,     1] [     0,     0,     0]***[   768,   256,     2,     1] [  1600,   768,     0]***[   104,   256,     1,     1] [  1600,   768,     0]***[2]
    Src2_Flow [     0,     1,     1,     1] [     0,     0,     0]***[   257,   128,     1,     1] [   320, 40960,     0]***[     0,     1,     1,     1] [     0,     0,     0]***[2]
     Snk_Flow [     0,     1,     1,     1] [     0,     0,     0]***[   768,   128,     2,     1] [  1728,   768,221184]***[   104,   128,     1,     1] [  1728,   768,     0]***[2]
Padding Info [Row, Col]: Actual  IN -> OUT : [ 1,  1] -> [ 1,  1],  To fill zero OUT: [ 1,  1], Virtual Pad(T,L,B,R): [ 0,  0,  0,  0]

 ------------- 100( 0, 94, 0, 3, 0) [128 x 40 x  40] => [128 x 40 x  40] | TIDL_ConvolutionLayer
 LINK_X_FM_IN_FULL_TO_PART      49392125408 :  [0,2,1,1]
    FM_FULL        <341> ( L,U8b)[ 2, 1,    0, 1]: MSMC( 0),  1728,  1723,   128,221226,[  0,  0], dbed6 |||| FM_IN_PART     <346> ( L,U8b)[ 2, 1,    0, 1]:  L2( 0),  2240,  2240,   128,286720,[     0,     0],     0
     Src_Flow [  1152,   128,     1,     1] [  1728,  1152,     0]***[   571,   128,     1,     1] [  1728,  1024,     0]***[     0,     1,     1,     1] [     1,     1,     1]***[2]
     Snk_Flow [  1152,   128,     1,     1] [  2240,  1152,     0]***[   571,   128,     1,     1] [  2240,  1024,     0]***[     0,     1,     1,     1] [     1,     1,     1]***[2]
 LINK_X_COEFF_IN_ANY_TO_FINAL   49442457056 :  [0,1,1,1]
    COEFF_FULL     <347> ( L,S8b)[ 1, 1,    0, 1]: DDR_PERSIST( 0),  1153,  1153,   128,147584,[  0,  0],761900 |||| COEFF_IN_FINAL <348> ( L,S8b)[ 1, 1,    0, 1]:  L2( 0),  1216,  1153,   128,155648,[     0,     0], 46000
     Src_Flow [     0,     1,     1,     1] [     0,     0,     0]***[  1153,   128,     1,     1] [  1153,  1153,147584]***[     0,     1,     1,     1] [     0,     0,     0]***[2]
     Snk_Flow [     0,     1,     1,     1] [     0,     0,     0]***[  1153,   128,     1,     1] [  1216,  1153,     0]***[     0,     1,     1,     1] [     0,     0,     0]***[2]
 LINK_P                         49526343136 :  [1,2,1,1]
    FM_IN_PART     <346> ( L,U8b)[ 2, 1,    0, 1]:  L2( 0),  2240,  2240,   128,286720,[  0,  0],     0 |||| FM_FULL        <345> ( L,U8b)[ 2, 1,    0, 1]: MSMC( 0),  1728,  1723,   128,221226,[    42,     0],111f56
    COEFF_IN_FINAL  <348> ( L,S8b)[ 1, 1,    0, 1]:  L2( 0),  1216,  1153,   128,155648,[  0,  0], 46000
     Src_Flow [     0,     1,     1,     1] [     0,     0,     0]***[  1108,   128,     1,     1] [  2240,  1024,     0]***[   699,   128,     1,     1] [  2240,  1024,     0]***[2]
    Src2_Flow [     0,     1,     1,     1] [     0,     0,     0]***[  1153,   128,     1,     1] [  1216,155648,     0]***[     0,     1,     1,     1] [     0,     0,     0]***[2]
     Snk_Flow [     0,     1,     1,     1] [     0,     0,     0]***[  1024,   128,     1,     1] [  1728,  1024,221184]***[   615,   128,     1,     1] [  1728,  1024,     0]***[2]
Padding Info [Row, Col]: Actual  IN -> OUT : [ 1,  1] -> [ 1,  1],  To fill zero OUT: [ 1,  1], Virtual Pad(T,L,B,R): [ 0,  0,  0,  0]

 ------------- 101( 0, 98, 0, 3, 0) [128 x 40 x  40] => [128 x 40 x  40] | TIDL_ConvolutionLayer
 LINK_X_FM_IN_FULL_TO_PART      50465867296 :  [0,2,1,1]
    FM_FULL        <345> ( L,U8b)[ 2, 1,    0, 1]: MSMC( 0),  1728,  1723,   128,221226,[  0,  0],111f56 |||| FM_IN_PART     <350> ( L,U8b)[ 2, 1,    0, 1]:  L2( 0),  2240,  2240,   128,286720,[     0,     0],     0
     Src_Flow [  1152,   128,     1,     1] [  1728,  1152,     0]***[   571,   128,     1,     1] [  1728,  1024,     0]***[     0,     1,     1,     1] [     1,     1,     1]***[2]
     Snk_Flow [  1152,   128,     1,     1] [  2240,  1152,     0]***[   571,   128,     1,     1] [  2240,  1024,     0]***[     0,     1,     1,     1] [     1,     1,     1]***[2]
 LINK_X_COEFF_IN_ANY_TO_FINAL   50516198944 :  [0,1,1,1]
    COEFF_FULL     <351> ( L,S8b)[ 1, 1,    0, 1]: DDR_PERSIST( 0),  1153,  1153,   128,147584,[  0,  0],785980 |||| COEFF_IN_FINAL <352> ( L,S8b)[ 1, 1,    0, 1]:  L2( 0),  1216,  1153,   128,155648,[     0,     0], 46000
     Src_Flow [     0,     1,     1,     1] [     0,     0,     0]***[  1153,   128,     1,     1] [  1153,  1153,147584]***[     0,     1,     1,     1] [     0,     0,     0]***[2]
     Snk_Flow [     0,     1,     1,     1] [     0,     0,     0]***[  1153,   128,     1,     1] [  1216,  1153,     0]***[     0,     1,     1,     1] [     0,     0,     0]***[2]
 LINK_P                         50600085024 :  [1,2,1,1]
    FM_IN_PART     <350> ( L,U8b)[ 2, 1,    0, 1]:  L2( 0),  2240,  2240,   128,286720,[  0,  0],     0 |||| FM_FULL        <349> ( L,U8b)[ 2, 1,    0, 1]: MSMC( 0),  1728,  1723,   128,221226,[    42,     0],111f56
    COEFF_IN_FINAL  <352> ( L,S8b)[ 1, 1,    0, 1]:  L2( 0),  1216,  1153,   128,155648,[  0,  0], 46000
     Src_Flow [     0,     1,     1,     1] [     0,     0,     0]***[  1108,   128,     1,     1] [  2240,  1024,     0]***[   699,   128,     1,     1] [  2240,  1024,     0]***[2]
    Src2_Flow [     0,     1,     1,     1] [     0,     0,     0]***[  1153,   128,     1,     1] [  1216,155648,     0]***[     0,     1,     1,     1] [     0,     0,     0]***[2]
     Snk_Flow [     0,     1,     1,     1] [     0,     0,     0]***[  1024,   128,     1,     1] [  1728,  1024,221184]***[   615,   128,     1,     1] [  1728,  1024,     0]***[2]
Padding Info [Row, Col]: Actual  IN -> OUT : [ 1,  1] -> [ 1,  1],  To fill zero OUT: [ 0,  0], Virtual Pad(T,L,B,R): [ 0,  0,  0,  0]

 ------------- 102( 0, 101, 0, 2, 0) [128 x 40 x  40] => [80 x 40 x  40] | TIDL_ConvolutionLayer
 LINK_X_FM_IN_FULL_TO_PART      52613350992 :  [0,1,1,1]
    FM_FULL        <349> ( L,U8b)[ 1, 1,    0, 1]: MSMC( 0),  1728,  1723,   128,221226,[ 42,  0],111f56 |||| FM_IN_PART     <354> ( L,U8b)[ 1, 1,    0, 1]:  L2( 0),  1728,  1728,   128,221184,[     0,     0],     0
     Src_Flow [     0,     1,     1,     1] [     0,     0,     0]***[  1640,   128,     1,     1] [  1728,  1640,221184]***[     0,     1,     1,     1] [     0,     0,     0]***[2]
     Snk_Flow [     0,     1,     1,     1] [     0,     0,     0]***[  1640,   128,     1,     1] [  1728,  1640,     0]***[     0,     1,     1,     1] [     0,     0,     0]***[2]
 LINK_X_COEFF_IN_ANY_TO_FINAL   52663682640 :  [0,1,1,1]
    COEFF_FULL     <355> ( L,S8b)[ 1, 1,    0, 1]: DDR_PERSIST( 0),   129,   129,    80, 10368,[  0,  0],7a9a00 |||| COEFF_IN_FINAL <356> ( L,S8b)[ 1, 1,    0, 1]:  L2( 0),   192,   129,    80, 15360,[     0,     0], 36000
     Src_Flow [     0,     1,     1,     1] [     0,     0,     0]***[   129,    80,     1,     1] [   129,   129, 10320]***[     0,     1,     1,     1] [     0,     0,     0]***[2]
     Snk_Flow [     0,     1,     1,     1] [     0,     0,     0]***[   129,    80,     1,     1] [   192,   129,     0]***[     0,     1,     1,     1] [     0,     0,     0]***[2]
 LINK_P                         52747568720 :  [1,1,1,1]
    FM_IN_PART     <354> ( L,U8b)[ 1, 1,    0, 1]:  L2( 0),  1728,  1728,   128,221184,[  0,  0],     0 |||| FM_FULL        <353> ( L,S8b)[ 1, 1,    0, 1]: MSMC( 0),  1728,  1723,    80,138282,[    42,     0],111f56
    COEFF_IN_FINAL  <356> ( L,S8b)[ 1, 1,    0, 1]:  L2( 0),   192,   129,    80, 15360,[  0,  0], 36000
     Src_Flow [     0,     1,     1,     1] [     0,     0,     0]***[  1640,   128,     1,     1] [  1728,  1640,     0]***[     0,     1,     1,     1] [     0,     0,     0]***[2]
    Src2_Flow [     0,     1,     1,     1] [     0,     0,     0]***[   129,    80,     1,     1] [   192, 15360,     0]***[     0,     1,     1,     1] [     0,     0,     0]***[2]
     Snk_Flow [     0,     1,     1,     1] [     0,     0,     0]***[  1640,    80,     1,     1] [  1728,  1640,138240]***[     0,     1,     1,     1] [     0,     0,     0]***[2]
Padding Info [Row, Col]: Actual  IN -> OUT : [ 1,  1] -> [ 1,  1],  To fill zero OUT: [ 0,  0], Virtual Pad(T,L,B,R): [ 0,  0,  0,  0]

 ------------- 103( 0, 95, 0, 3, 0) [128 x 40 x  40] => [128 x 40 x  40] | TIDL_ConvolutionLayer
 LINK_X_FM_IN_FULL_TO_PART      49392125424 :  [0,2,1,1]
    FM_FULL        <341> ( L,U8b)[ 2, 1,    0, 1]: MSMC( 0),  1728,  1723,   128,221226,[  0,  0], dbed6 |||| FM_IN_PART     <358> ( L,U8b)[ 2, 1,    0, 1]:  L2( 0),  2240,  2240,   128,286720,[     0,     0],     0
     Src_Flow [  1152,   128,     1,     1] [  1728,  1152,     0]***[   571,   128,     1,     1] [  1728,  1024,     0]***[     0,     1,     1,     1] [     1,     1,     1]***[2]
     Snk_Flow [  1152,   128,     1,     1] [  2240,  1152,     0]***[   571,   128,     1,     1] [  2240,  1024,     0]***[     0,     1,     1,     1] [     1,     1,     1]***[2]
 LINK_X_COEFF_IN_ANY_TO_FINAL   49442457072 :  [0,1,1,1]
    COEFF_FULL     <359> ( L,S8b)[ 1, 1,    0, 1]: DDR_PERSIST( 0),  1153,  1153,   128,147584,[  0,  0],7ac280 |||| COEFF_IN_FINAL <360> ( L,S8b)[ 1, 1,    0, 1]:  L2( 0),  1216,  1153,   128,155648,[     0,     0], 46000
     Src_Flow [     0,     1,     1,     1] [     0,     0,     0]***[  1153,   128,     1,     1] [  1153,  1153,147584]***[     0,     1,     1,     1] [     0,     0,     0]***[2]
     Snk_Flow [     0,     1,     1,     1] [     0,     0,     0]***[  1153,   128,     1,     1] [  1216,  1153,     0]***[     0,     1,     1,     1] [     0,     0,     0]***[2]
 LINK_P                         49526343152 :  [1,2,1,1]
    FM_IN_PART     <358> ( L,U8b)[ 2, 1,    0, 1]:  L2( 0),  2240,  2240,   128,286720,[  0,  0],     0 |||| FM_FULL        <357> ( L,U8b)[ 2, 1,    0, 1]: MSMC( 0),  1728,  1723,   128,221226,[    42,     0],133bd6
    COEFF_IN_FINAL  <360> ( L,S8b)[ 1, 1,    0, 1]:  L2( 0),  1216,  1153,   128,155648,[  0,  0], 46000
     Src_Flow [     0,     1,     1,     1] [     0,     0,     0]***[  1108,   128,     1,     1] [  2240,  1024,     0]***[   699,   128,     1,     1] [  2240,  1024,     0]***[2]
    Src2_Flow [     0,     1,     1,     1] [     0,     0,     0]***[  1153,   128,     1,     1] [  1216,155648,     0]***[     0,     1,     1,     1] [     0,     0,     0]***[2]
     Snk_Flow [     0,     1,     1,     1] [     0,     0,     0]***[  1024,   128,     1,     1] [  1728,  1024,221184]***[   615,   128,     1,     1] [  1728,  1024,     0]***[2]
Padding Info [Row, Col]: Actual  IN -> OUT : [ 1,  1] -> [ 1,  1],  To fill zero OUT: [ 1,  1], Virtual Pad(T,L,B,R): [ 0,  0,  0,  0]

 ------------- 104( 0, 99, 0, 3, 0) [128 x 40 x  40] => [128 x 40 x  40] | TIDL_ConvolutionLayer
 LINK_X_FM_IN_FULL_TO_PART      51002738224 :  [0,2,1,1]
    FM_FULL        <357> ( L,U8b)[ 2, 1,    0, 1]: MSMC( 0),  1728,  1723,   128,221226,[  0,  0],133bd6 |||| FM_IN_PART     <362> ( L,U8b)[ 2, 1,    0, 1]:  L2( 0),  2240,  2240,   128,286720,[     0,     0],     0
     Src_Flow [  1152,   128,     1,     1] [  1728,  1152,     0]***[   571,   128,     1,     1] [  1728,  1024,     0]***[     0,     1,     1,     1] [     1,     1,     1]***[2]
     Snk_Flow [  1152,   128,     1,     1] [  2240,  1152,     0]***[   571,   128,     1,     1] [  2240,  1024,     0]***[     0,     1,     1,     1] [     1,     1,     1]***[2]
 LINK_X_COEFF_IN_ANY_TO_FINAL   51053069872 :  [0,1,1,1]
    COEFF_FULL     <363> ( L,S8b)[ 1, 1,    0, 1]: DDR_PERSIST( 0),  1153,  1153,   128,147584,[  0,  0],7d0300 |||| COEFF_IN_FINAL <364> ( L,S8b)[ 1, 1,    0, 1]:  L2( 0),  1216,  1153,   128,155648,[     0,     0], 46000
     Src_Flow [     0,     1,     1,     1] [     0,     0,     0]***[  1153,   128,     1,     1] [  1153,  1153,147584]***[     0,     1,     1,     1] [     0,     0,     0]***[2]
     Snk_Flow [     0,     1,     1,     1] [     0,     0,     0]***[  1153,   128,     1,     1] [  1216,  1153,     0]***[     0,     1,     1,     1] [     0,     0,     0]***[2]
 LINK_P                         51136955952 :  [1,2,1,1]
    FM_IN_PART     <362> ( L,U8b)[ 2, 1,    0, 1]:  L2( 0),  2240,  2240,   128,286720,[  0,  0],     0 |||| FM_FULL        <361> ( L,U8b)[ 2, 1,    0, 1]: MSMC( 0),  1728,  1723,   128,221226,[    42,     0], db5d6
    COEFF_IN_FINAL  <364> ( L,S8b)[ 1, 1,    0, 1]:  L2( 0),  1216,  1153,   128,155648,[  0,  0], 46000
     Src_Flow [     0,     1,     1,     1] [     0,     0,     0]***[  1108,   128,     1,     1] [  2240,  1024,     0]***[   699,   128,     1,     1] [  2240,  1024,     0]***[2]
    Src2_Flow [     0,     1,     1,     1] [     0,     0,     0]***[  1153,   128,     1,     1] [  1216,155648,     0]***[     0,     1,     1,     1] [     0,     0,     0]***[2]
     Snk_Flow [     0,     1,     1,     1] [     0,     0,     0]***[  1024,   128,     1,     1] [  1728,  1024,221184]***[   615,   128,     1,     1] [  1728,  1024,     0]***[2]
Padding Info [Row, Col]: Actual  IN -> OUT : [ 1,  1] -> [ 1,  1],  To fill zero OUT: [ 0,  0], Virtual Pad(T,L,B,R): [ 0,  0,  0,  0]

 ------------- 105( 0, 102, 0, 2, 0) [128 x 40 x  40] => [4 x 40 x  40] | TIDL_ConvolutionLayer
 LINK_X_FM_IN_FULL_TO_PART      53150221920 :  [0,1,1,1]
    FM_FULL        <361> ( L,U8b)[ 1, 1,    0, 1]: MSMC( 0),  1728,  1723,   128,221226,[ 42,  0], db5d6 |||| FM_IN_PART     <366> ( L,U8b)[ 1, 1,    0, 1]:  L2( 0),  1728,  1728,   128,221184,[     0,     0],     0
     Src_Flow [     0,     1,     1,     1] [     0,     0,     0]***[  1640,   128,     1,     1] [  1728,  1640,221184]***[     0,     1,     1,     1] [     0,     0,     0]***[2]
     Snk_Flow [     0,     1,     1,     1] [     0,     0,     0]***[  1640,   128,     1,     1] [  1728,  1640,     0]***[     0,     1,     1,     1] [     0,     0,     0]***[2]
 LINK_X_COEFF_IN_ANY_TO_FINAL   53200553568 :  [0,1,1,1]
    COEFF_FULL     <367> ( L,S8b)[ 1, 1,    0, 1]: DDR_PERSIST( 0),   129,   129,     4,   640,[  0,  0],7f4380 |||| COEFF_IN_FINAL <368> ( L,S8b)[ 1, 1,    0, 1]:  L2( 0),   192,   129,     4,   768,[     0,     0], 36000
     Src_Flow [     0,     1,     1,     1] [     0,     0,     0]***[   129,     4,     1,     1] [   129,   129,   516]***[     0,     1,     1,     1] [     0,     0,     0]***[2]
     Snk_Flow [     0,     1,     1,     1] [     0,     0,     0]***[   129,     4,     1,     1] [   192,   129,     0]***[     0,     1,     1,     1] [     0,     0,     0]***[2]
 LINK_P                         53284439648 :  [1,1,1,1]
    FM_IN_PART     <366> ( L,U8b)[ 1, 1,    0, 1]:  L2( 0),  1728,  1728,   128,221184,[  0,  0],     0 |||| FM_FULL        <365> ( L,S8b)[ 1, 1,    0, 1]: MSMC( 0),  1728,  1723,     4,  6954,[    42,     0],133bd6
    COEFF_IN_FINAL  <368> ( L,S8b)[ 1, 1,    0, 1]:  L2( 0),   192,   129,     4,   768,[  0,  0], 36000
     Src_Flow [     0,     1,     1,     1] [     0,     0,     0]***[  1640,   128,     1,     1] [  1728,  1640,     0]***[     0,     1,     1,     1] [     0,     0,     0]***[2]
    Src2_Flow [     0,     1,     1,     1] [     0,     0,     0]***[   129,     4,     1,     1] [   192,   768,     0]***[     0,     1,     1,     1] [     0,     0,     0]***[2]
     Snk_Flow [     0,     1,     1,     1] [     0,     0,     0]***[  1640,     4,     1,     1] [  1728,  1640,  6912]***[     0,     1,     1,     1] [     0,     0,     0]***[2]
Padding Info [Row, Col]: Actual  IN -> OUT : [ 1,  1] -> [ 1,  1],  To fill zero OUT: [ 0,  0], Virtual Pad(T,L,B,R): [ 0,  0,  0,  0]

 ------------- 106( 0, 103, 0, 3, 0) [128 x 40 x  40] => [1 x 40 x  40] | TIDL_ConvolutionLayer
 LINK_X_FM_IN_FULL_TO_PART      53150221936 :  [1,1,1,1]
    FM_FULL        <361> ( L,U8b)[ 1, 1,    0, 1]: MSMC( 0),  1728,  1723,   128,221226,[ 42,  0], db5d6 |||| FM_IN_PART     <370> ( L,U8b)[ 1, 1,    0, 1]:  L2( 0),  1728,  1728,   128,221184,[     0,     0],     0
     Src_Flow [     0,     1,     1,     1] [     0,     0,     0]***[  1640,   128,     1,     1] [  1728,  1640,221184]***[     0,     1,     1,     1] [     0,     0,     0]***[2]
     Snk_Flow [     0,     1,     1,     1] [     0,     0,     0]***[  1640,   128,     1,     1] [  1728,  1640,     0]***[     0,     1,     1,     1] [     0,     0,     0]***[2]
 LINK_X_COEFF_IN_ANY_TO_FINAL   53200553584 :  [1,1,1,1]
    COEFF_IN_STAGE <372> ( L,S8b)[ 1, 1,    0, 1]: MSMC( 0),   192,   129,     1,   256,[  0,  0],7b9f00 |||| COEFF_IN_FINAL <373> ( L,S8b)[ 1, 1,    0, 1]:  L2( 0),   192,   129,     1,   256,[     0,     0], 36000
     Src_Flow [     0,     1,     1,     1] [     0,     0,     0]***[   129,     1,     1,     1] [   192,   129,   192]***[     0,     1,     1,     1] [     0,     0,     0]***[2]
     Snk_Flow [     0,     1,     1,     1] [     0,     0,     0]***[   129,     1,     1,     1] [   192,   129,     0]***[     0,     1,     1,     1] [     0,     0,     0]***[2]
 LINK_P                         53284439664 :  [2,1,1,1]
    FM_IN_PART     <370> ( L,U8b)[ 1, 1,    0, 1]:  L2( 0),  1728,  1728,   128,221184,[  0,  0],     0 |||| FM_FULL        <369> ( L,S8b)[ 1, 1,    0, 1]: MSMC( 0),  1728,  1723,     1,  1834,[    42,     0], fd1d6
    COEFF_IN_FINAL  <373> ( L,S8b)[ 1, 1,    0, 1]:  L2( 0),   192,   129,     1,   256,[  0,  0], 36000
     Src_Flow [     0,     1,     1,     1] [     0,     0,     0]***[  1640,   128,     1,     1] [  1728,  1640,     0]***[     0,     1,     1,     1] [     0,     0,     0]***[2]
    Src2_Flow [     0,     1,     1,     1] [     0,     0,     0]***[   129,     1,     1,     1] [   192,   192,     0]***[     0,     1,     1,     1] [     0,     0,     0]***[2]
     Snk_Flow [     0,     1,     1,     1] [     0,     0,     0]***[  1640,     1,     1,     1] [  1728,  1640,  1728]***[     0,     1,     1,     1] [     0,     0,     0]***[2]
Padding Info [Row, Col]: Actual  IN -> OUT : [ 1,  1] -> [ 1,  1],  To fill zero OUT: [ 0,  0], Virtual Pad(T,L,B,R): [ 0,  0,  0,  0]

 ------------- 107( 0, 105, 0, 86, 0) [85 x 40 x  40] => [85 x 40 x  40] | TIDL_ConcatLayer
 LINK_X_FM_IN_FULL_TO_PART      54760834704 :  [0,4,1,1]
    FM_FULL        <365> ( L,S8b)[ 4, 1,    0, 1]: MSMC( 0),  1728,  1723,     4,  6954,[ 42,  0],133bd6 |||| FM_IN_PART     <375> (PP,S8b)[ 4, 1,    0, 1]:  L2( 0),  1763,  1763,     2,  3584,[     0,     0],     0
     Src_Flow [     0,     1,     1,     1] [     0,     0,     0]***[  1640,     1,     4,     1] [  1728,  1728,  1728]***[     0,     1,     1,     1] [     0,     0,     0]***[2]
     Snk_Flow [     0,     1,     1,     1] [     0,     0,     0]***[  1640,     1,     2,     2] [  1763,  1763,     0]***[     0,     1,     1,     1] [     0,     0,     0]***[2]
 LINK_X_FM_IN_FULL_TO_PART      55297705616 :  [4,1,1,1]
    FM_FULL        <369> ( L,S8b)[ 1, 1,    0, 1]: MSMC( 0),  1728,  1723,     1,  1834,[ 42,  0], fd1d6 |||| FM_IN_PART     <375> (PP,S8b)[ 1, 1,    0, 1]:  L2( 0),  1763,  1763,     2,  3584,[     0,     0],     0
     Src_Flow [     0,     1,     1,     1] [     0,     0,     0]***[  1640,     1,     1,     1] [  1728,  1640,  1728]***[     0,     1,     1,     1] [     0,     0,     0]***[2]
     Snk_Flow [     0,     1,     1,     1] [     0,     0,     0]***[  1640,     1,     1,     1] [  1763,  1763,     0]***[     0,     1,     1,     1] [     0,     0,     0]***[2]
 LINK_X_FM_IN_FULL_TO_PART      54223963792 :  [5,80,1,1]
    FM_FULL        <353> ( L,S8b)[80, 1,    0, 1]: MSMC( 0),  1728,  1723,    80,138282,[ 42,  0],111f56 |||| FM_IN_PART     <375> (PP,S8b)[80, 1,    0, 1]:  L2( 0),  1763,  1763,     2,  3584,[  1763,     0],     0
     Src_Flow [     0,     1,     1,     1] [     0,     0,     0]***[  1640,     1,    80,     1] [  1728,  1728,  1728]***[     0,     1,     1,     1] [     0,     0,     0]***[2]
     Snk_Flow [     0,     1,     1,     1] [     0,     0,     0]***[  1640,     1,     2,    40] [  1763, -1763,     0]***[     0,     1,     1,     1] [     0,     0,     0]***[2]
 LINK_P                         54895052432 :  [1,4,1,1]
    FM_IN_PART     <375> (PP,S8b)[ 4, 1,    0, 1]:  L2( 0),  1763,  1763,     2,  3584,[  0,  0],     0 |||| FM_FULL        <374> ( L,S8b)[ 4, 1,    0, 1]: MSMC( 0),  1600,  1600,    85,136064,[     0,     0], db580
     Src_Flow [     0,     1,     1,     1] [     0,     0,     0]***[  1640,     1,     2,     2] [  1763,  1763,     0]***[     0,     1,     1,     1] [     0,     0,     0]***[2]
     Snk_Flow [     0,     1,     1,     1] [     0,     0,     0]***[  1600,     1,     4,     1] [  1600,  1600,  1600]***[     0,     1,     1,     1] [     0,     0,     0]***[2]
 LINK_P                         55431923344 :  [5,1,1,1]
    FM_IN_PART     <375> (PP,S8b)[ 1, 1,    0, 1]:  L2( 0),  1763,  1763,     2,  3584,[  0,  0],     0 |||| FM_FULL        <374> ( L,S8b)[ 1, 1,    0, 1]: MSMC( 0),  1600,  1600,    85,136064,[  6400,     0], db580
     Src_Flow [     0,     1,     1,     1] [     0,     0,     0]***[  1640,     1,     1,     1] [  1763,  1763,     0]***[     0,     1,     1,     1] [     0,     0,     0]***[2]
     Snk_Flow [     0,     1,     1,     1] [     0,     0,     0]***[  1600,     1,     1,     1] [  1600,  1600,  1600]***[     0,     1,     1,     1] [     0,     0,     0]***[2]
 LINK_P                         54358181520 :  [6,80,1,1]
    FM_IN_PART     <375> (PP,S8b)[80, 1,    0, 1]:  L2( 0),  1763,  1763,     2,  3584,[1763,  0],     0 |||| FM_FULL        <374> ( L,S8b)[80, 1,    0, 1]: MSMC( 0),  1600,  1600,    85,136064,[  8000,     0], db580
     Src_Flow [     0,     1,     1,     1] [     0,     0,     0]***[  1640,     1,     2,    40] [  1763, -1763,     0]***[     0,     1,     1,     1] [     0,     0,     0]***[2]
     Snk_Flow [     0,     1,     1,     1] [     0,     0,     0]***[  1600,     1,    80,     1] [  1600,  1600,  1600]***[     0,     1,     1,     1] [     0,     0,     0]***[2]
Padding Info [Row, Col]: Actual  IN -> OUT : [ 1,  1] -> [ 0,  0],  To fill zero OUT: [ 0,  0], Virtual Pad(T,L,B,R): [ 0,  0,  0,  0]

 ------------- 108( 0, 75, 0, 6, 0) [128 x 80 x  80] => [128 x 80 x  80] | TIDL_ConvolutionLayer
 LINK_X_FM_IN_FULL_TO_PART      39191577776 :  [0,5,1,1]
    FM_FULL        <245> ( L,U8b)[ 5, 1,    0, 1]: MSMC( 0),  6720,  6643,   128,860242,[ 82,  0],    2e |||| FM_IN_PART     <377> ( L,U8b)[ 5, 1,    0, 1]:  L2( 0),  3264,  3264,   128,422528,[     0,     0],     0
     Src_Flow [     0,     1,     1,     1] [     0,     0,     0]***[  1600,   128,     4,     1] [  6720,  1600,860160]***[    80,   128,     1,     1] [  6720,  1600,     0]***[2]
     Snk_Flow [     0,     1,     1,     1] [     0,     0,     0]***[  1600,   128,     4,     1] [  3264,  1600,     0]***[    80,   128,     1,     1] [  3264,  1600,     0]***[2]
 LINK_X_COEFF_IN_ANY_TO_FINAL   39241909424 :  [0,1,1,1]
    COEFF_FULL     <378> ( L,S8b)[ 1, 1,    0, 1]: DDR_PERSIST( 0),   129,   129,   128, 16512,[  0,  0],7f4700 |||| COEFF_IN_FINAL <379> ( L,S8b)[ 1, 1,    0, 1]:  L2( 0),   192,   129,   128, 24576,[     0,     0], 67280
     Src_Flow [     0,     1,     1,     1] [     0,     0,     0]***[   129,   128,     1,     1] [   129,   129, 16512]***[     0,     1,     1,     1] [     0,     0,     0]***[2]
     Snk_Flow [     0,     1,     1,     1] [     0,     0,     0]***[   129,   128,     1,     1] [   192,   129,     0]***[     0,     1,     1,     1] [     0,     0,     0]***[2]
 LINK_P                         39325795504 :  [1,5,1,1]
    FM_IN_PART     <377> ( L,U8b)[ 5, 1,    0, 1]:  L2( 0),  3264,  3264,   128,422528,[  0,  0],     0 |||| FM_FULL        <376> ( L,U8b)[ 5, 1,    0, 1]: MSMC( 0),  6720,  6643,   128,860242,[    82,     0],    2e
    COEFF_IN_FINAL  <379> ( L,S8b)[ 1, 1,    0, 1]:  L2( 0),   192,   129,   128, 24576,[  0,  0], 67280
     Src_Flow [     0,     1,     1,     1] [     0,     0,     0]***[  1600,   128,     4,     1] [  3264,  1600,     0]***[    80,   128,     1,     1] [  3264,  1600,     0]***[2]
    Src2_Flow [     0,     1,     1,     1] [     0,     0,     0]***[   129,   128,     1,     1] [   192, 24576,     0]***[     0,     1,     1,     1] [     0,     0,     0]***[2]
     Snk_Flow [     0,     1,     1,     1] [     0,     0,     0]***[  1600,   128,     4,     1] [  6720,  1600,860160]***[    80,   128,     1,     1] [  6720,  1600,     0]***[2]
Padding Info [Row, Col]: Actual  IN -> OUT : [ 1,  1] -> [ 1,  1],  To fill zero OUT: [ 1,  1], Virtual Pad(T,L,B,R): [ 0,  0,  0,  0]

 ------------- 109( 0, 77, 0, 8, 0) [128 x 80 x  80] => [128 x 80 x  80] | TIDL_ConvolutionLayer
 LINK_X_FM_IN_FULL_TO_PART      40265319632 :  [0,7,1,1]
    FM_FULL        <376> ( L,U8b)[ 7, 1,    0, 1]: MSMC( 0),  6720,  6643,   128,860242,[  0,  0],    2e |||| FM_IN_PART     <381> ( L,U8b)[ 7, 1,    0, 1]:  L2( 0),  2240,  2240,   128,291840,[     0,     0],     0
     Src_Flow [  1216,   128,     1,     1] [  6720,  1216,     0]***[  1024,   128,     5,     1] [  6720,  1024,860160]***[   307,   128,     1,     1] [  6720,  1024,     0]***[2]
     Snk_Flow [  1216,   128,     1,     1] [  2240,  1216,     0]***[  1024,   128,     5,     1] [  2240,  1024,     0]***[   307,   128,     1,     1] [  2240,  1024,     0]***[2]
 LINK_X_COEFF_IN_ANY_TO_FINAL   40315651280 :  [0,1,1,1]
    COEFF_FULL     <382> ( L,S8b)[ 1, 1,    0, 1]: DDR_PERSIST( 0),  1153,  1153,   128,147584,[  0,  0],7f8780 |||| COEFF_IN_FINAL <383> ( L,S8b)[ 1, 1,    0, 1]:  L2( 0),  1216,  1153,   128,155648,[     0,     0], 47400
     Src_Flow [     0,     1,     1,     1] [     0,     0,     0]***[  1153,   128,     1,     1] [  1153,  1153,147584]***[     0,     1,     1,     1] [     0,     0,     0]***[2]
     Snk_Flow [     0,     1,     1,     1] [     0,     0,     0]***[  1153,   128,     1,     1] [  1216,  1153,     0]***[     0,     1,     1,     1] [     0,     0,     0]***[2]
 LINK_P                         40399537360 :  [1,7,1,1]
    FM_IN_PART     <381> ( L,U8b)[ 7, 1,    0, 1]:  L2( 0),  2240,  2240,   128,291840,[  0,  0],     0 |||| FM_FULL        <380> ( L,U8b)[ 7, 1,    0, 1]: MSMC( 0),  6720,  6643,   128,860242,[    82,     0], fc92e
    COEFF_IN_FINAL  <383> ( L,S8b)[ 1, 1,    0, 1]:  L2( 0),  1216,  1153,   128,155648,[  0,  0], 47400
     Src_Flow [     0,     1,     1,     1] [     0,     0,     0]***[  1188,   128,     6,     1] [  2240,  1024,     0]***[   499,   128,     1,     1] [  2240,  1024,     0]***[2]
    Src2_Flow [     0,     1,     1,     1] [     0,     0,     0]***[  1153,   128,     1,     1] [  1216,155648,     0]***[     0,     1,     1,     1] [     0,     0,     0]***[2]
     Snk_Flow [     0,     1,     1,     1] [     0,     0,     0]***[  1024,   128,     6,     1] [  6720,  1024,860160]***[   335,   128,     1,     1] [  6720,  1024,     0]***[2]
Padding Info [Row, Col]: Actual  IN -> OUT : [ 1,  1] -> [ 1,  1],  To fill zero OUT: [ 1,  1], Virtual Pad(T,L,B,R): [ 0,  0,  0,  0]

 ------------- 110( 0, 81, 0, 8, 0) [128 x 80 x  80] => [128 x 80 x  80] | TIDL_ConvolutionLayer
 LINK_X_FM_IN_FULL_TO_PART      41339061520 :  [0,7,1,1]
    FM_FULL        <380> ( L,U8b)[ 7, 1,    0, 1]: MSMC( 0),  6720,  6643,   128,860242,[  0,  0], fc92e |||| FM_IN_PART     <385> ( L,U8b)[ 7, 1,    0, 1]:  L2( 0),  2240,  2240,   128,291840,[     0,     0],     0
     Src_Flow [  1216,   128,     1,     1] [  6720,  1216,     0]***[  1024,   128,     5,     1] [  6720,  1024,860160]***[   307,   128,     1,     1] [  6720,  1024,     0]***[2]
     Snk_Flow [  1216,   128,     1,     1] [  2240,  1216,     0]***[  1024,   128,     5,     1] [  2240,  1024,     0]***[   307,   128,     1,     1] [  2240,  1024,     0]***[2]
 LINK_X_COEFF_IN_ANY_TO_FINAL   41389393168 :  [0,1,1,1]
    COEFF_FULL     <386> ( L,S8b)[ 1, 1,    0, 1]: DDR_PERSIST( 0),  1153,  1153,   128,147584,[  0,  0],81c800 |||| COEFF_IN_FINAL <387> ( L,S8b)[ 1, 1,    0, 1]:  L2( 0),  1216,  1153,   128,155648,[     0,     0], 47400
     Src_Flow [     0,     1,     1,     1] [     0,     0,     0]***[  1153,   128,     1,     1] [  1153,  1153,147584]***[     0,     1,     1,     1] [     0,     0,     0]***[2]
     Snk_Flow [     0,     1,     1,     1] [     0,     0,     0]***[  1153,   128,     1,     1] [  1216,  1153,     0]***[     0,     1,     1,     1] [     0,     0,     0]***[2]
 LINK_P                         41473279248 :  [1,7,1,1]
    FM_IN_PART     <385> ( L,U8b)[ 7, 1,    0, 1]:  L2( 0),  2240,  2240,   128,291840,[  0,  0],     0 |||| FM_FULL        <384> ( L,U8b)[ 7, 1,    0, 1]: MSMC( 0),  6720,  6643,   128,860242,[    82,     0], fc92e
    COEFF_IN_FINAL  <387> ( L,S8b)[ 1, 1,    0, 1]:  L2( 0),  1216,  1153,   128,155648,[  0,  0], 47400
     Src_Flow [     0,     1,     1,     1] [     0,     0,     0]***[  1188,   128,     6,     1] [  2240,  1024,     0]***[   499,   128,     1,     1] [  2240,  1024,     0]***[2]
    Src2_Flow [     0,     1,     1,     1] [     0,     0,     0]***[  1153,   128,     1,     1] [  1216,155648,     0]***[     0,     1,     1,     1] [     0,     0,     0]***[2]
     Snk_Flow [     0,     1,     1,     1] [     0,     0,     0]***[  1024,   128,     6,     1] [  6720,  1024,860160]***[   335,   128,     1,     1] [  6720,  1024,     0]***[2]
Padding Info [Row, Col]: Actual  IN -> OUT : [ 1,  1] -> [ 1,  1],  To fill zero OUT: [ 0,  0], Virtual Pad(T,L,B,R): [ 0,  0,  0,  0]

 ------------- 111( 0, 84, 0, 5, 0) [128 x 80 x  80] => [80 x 80 x  80] | TIDL_ConvolutionLayer
 LINK_X_FM_IN_FULL_TO_PART      43486545216 :  [0,4,1,1]
    FM_FULL        <384> ( L,U8b)[ 4, 1,    0, 1]: MSMC( 0),  6720,  6643,   128,860242,[ 82,  0], fc92e |||| FM_IN_PART     <389> ( L,U8b)[ 4, 1,    0, 1]:  L2( 0),  3392,  3392,   128,437504,[     0,     0],     0
     Src_Flow [     0,     1,     1,     1] [     0,     0,     0]***[  1664,   128,     3,     1] [  6720,  1664,860160]***[  1488,   128,     1,     1] [  6720,  1664,     0]***[2]
     Snk_Flow [     0,     1,     1,     1] [     0,     0,     0]***[  1664,   128,     3,     1] [  3392,  1664,     0]***[  1488,   128,     1,     1] [  3392,  1664,     0]***[2]
 LINK_X_COEFF_IN_ANY_TO_FINAL   43536876864 :  [0,1,1,1]
    COEFF_FULL     <390> ( L,S8b)[ 1, 1,    0, 1]: DDR_PERSIST( 0),   129,   129,    80, 10368,[  0,  0],840880 |||| COEFF_IN_FINAL <391> ( L,S8b)[ 1, 1,    0, 1]:  L2( 0),   192,   129,    80, 15360,[     0,     0], 6ad00
     Src_Flow [     0,     1,     1,     1] [     0,     0,     0]***[   129,    80,     1,     1] [   129,   129, 10320]***[     0,     1,     1,     1] [     0,     0,     0]***[2]
     Snk_Flow [     0,     1,     1,     1] [     0,     0,     0]***[   129,    80,     1,     1] [   192,   129,     0]***[     0,     1,     1,     1] [     0,     0,     0]***[2]
 LINK_P                         43620762944 :  [1,4,1,1]
    FM_IN_PART     <389> ( L,U8b)[ 4, 1,    0, 1]:  L2( 0),  3392,  3392,   128,437504,[  0,  0],     0 |||| FM_FULL        <388> ( L,S8b)[ 4, 1,    0, 1]: MSMC( 0),  6720,  6643,    80,537682,[    82,     0], fc92e
    COEFF_IN_FINAL  <391> ( L,S8b)[ 1, 1,    0, 1]:  L2( 0),   192,   129,    80, 15360,[  0,  0], 6ad00
     Src_Flow [     0,     1,     1,     1] [     0,     0,     0]***[  1664,   128,     3,     1] [  3392,  1664,     0]***[  1488,   128,     1,     1] [  3392,  1664,     0]***[2]
    Src2_Flow [     0,     1,     1,     1] [     0,     0,     0]***[   129,    80,     1,     1] [   192, 15360,     0]***[     0,     1,     1,     1] [     0,     0,     0]***[2]
     Snk_Flow [     0,     1,     1,     1] [     0,     0,     0]***[  1664,    80,     3,     1] [  6720,  1664,537600]***[  1488,    80,     1,     1] [  6720,  1664,     0]***[2]
Padding Info [Row, Col]: Actual  IN -> OUT : [ 1,  1] -> [ 1,  1],  To fill zero OUT: [ 0,  0], Virtual Pad(T,L,B,R): [ 0,  0,  0,  0]

 ------------- 112( 0, 78, 0, 8, 0) [128 x 80 x  80] => [128 x 80 x  80] | TIDL_ConvolutionLayer
 LINK_X_FM_IN_FULL_TO_PART      40265319648 :  [0,7,1,1]
    FM_FULL        <376> ( L,U8b)[ 7, 1,    0, 1]: MSMC( 0),  6720,  6643,   128,860242,[  0,  0],    2e |||| FM_IN_PART     <393> ( L,U8b)[ 7, 1,    0, 1]:  L2( 0),  2240,  2240,   128,291840,[     0,     0],     0
     Src_Flow [  1216,   128,     1,     1] [  6720,  1216,     0]***[  1024,   128,     5,     1] [  6720,  1024,860160]***[   307,   128,     1,     1] [  6720,  1024,     0]***[2]
     Snk_Flow [  1216,   128,     1,     1] [  2240,  1216,     0]***[  1024,   128,     5,     1] [  2240,  1024,     0]***[   307,   128,     1,     1] [  2240,  1024,     0]***[2]
 LINK_X_COEFF_IN_ANY_TO_FINAL   40315651296 :  [0,1,1,1]
    COEFF_FULL     <394> ( L,S8b)[ 1, 1,    0, 1]: DDR_PERSIST( 0),  1153,  1153,   128,147584,[  0,  0],843100 |||| COEFF_IN_FINAL <395> ( L,S8b)[ 1, 1,    0, 1]:  L2( 0),  1216,  1153,   128,155648,[     0,     0], 47400
     Src_Flow [     0,     1,     1,     1] [     0,     0,     0]***[  1153,   128,     1,     1] [  1153,  1153,147584]***[     0,     1,     1,     1] [     0,     0,     0]***[2]
     Snk_Flow [     0,     1,     1,     1] [     0,     0,     0]***[  1153,   128,     1,     1] [  1216,  1153,     0]***[     0,     1,     1,     1] [     0,     0,     0]***[2]
 LINK_P                         40399537376 :  [1,7,1,1]
    FM_IN_PART     <393> ( L,U8b)[ 7, 1,    0, 1]:  L2( 0),  2240,  2240,   128,291840,[  0,  0],     0 |||| FM_FULL        <392> ( L,U8b)[ 7, 1,    0, 1]: MSMC( 0),  6720,  6643,   128,860242,[    82,     0],    2e
    COEFF_IN_FINAL  <395> ( L,S8b)[ 1, 1,    0, 1]:  L2( 0),  1216,  1153,   128,155648,[  0,  0], 47400
     Src_Flow [     0,     1,     1,     1] [     0,     0,     0]***[  1188,   128,     6,     1] [  2240,  1024,     0]***[   499,   128,     1,     1] [  2240,  1024,     0]***[2]
    Src2_Flow [     0,     1,     1,     1] [     0,     0,     0]***[  1153,   128,     1,     1] [  1216,155648,     0]***[     0,     1,     1,     1] [     0,     0,     0]***[2]
     Snk_Flow [     0,     1,     1,     1] [     0,     0,     0]***[  1024,   128,     6,     1] [  6720,  1024,860160]***[   335,   128,     1,     1] [  6720,  1024,     0]***[2]
Padding Info [Row, Col]: Actual  IN -> OUT : [ 1,  1] -> [ 1,  1],  To fill zero OUT: [ 1,  1], Virtual Pad(T,L,B,R): [ 0,  0,  0,  0]

 ------------- 113( 0, 82, 0, 8, 0) [128 x 80 x  80] => [128 x 80 x  80] | TIDL_ConvolutionLayer
 LINK_X_FM_IN_FULL_TO_PART      41875932448 :  [0,7,1,1]
    FM_FULL        <392> ( L,U8b)[ 7, 1,    0, 1]: MSMC( 0),  6720,  6643,   128,860242,[  0,  0],    2e |||| FM_IN_PART     <397> ( L,U8b)[ 7, 1,    0, 1]:  L2( 0),  2240,  2240,   128,291840,[     0,     0],     0
     Src_Flow [  1216,   128,     1,     1] [  6720,  1216,     0]***[  1024,   128,     5,     1] [  6720,  1024,860160]***[   307,   128,     1,     1] [  6720,  1024,     0]***[2]
     Snk_Flow [  1216,   128,     1,     1] [  2240,  1216,     0]***[  1024,   128,     5,     1] [  2240,  1024,     0]***[   307,   128,     1,     1] [  2240,  1024,     0]***[2]
 LINK_X_COEFF_IN_ANY_TO_FINAL   41926264096 :  [0,1,1,1]
    COEFF_FULL     <398> ( L,S8b)[ 1, 1,    0, 1]: DDR_PERSIST( 0),  1153,  1153,   128,147584,[  0,  0],867180 |||| COEFF_IN_FINAL <399> ( L,S8b)[ 1, 1,    0, 1]:  L2( 0),  1216,  1153,   128,155648,[     0,     0], 47400
     Src_Flow [     0,     1,     1,     1] [     0,     0,     0]***[  1153,   128,     1,     1] [  1153,  1153,147584]***[     0,     1,     1,     1] [     0,     0,     0]***[2]
     Snk_Flow [     0,     1,     1,     1] [     0,     0,     0]***[  1153,   128,     1,     1] [  1216,  1153,     0]***[     0,     1,     1,     1] [     0,     0,     0]***[2]
 LINK_P                         42010150176 :  [1,7,1,1]
    FM_IN_PART     <397> ( L,U8b)[ 7, 1,    0, 1]:  L2( 0),  2240,  2240,   128,291840,[  0,  0],     0 |||| FM_FULL        <396> ( L,U8b)[ 7, 1,    0, 1]: MSMC( 0),  6720,  6643,   128,860242,[    82,     0],    2e
    COEFF_IN_FINAL  <399> ( L,S8b)[ 1, 1,    0, 1]:  L2( 0),  1216,  1153,   128,155648,[  0,  0], 47400
     Src_Flow [     0,     1,     1,     1] [     0,     0,     0]***[  1188,   128,     6,     1] [  2240,  1024,     0]***[   499,   128,     1,     1] [  2240,  1024,     0]***[2]
    Src2_Flow [     0,     1,     1,     1] [     0,     0,     0]***[  1153,   128,     1,     1] [  1216,155648,     0]***[     0,     1,     1,     1] [     0,     0,     0]***[2]
     Snk_Flow [     0,     1,     1,     1] [     0,     0,     0]***[  1024,   128,     6,     1] [  6720,  1024,860160]***[   335,   128,     1,     1] [  6720,  1024,     0]***[2]
Padding Info [Row, Col]: Actual  IN -> OUT : [ 1,  1] -> [ 1,  1],  To fill zero OUT: [ 0,  0], Virtual Pad(T,L,B,R): [ 0,  0,  0,  0]

 ------------- 114( 0, 85, 0, 5, 0) [128 x 80 x  80] => [4 x 80 x  80] | TIDL_ConvolutionLayer
 LINK_X_FM_IN_FULL_TO_PART      44023416144 :  [0,4,1,1]
    FM_FULL        <396> ( L,U8b)[ 4, 1,    0, 1]: MSMC( 0),  6720,  6643,   128,860242,[ 82,  0],    2e |||| FM_IN_PART     <401> ( L,U8b)[ 4, 1,    0, 1]:  L2( 0),  3520,  3520,   128,454016,[     0,     0],     0
     Src_Flow [     0,     1,     1,     1] [     0,     0,     0]***[  1728,   128,     3,     1] [  6720,  1728,860160]***[  1296,   128,     1,     1] [  6720,  1728,     0]***[2]
     Snk_Flow [     0,     1,     1,     1] [     0,     0,     0]***[  1728,   128,     3,     1] [  3520,  1728,     0]***[  1296,   128,     1,     1] [  3520,  1728,     0]***[2]
 LINK_X_COEFF_IN_ANY_TO_FINAL   44073747792 :  [0,1,1,1]
    COEFF_FULL     <402> ( L,S8b)[ 1, 1,    0, 1]: DDR_PERSIST( 0),   129,   129,     4,   640,[  0,  0],88b200 |||| COEFF_IN_FINAL <403> ( L,S8b)[ 1, 1,    0, 1]:  L2( 0),   192,   129,     4,   768,[     0,     0], 6ed80
     Src_Flow [     0,     1,     1,     1] [     0,     0,     0]***[   129,     4,     1,     1] [   129,   129,   516]***[     0,     1,     1,     1] [     0,     0,     0]***[2]
     Snk_Flow [     0,     1,     1,     1] [     0,     0,     0]***[   129,     4,     1,     1] [   192,   129,     0]***[     0,     1,     1,     1] [     0,     0,     0]***[2]
 LINK_P                         44157633872 :  [1,4,1,1]
    FM_IN_PART     <401> ( L,U8b)[ 4, 1,    0, 1]:  L2( 0),  3520,  3520,   128,454016,[  0,  0],     0 |||| FM_FULL        <400> ( L,S8b)[ 4, 1,    0, 1]: MSMC( 0),  6720,  6643,     4, 26962,[    82,     0],17fdae
    COEFF_IN_FINAL  <403> ( L,S8b)[ 1, 1,    0, 1]:  L2( 0),   192,   129,     4,   768,[  0,  0], 6ed80
     Src_Flow [     0,     1,     1,     1] [     0,     0,     0]***[  1728,   128,     3,     1] [  3520,  1728,     0]***[  1296,   128,     1,     1] [  3520,  1728,     0]***[2]
    Src2_Flow [     0,     1,     1,     1] [     0,     0,     0]***[   129,     4,     1,     1] [   192,   768,     0]***[     0,     1,     1,     1] [     0,     0,     0]***[2]
     Snk_Flow [     0,     1,     1,     1] [     0,     0,     0]***[  1728,     4,     3,     1] [  6720,  1728, 26880]***[  1296,     4,     1,     1] [  6720,  1728,     0]***[2]
Padding Info [Row, Col]: Actual  IN -> OUT : [ 1,  1] -> [ 1,  1],  To fill zero OUT: [ 0,  0], Virtual Pad(T,L,B,R): [ 0,  0,  0,  0]

 ------------- 115( 0, 86, 0, 5, 0) [128 x 80 x  80] => [1 x 80 x  80] | TIDL_ConvolutionLayer
 LINK_X_FM_IN_FULL_TO_PART      44023416160 :  [0,4,1,1]
    FM_FULL        <396> ( L,U8b)[ 4, 1,    0, 1]: MSMC( 0),  6720,  6643,   128,860242,[ 82,  0],    2e |||| FM_IN_PART     <405> ( L,U8b)[ 4, 1,    0, 1]:  L2( 0),  3520,  3520,   128,454016,[     0,     0],     0
     Src_Flow [     0,     1,     1,     1] [     0,     0,     0]***[  1728,   128,     3,     1] [  6720,  1728,860160]***[  1296,   128,     1,     1] [  6720,  1728,     0]***[2]
     Snk_Flow [     0,     1,     1,     1] [     0,     0,     0]***[  1728,   128,     3,     1] [  3520,  1728,     0]***[  1296,   128,     1,     1] [  3520,  1728,     0]***[2]
 LINK_X_COEFF_IN_ANY_TO_FINAL   44073747808 :  [0,1,1,1]
    COEFF_FULL     <406> ( L,S8b)[ 1, 1,    0, 1]: DDR_PERSIST( 0),   129,   129,     1,   256,[  0,  0],88b480 |||| COEFF_IN_FINAL <407> ( L,S8b)[ 1, 1,    0, 1]:  L2( 0),   192,   129,     1,   256,[     0,     0], 6ed80
     Src_Flow [     0,     1,     1,     1] [     0,     0,     0]***[   129,     1,     1,     1] [   129,   129,   129]***[     0,     1,     1,     1] [     0,     0,     0]***[2]
     Snk_Flow [     0,     1,     1,     1] [     0,     0,     0]***[   129,     1,     1,     1] [   192,   129,     0]***[     0,     1,     1,     1] [     0,     0,     0]***[2]
 LINK_P                         44157633888 :  [1,4,1,1]
    FM_IN_PART     <405> ( L,U8b)[ 4, 1,    0, 1]:  L2( 0),  3520,  3520,   128,454016,[  0,  0],     0 |||| FM_FULL        <404> ( L,S8b)[ 4, 1,    0, 1]: MSMC( 0),  6720,  6643,     1,  6866,[    82,     0],    2e
    COEFF_IN_FINAL  <407> ( L,S8b)[ 1, 1,    0, 1]:  L2( 0),   192,   129,     1,   256,[  0,  0], 6ed80
     Src_Flow [     0,     1,     1,     1] [     0,     0,     0]***[  1728,   128,     3,     1] [  3520,  1728,     0]***[  1296,   128,     1,     1] [  3520,  1728,     0]***[2]
    Src2_Flow [     0,     1,     1,     1] [     0,     0,     0]***[   129,     1,     1,     1] [   192,   192,     0]***[     0,     1,     1,     1] [     0,     0,     0]***[2]
     Snk_Flow [     0,     1,     1,     1] [     0,     0,     0]***[  1728,     1,     3,     1] [  6720,  1728,  6720]***[  1296,     1,     1,     1] [  6720,  1728,     0]***[2]
Padding Info [Row, Col]: Actual  IN -> OUT : [ 1,  1] -> [ 1,  1],  To fill zero OUT: [ 0,  0], Virtual Pad(T,L,B,R): [ 0,  0,  0,  0]

 ------------- 116( 0, 88, 0, 86, 0) [85 x 80 x  80] => [85 x 80 x  80] | TIDL_ConcatLayer
 LINK_X_FM_IN_FULL_TO_PART      45634028928 :  [0,4,1,1]
    FM_FULL        <400> ( L,S8b)[ 4, 1,    0, 1]: MSMC( 0),  6720,  6643,     4, 26962,[ 82,  0],17fdae |||| FM_IN_PART     <409> (PP,S8b)[ 4, 1,    0, 1]:  L2( 0),  6723,  6723,     2, 13568,[     0,     0],     0
     Src_Flow [     0,     1,     1,     1] [     0,     0,     0]***[  6480,     1,     4,     1] [  6720,  6720,  6720]***[     0,     1,     1,     1] [     0,     0,     0]***[2]
     Snk_Flow [     0,     1,     1,     1] [     0,     0,     0]***[  6480,     1,     2,     2] [  6723,  6723,     0]***[     0,     1,     1,     1] [     0,     0,     0]***[2]
 LINK_X_FM_IN_FULL_TO_PART      46170899840 :  [4,1,1,1]
    FM_FULL        <404> ( L,S8b)[ 1, 1,    0, 1]: MSMC( 0),  6720,  6643,     1,  6866,[ 82,  0],    2e |||| FM_IN_PART     <409> (PP,S8b)[ 1, 1,    0, 1]:  L2( 0),  6723,  6723,     2, 13568,[     0,     0],     0
     Src_Flow [     0,     1,     1,     1] [     0,     0,     0]***[  6480,     1,     1,     1] [  6720,  6480,  6720]***[     0,     1,     1,     1] [     0,     0,     0]***[2]
     Snk_Flow [     0,     1,     1,     1] [     0,     0,     0]***[  6480,     1,     1,     1] [  6723,  6723,     0]***[     0,     1,     1,     1] [     0,     0,     0]***[2]
 LINK_X_FM_IN_FULL_TO_PART      45097158016 :  [5,80,1,1]
    FM_FULL        <388> ( L,S8b)[80, 1,    0, 1]: MSMC( 0),  6720,  6643,    80,537682,[ 82,  0], fc92e |||| FM_IN_PART     <409> (PP,S8b)[80, 1,    0, 1]:  L2( 0),  6723,  6723,     2, 13568,[  6723,     0],     0
     Src_Flow [     0,     1,     1,     1] [     0,     0,     0]***[  6480,     1,    80,     1] [  6720,  6720,  6720]***[     0,     1,     1,     1] [     0,     0,     0]***[2]
     Snk_Flow [     0,     1,     1,     1] [     0,     0,     0]***[  6480,     1,     2,    40] [  6723, -6723,     0]***[     0,     1,     1,     1] [     0,     0,     0]***[2]
 LINK_P                         45768246656 :  [1,4,1,1]
    FM_IN_PART     <409> (PP,S8b)[ 4, 1,    0, 1]:  L2( 0),  6723,  6723,     2, 13568,[  0,  0],     0 |||| FM_FULL        <408> ( L,S8b)[ 4, 1,    0, 1]: MSMC( 0),  6464,  6400,    85,549504,[     0,     0],  1b00
     Src_Flow [     0,     1,     1,     1] [     0,     0,     0]***[  6480,     1,     2,     2] [  6723,  6723,     0]***[     0,     1,     1,     1] [     0,     0,     0]***[2]
     Snk_Flow [     0,     1,     1,     1] [     0,     0,     0]***[  6400,     1,     4,     1] [  6464,  6464,  6464]***[     0,     1,     1,     1] [     0,     0,     0]***[2]
 LINK_P                         46305117568 :  [5,1,1,1]
    FM_IN_PART     <409> (PP,S8b)[ 1, 1,    0, 1]:  L2( 0),  6723,  6723,     2, 13568,[  0,  0],     0 |||| FM_FULL        <408> ( L,S8b)[ 1, 1,    0, 1]: MSMC( 0),  6464,  6400,    85,549504,[ 25856,     0],  1b00
     Src_Flow [     0,     1,     1,     1] [     0,     0,     0]***[  6480,     1,     1,     1] [  6723,  6723,     0]***[     0,     1,     1,     1] [     0,     0,     0]***[2]
     Snk_Flow [     0,     1,     1,     1] [     0,     0,     0]***[  6400,     1,     1,     1] [  6464,  6400,  6464]***[     0,     1,     1,     1] [     0,     0,     0]***[2]
 LINK_P                         45231375744 :  [6,80,1,1]
    FM_IN_PART     <409> (PP,S8b)[80, 1,    0, 1]:  L2( 0),  6723,  6723,     2, 13568,[6723,  0],     0 |||| FM_FULL        <408> ( L,S8b)[80, 1,    0, 1]: MSMC( 0),  6464,  6400,    85,549504,[ 32320,     0],  1b00
     Src_Flow [     0,     1,     1,     1] [     0,     0,     0]***[  6480,     1,     2,    40] [  6723, -6723,     0]***[     0,     1,     1,     1] [     0,     0,     0]***[2]
     Snk_Flow [     0,     1,     1,     1] [     0,     0,     0]***[  6400,     1,    80,     1] [  6464,  6464,  6464]***[     0,     1,     1,     1] [     0,     0,     0]***[2]
Padding Info [Row, Col]: Actual  IN -> OUT : [ 1,  1] -> [ 0,  0],  To fill zero OUT: [ 0,  0], Virtual Pad(T,L,B,R): [ 0,  0,  0,  0]

 ------------- 117( 0, 117, 0, 6, 0) [85 x 80 x  80] => [1 x 1405 x  1] | TIDL_DetectionOutputLayer
 LINK_X_FM_IN_FULL_TO_PART      47244642128 :  [0,5,1,1]
    FM_FULL        <408> ( L,S8b)[ 5, 1,    0, 1]: MSMC( 0),  6464,  6400,    85,549504,[  0,  0],  1b00 |||| FM_IN_PART     <411> (PP,S8b)[ 5, 1,    0, 1]:  L2( 0),  6480,  6480,    34,220416,[     0,     0],     0
     Src_Flow [     0,     1,     1,     1] [     0,     0,     0]***[  6400,    17,     5,     1] [  6464,109888,109888]***[     0,     1,     1,     1] [     0,     0,     0]***[2]
     Snk_Flow [     0,     1,     1,     1] [     0,     0,     0]***[  6400,    17,     2,     3] [  6480,110160,     0]***[     0,     1,     1,     1] [     0,     0,     0]***[2]
 LINK_X_FM_IN_FULL_TO_PART      47244642128 :  [0,5,1,1]
    FM_FULL        <374> ( L,S8b)[ 5, 1,    0, 1]: MSMC( 0),  1600,  1600,    85,136064,[  0,  0], db580 |||| FM_IN_PART     <411> (PP,S8b)[ 5, 1,    0, 1]:  L2( 0),  6480,  6480,    34,220416,[     0,     0],     0
     Src_Flow [     0,     1,     1,     1] [     0,     0,     0]***[  6400,    17,     5,     1] [  1600, 27200, 27200]***[     0,     1,     1,     1] [     0,     0,     0]***[2]
     Snk_Flow [     0,     1,     1,     1] [     0,     0,     0]***[  6400,    17,     2,     3] [  6480,110160,     0]***[     0,     1,     1,     1] [     0,     0,     0]***[2]
 LINK_X_FM_IN_FULL_TO_PART      47244642128 :  [0,5,1,1]
    FM_FULL        <339> ( L,S8b)[ 5, 1,    0, 1]: MSMC( 0),   448,   400,    85, 38144,[  0,  0], d2080 |||| FM_IN_PART     <411> (PP,S8b)[ 5, 1,    0, 1]:  L2( 0),  6480,  6480,    34,220416,[     0,     0],     0
     Src_Flow [     0,     1,     1,     1] [     0,     0,     0]***[  6400,    17,     5,     1] [   448,  7616,  7616]***[     0,     1,     1,     1] [     0,     0,     0]***[2]
     Snk_Flow [     0,     1,     1,     1] [     0,     0,     0]***[  6400,    17,     2,     3] [  6480,110160,     0]***[     0,     1,     1,     1] [     0,     0,     0]***[2]
 LINK_P                         47378859856 :  [1,5,1,1]
    FM_IN_PART     <411> (PP,S8b)[ 5, 1,    0, 1]:  L2( 0),  6480,  6480,    34,220416,[  0,  0],     0 |||| FM_FULL        <410> ( L,F32b)[ 5, 1,    0, 1]: MSMC( 0),  1424,  1405,     1,  1440,[     0,     0],     0
     Src_Flow [     0,     1,     1,     1] [     0,     0,     0]***[  6400,    17,     2,     3] [  6480,110160,     0]***[     0,     1,     1,     1] [     0,     0,     0]***[2]
     Snk_Flow [     0,     1,     1,     1] [     0,     0,     0]***[ 28100,    17,     5,     1] [  1424, 24208, 24208]***[     0,     1,     1,     1] [     0,     0,     0]***[2]
Padding Info [Row, Col]: Actual  IN -> OUT : [ 0,  0] -> [ 0,  0],  To fill zero OUT: [ 0,  0], Virtual Pad(T,L,B,R): [ 0,  0,  0,  0]

 ------------- 118( 0, 118, 0, 4, 0) [1 x 1405 x  1] => [1 x 5 x  200] | TIDL_OdOutputReformatLayer
 LINK_X_FM_IN_FULL_TO_PART      62813898592 :  [0,1,1,1]
    FM_FULL        <410> ( L,F32b)[ 1, 1,    0, 1]: MSMC( 0),  1424,  1405,     1,  1440,[  0,  0],     0 |||| FM_IN_PART     <413> (PP,S8b)[ 1, 1,    0, 1]:  L2( 0),  1405,  1405,     1,  1408,[     0,     0],     0
     Src_Flow [     0,     1,     1,     1] [     0,     0,     0]***[  1405,     1,     1,     1] [  1424,  1405,  1424]***[     0,     1,     1,     1] [     0,     0,     0]***[2]
     Snk_Flow [     0,     1,     1,     1] [     0,     0,     0]***[  1405,     1,     1,     1] [  1405,   702,     0]***[     0,     1,     1,     1] [     0,     0,     0]***[2]
 LINK_X_FM_OUT_PART_TO_FULL     62897784672 :  [2,1,1,1]
    FM_OUT_PART    <414> (PP,S8b)[ 1, 1,    0, 1]: MSMC( 0),  1000,  1000,     2,  2048,[  0,  0],  1680 |||| FM_FULL        <412> ( L,F32b)[ 1, 1,    0, 1]: DDR( 0),  1000,  1000,     1,  1280,[     0,     0],12c400
     Src_Flow [     0,     1,     1,     1] [     0,     0,     0]***[     5,     1,     1,     1] [  1000,   500,     0]***[     0,     1,     1,     1] [     0,     0,     0]***[2]
     Snk_Flow [     0,     1,     1,     1] [     0,     0,     0]***[     5,     1,     1,     1] [  1000,     5,  1000]***[     0,     1,     1,     1] [     0,     0,     0]***[2]
 LINK_P                         62948116320 :  [1,1,1,1]
    FM_IN_PART     <413> (PP,S8b)[ 1, 1,    0, 1]:  L2( 0),  1405,  1405,     1,  1408,[  0,  0],     0 |||| FM_OUT_PART    <414> (PP,S8b)[ 1, 1,    0, 1]: MSMC( 0),  1000,  1000,     2,  2048,[     0,     0],  1680
     Src_Flow [     0,     1,     1,     1] [     0,     0,     0]***[  1405,     1,     1,     1] [  1405,   702,     0]***[     0,     1,     1,     1] [     0,     0,     0]***[2]
     Snk_Flow [     0,     1,     1,     1] [     0,     0,     0]***[     5,     1,     1,     1] [  1000,     5,     0]***[     0,     1,     1,     1] [     0,     0,     0]***[2]
Padding Info [Row, Col]: Actual  IN -> OUT : [ 0,  0] -> [ 0,  0],  To fill zero OUT: [ 0,  0], Virtual Pad(T,L,B,R): [ 0,  0,  0,  0]

 ------------- 119( 0, 119, 0, 4, 0) [1 x 1405 x  1] => [1 x 200 x  1] | TIDL_OdOutputReformatLayer
 LINK_X_FM_IN_FULL_TO_PART      62813898608 :  [0,1,1,1]
    FM_FULL        <410> ( L,F32b)[ 1, 1,    0, 1]: MSMC( 0),  1424,  1405,     1,  1440,[  0,  0],     0 |||| FM_IN_PART     <417> (PP,S8b)[ 1, 1,    0, 1]:  L2( 0),  1405,  1405,     1,  1408,[     0,     0],     0
     Src_Flow [     0,     1,     1,     1] [     0,     0,     0]***[  1405,     1,     1,     1] [  1424,  1405,  1424]***[     0,     1,     1,     1] [     0,     0,     0]***[2]
     Snk_Flow [     0,     1,     1,     1] [     0,     0,     0]***[  1405,     1,     1,     1] [  1405,   702,     0]***[     0,     1,     1,     1] [     0,     0,     0]***[2]
 LINK_X_FM_OUT_PART_TO_FULL     62897784688 :  [2,1,1,1]
    FM_OUT_PART    <418> (PP,S8b)[ 1, 1,    0, 1]: MSMC( 0),   200,   200,     2,   512,[  0,  0],  1680 |||| FM_FULL        <416> ( L,F32b)[ 1, 1,    0, 1]: DDR( 0),   200,   200,     1,   480,[     0,     0],12d800
     Src_Flow [     0,     1,     1,     1] [     0,     0,     0]***[   200,     1,     1,     1] [   200,   100,     0]***[     0,     1,     1,     1] [     0,     0,     0]***[2]
     Snk_Flow [     0,     1,     1,     1] [     0,     0,     0]***[   200,     1,     1,     1] [   200,   200,   200]***[     0,     1,     1,     1] [     0,     0,     0]***[2]
 LINK_P                         62948116336 :  [1,1,1,1]
    FM_IN_PART     <417> (PP,S8b)[ 1, 1,    0, 1]:  L2( 0),  1405,  1405,     1,  1408,[  0,  0],     0 |||| FM_OUT_PART    <418> (PP,S8b)[ 1, 1,    0, 1]: MSMC( 0),   200,   200,     2,   512,[     0,     0],  1680
     Src_Flow [     0,     1,     1,     1] [     0,     0,     0]***[  1405,     1,     1,     1] [  1405,   702,     0]***[     0,     1,     1,     1] [     0,     0,     0]***[2]
     Snk_Flow [     0,     1,     1,     1] [     0,     0,     0]***[   200,     1,     1,     1] [   200,   200,     0]***[     0,     1,     1,     1] [     0,     0,     0]***[2]
Padding Info [Row, Col]: Actual  IN -> OUT : [ 0,  0] -> [ 0,  0],  To fill zero OUT: [ 0,  0], Virtual Pad(T,L,B,R): [ 0,  0,  0,  0]

 ------------- 120 [Persistent Links WL]
 layer ID :2
 LINK_X_COEFF_IN_FULL_TO_STAGE  570425376   :  [0,1,1,1]
    COEFF_FULL     <5> ( L,S8b)[ 1, 1,    0, 1]: DDR_PERSIST( 0),    28,    28,    12,   384,[  0,  0],     0 |||| COEFF_IN_STAGE <6> ( L,S8b)[ 1, 1,    0, 1]: MSMC( 0),    28,    28,    12,   384,[     0,     0],7b9d80
     Src_Flow [     0,     1,     1,     1] [     0,     0,     0]***[    28,    12,     1,     1] [    28,    28,   336]***[     0,     1,     1,     1] [     0,     0,     0]***[2]
     Snk_Flow [     0,     1,     1,     1] [     0,     0,     0]***[    28,    12,     1,     1] [    28,    28,     0]***[     0,     1,     1,     1] [     0,     0,     0]***[2]
 layer ID :7
 LINK_X_COEFF_IN_FULL_TO_STAGE  2717909104  :  [0,1,1,1]
    COEFF_FULL     <22> ( L,S8b)[ 1, 1,    0, 1]: DDR_PERSIST( 0),    33,    33,    32,  1152,[  0,  0],  6080 |||| COEFF_IN_STAGE <23> ( L,S8b)[ 1, 1,    0, 1]: MSMC( 0),    33,    33,    32,  1152,[     0,     0],7b9900
     Src_Flow [     0,     1,     1,     1] [     0,     0,     0]***[    33,    32,     1,     1] [    33,    33,  1056]***[     0,     1,     1,     1] [     0,     0,     0]***[2]
     Snk_Flow [     0,     1,     1,     1] [     0,     0,     0]***[    33,    32,     1,     1] [    33,    33,     0]***[     0,     1,     1,     1] [     0,     0,     0]***[2]
 layer ID :39
 LINK_X_COEFF_IN_FULL_TO_STAGE  20434649712 :  [0,1,1,1]
    COEFF_FULL     <135> ( L,S8b)[ 1, 1,    0, 1]: DDR_PERSIST( 0),   257,   257,   256, 65792,[  0,  0],112c80 |||| COEFF_IN_STAGE <136> ( L,S8b)[ 1, 1,    0, 1]: MSMC( 0),   320,   257,   256, 81920,[     0,     0],7a5900
     Src_Flow [     0,     1,     1,     1] [     0,     0,     0]***[   257,   256,     1,     1] [   257,   257,     0]***[     0,     1,     1,     1] [     0,     0,     0]***[2]
     Snk_Flow [     0,     1,     1,     1] [     0,     0,     0]***[   257,   256,     1,     1] [   320,   257, 81920]***[     0,     1,     1,     1] [     0,     0,     0]***[2]
 layer ID :40
 LINK_X_COEFF_IN_FULL_TO_STAGE  20971520640 :  [0,1,1,8]
    COEFF_FULL     <140> ( L,S8b)[ 1, 1,    0, 8]: DDR_PERSIST( 0),  2305,  2305,   512,1180160,[  0,  0],122d80 |||| COEFF_IN_STAGE <141> ( L,S8b)[ 1, 1,    0, 8]: MSMC( 0),  2368,  2305,   512,1212416,[     0,     0],4c1900
     Src_Flow [     0,     1,     1,     1] [     0,     0,     0]***[  2305,   512,     1,     1] [  2305,  2305,     0]***[     0,     1,     1,     1] [     0,     0,     0]***[2]
     Snk_Flow [     0,     1,     1,     1] [     0,     0,     0]***[  2305,   512,     1,     1] [  2368,  2305,1212416]***[     0,     1,     1,     1] [     0,     0,     0]***[2]
 layer ID :53
 LINK_X_COEFF_IN_FULL_TO_STAGE  27950842704 :  [0,1,1,4]
    COEFF_FULL     <176> ( L,S8b)[ 1, 1,    0, 4]: DDR_PERSIST( 0),  2305,  2305,   256,590080,[  0,  0],313480 |||| COEFF_IN_STAGE <177> ( L,S8b)[ 1, 1,    0, 4]: MSMC( 0),  2368,  2305,   256,606208,[     0,     0],5e9900
     Src_Flow [     0,     1,     1,     1] [     0,     0,     0]***[  2305,   256,     1,     1] [  2305,  2305,     0]***[     0,     1,     1,     1] [     0,     0,     0]***[2]
     Snk_Flow [     0,     1,     1,     1] [     0,     0,     0]***[  2305,   256,     1,     1] [  2368,  2305,606208]***[     0,     1,     1,     1] [     0,     0,     0]***[2]
 layer ID :91
 LINK_X_COEFF_IN_FULL_TO_STAGE  48351937968 :  [0,1,1,4]
    COEFF_FULL     <279> ( L,S8b)[ 1, 1,    0, 4]: DDR_PERSIST( 0),  2305,  2305,   256,590080,[  0,  0],506300 |||| COEFF_IN_STAGE <280> ( L,S8b)[ 1, 1,    0, 4]: MSMC( 0),  2368,  2305,   256,606208,[     0,     0],67d900
     Src_Flow [     0,     1,     1,     1] [     0,     0,     0]***[  2305,   256,     1,     1] [  2305,  2305,     0]***[     0,     1,     1,     1] [     0,     0,     0]***[2]
     Snk_Flow [     0,     1,     1,     1] [     0,     0,     0]***[  2305,   256,     1,     1] [  2368,  2305,606208]***[     0,     1,     1,     1] [     0,     0,     0]***[2]
 layer ID :104
 LINK_X_COEFF_IN_FULL_TO_STAGE  53720647296 :  [0,1,1,4]
    COEFF_FULL     <294> ( L,S8b)[ 1, 1,    0, 4]: DDR_PERSIST( 0),  2305,  2305,   256,590080,[  0,  0],5c6600 |||| COEFF_IN_STAGE <295> ( L,S8b)[ 1, 1,    0, 4]: MSMC( 0),  2368,  2305,   256,606208,[     0,     0],711900
     Src_Flow [     0,     1,     1,     1] [     0,     0,     0]***[  2305,   256,     1,     1] [  2305,  2305,     0]***[     0,     1,     1,     1] [     0,     0,     0]***[2]
     Snk_Flow [     0,     1,     1,     1] [     0,     0,     0]***[  2305,   256,     1,     1] [  2368,  2305,606208]***[     0,     1,     1,     1] [     0,     0,     0]***[2]
 layer ID :103
 LINK_X_COEFF_IN_FULL_TO_STAGE  53183776368 :  [0,1,1,1]
    COEFF_FULL     <371> ( L,S8b)[ 1, 1,    0, 1]: DDR_PERSIST( 0),   129,   129,     1,   256,[  0,  0],7f4600 |||| COEFF_IN_STAGE <372> ( L,S8b)[ 1, 1,    0, 1]: MSMC( 0),   192,   129,     1,   256,[     0,     0],7b9f00
     Src_Flow [     0,     1,     1,     1] [     0,     0,     0]***[   129,     1,     1,     1] [   129,   129,   129]***[     0,     1,     1,     1] [     0,     0,     0]***[2]
     Snk_Flow [     0,     1,     1,     1] [     0,     0,     0]***[   129,     1,     1,     1] [   192,   129,     0]***[     0,     1,     1,     1] [     0,     0,     0]***[2]
