---- WorkLoadUnit (NetworkId, LayerId, subLayerID, numIter, tileID) [Ni x inW x inH] => [No x outW x outH] | LayerType
 LinkSubtype (Link ID) : [delay, freq, repeat, period]
     BuffType <bufDbIndex> (BuffShape,dataType)[freq,repeat,repeatOffset,period]: space(coreId), bufWidth, activeBufWidth, bufHeight, bufSize, [offset, superOffset], baseMem
     FlowInfo : [pipeup]***[pipeline]***[pipedown]***[flowUnitBoundary]

 ******************************   CORE Number = 0 ***************************
 ------------- 1( 0, 1, 0, 7, 0) [3 x 640 x  640] => [3 x 640 x  640] | TIDL_DataConvertLayer
 LINK_X_FM_IN_FULL_TO_PART      16          :  [0,6,1,1]
    FM_FULL        <0> ( L,U8b)[ 6, 1,    0, 1]: DDR( 0),409600,409600,     3,1229824,[  0,  0],     0 |||| FM_IN_PART     <2> (PP,U8b)[ 6, 1,    0, 1]:  L2( 0),409600,409600,     1,409600,[     0,     0],     0
     Src_Flow [     0,     1,     1,     1] [     0,     0,     0]***[ 51200,     4,     2,     3] [ 51200,204800,409600]***[     0,     1,     1,     1] [     0,     0,     0]***[2]
     Snk_Flow [     0,     1,     1,     1] [     0,     0,     0]***[ 51200,     4,     2,     3] [ 51200,204800,     0]***[     0,     1,     1,     1] [     0,     0,     0]***[2]
 LINK_P                         134217744   :  [1,6,1,1]
    FM_IN_PART     <2> (PP,U8b)[ 6, 1,    0, 1]:  L2( 0),409600,409600,     1,409600,[  0,  0],     0 |||| FM_FULL        <1> ( L,U8b)[ 6, 1,    0, 1]: MSMC( 0),411523,411523,     3,1234690,[   642,     0],    7e
     Src_Flow [     0,     1,     1,     1] [     0,     0,     0]***[204800,     1,     2,     3] [409600,204800,     0]***[     0,     1,     1,     1] [     0,     0,     0]***[2]
     Snk_Flow [     0,     1,     1,     1] [     0,     0,     0]***[205120,     1,     2,     3] [411523,205120,411523]***[     0,     1,     1,     1] [     0,     0,     0]***[2]
Padding Info [Row, Col]: Actual  IN -> OUT : [ 0,  0] -> [ 1,  1],  To fill zero OUT: [ 1,  1], Virtual Pad(T,L,B,R): [ 0,  0,  0,  0]

 ------------- 2( 0, 2, 0, 9, 0) [3 x 640 x  640] => [12 x 320 x  320] | TIDL_ConvolutionLayer
 LINK_X_FM_IN_FULL_TO_PART      536870944   :  [1,7,1,1]
    FM_FULL        <1> ( L,U8b)[ 7, 1,    0, 1]: MSMC( 0),411523,411523,     3,1234690,[  0,  0],    7e |||| FM_IN_PART     <4> ( C,U8b)[ 7, 1,    0, 1]:  L2( 0),131072,131072,     3,393216,[     0,     0],     0
     Src_Flow [ 64742,     3,     1,     1] [411523, 64742,     0]***[ 64100,     3,     5,     1] [411523, 64100,1234569]***[ 25640,     3,     1,     1] [411523, 64100,     0]***[2]
     Snk_Flow [ 64742,     3,     1,     1] [131072, 64742,     0]***[ 64100,     3,     5,     1] [131072, 64100,     0]***[ 25640,     3,     1,     1] [131072, 64100,     0]***[2]
 LINK_X_COEFF_IN_ANY_TO_FINAL   587202592   :  [1,1,1,1]
    COEFF_IN_STAGE <6> ( L,S8b)[ 1, 1,    0, 1]: MSMC( 0),    28,    28,    12,   384,[  0,  0],4ff580 |||| COEFF_IN_FINAL <7> ( L,S8b)[ 1, 1,    0, 1]:  L2( 0),    28,    28,    12,   384,[     0,     0], 60000
     Src_Flow [     0,     1,     1,     1] [     0,     0,     0]***[    28,    12,     1,     1] [    28,    28,   336]***[     0,     1,     1,     1] [     0,     0,     0]***[2]
     Snk_Flow [     0,     1,     1,     1] [     0,     0,     0]***[    28,    12,     1,     1] [    28,    28,     0]***[     0,     1,     1,     1] [     0,     0,     0]***[2]
 LINK_P                         671088672   :  [2,7,1,1]
    FM_IN_PART     <4> ( C,U8b)[ 7, 1,    0, 1]:  L2( 0),131072,131072,     3,393216,[  0,  0],     0 |||| FM_FULL        <3> ( L,S8b)[ 7, 1,    0, 1]: MSMC( 0),103488,103363,    12,1241922,[   322,     0],12f33e
    COEFF_IN_FINAL  <7> ( L,S8b)[ 1, 1,    0, 1]:  L2( 0),    28,    28,    12,   384,[  0,  0], 60000
     Src_Flow [     0,     1,     1,     1] [     0,     0,     0]***[ 64742,     3,     6,     1] [131072, 64100,     0]***[ 26282,     3,     1,     1] [131072, 64100,     0]***[2]
    Src2_Flow [     0,     1,     1,     1] [     0,     0,     0]***[    28,    12,     1,     1] [    28,   336,     0]***[     0,     1,     1,     1] [     0,     0,     0]***[2]
     Snk_Flow [     0,     1,     1,     1] [     0,     0,     0]***[ 16050,    12,     6,     1] [103488, 16050,1241856]***[  6420,    12,     1,     1] [103488, 16050,     0]***[2]
Padding Info [Row, Col]: Actual  IN -> OUT : [ 1,  1] -> [ 1,  1],  To fill zero OUT: [ 1,  1], Virtual Pad(T,L,B,R): [ 0,  0,  0,  0]

 ------------- 3( 0, 3, 0, 9, 0) [12 x 320 x  320] => [16 x 320 x  320] | TIDL_ConvolutionLayer
 LINK_X_FM_IN_FULL_TO_PART      1073741872  :  [1,7,1,1]
    FM_FULL        <3> ( L,S8b)[ 7, 1,    0, 1]: MSMC( 0),103488,103363,    12,1241922,[  0,  0],12f33e |||| FM_IN_PART     <9> ( L,S8b)[ 7, 1,    0, 1]:  L2( 0), 31296, 31296,    12,452096,[     0,     0],     0
     Src_Flow [ 16000,    12,     1,     1] [103488, 16000,     0]***[ 15296,    12,     5,     1] [103488, 15296,1241856]***[ 10883,    12,     1,     1] [103488, 15296,     0]***[2]
     Snk_Flow [ 16000,    12,     1,     1] [ 31296, 16000,     0]***[ 15296,    12,     5,     1] [ 31296, 15296,     0]***[ 10883,    12,     1,     1] [ 31296, 15296,     0]***[2]
 LINK_X_COEFF_IN_ANY_TO_FINAL   1124073520  :  [1,1,1,1]
    COEFF_IN_STAGE <11> ( L,S8b)[ 1, 1,    0, 1]: MSMC( 0),   192,   109,    16,  3072,[  0,  0],4fb900 |||| COEFF_IN_FINAL <12> ( L,S8b)[ 1, 1,    0, 1]:  L2( 0),   192,   109,    16,  3072,[     0,     0], 6e600
     Src_Flow [     0,     1,     1,     1] [     0,     0,     0]***[   109,    16,     1,     1] [   192,   109,  3072]***[     0,     1,     1,     1] [     0,     0,     0]***[2]
     Snk_Flow [     0,     1,     1,     1] [     0,     0,     0]***[   109,    16,     1,     1] [   192,   109,     0]***[     0,     1,     1,     1] [     0,     0,     0]***[2]
 LINK_P                         1207959600  :  [2,7,1,1]
    FM_IN_PART     <9> ( L,S8b)[ 7, 1,    0, 1]:  L2( 0), 31296, 31296,    12,452096,[  0,  0],     0 |||| FM_FULL        <8> ( L,U8b)[ 7, 1,    0, 1]: MSMC( 0),103488,103363,    16,1655874,[   322,     0],    3e
    COEFF_IN_FINAL  <12> ( L,S8b)[ 1, 1,    0, 1]:  L2( 0),   192,   109,    16,  3072,[  0,  0], 6e600
     Src_Flow [     0,     1,     1,     1] [     0,     0,     0]***[ 15940,    12,     6,     1] [ 31296, 15296,     0]***[ 11587,    12,     1,     1] [ 31296, 15296,     0]***[2]
    Src2_Flow [     0,     1,     1,     1] [     0,     0,     0]***[   109,    16,     1,     1] [   192,  3072,     0]***[     0,     1,     1,     1] [     0,     0,     0]***[2]
     Snk_Flow [     0,     1,     1,     1] [     0,     0,     0]***[ 15296,    16,     6,     1] [103488, 15296,1655808]***[ 10943,    16,     1,     1] [103488, 15296,     0]***[2]
Padding Info [Row, Col]: Actual  IN -> OUT : [ 1,  1] -> [ 1,  1],  To fill zero OUT: [ 1,  1], Virtual Pad(T,L,B,R): [ 0,  0,  0,  0]

 ------------- 4( 0, 4, 0, 12, 0) [16 x 320 x  320] => [32 x 160 x  160] | TIDL_ConvolutionLayer
 LINK_X_FM_IN_FULL_TO_PART      1610612800  :  [1,10,1,1]
    FM_FULL        <8> ( L,U8b)[10, 1,    0, 1]: MSMC( 0),103488,103363,    16,1655874,[  0,  0],    3e |||| FM_IN_PART     <14> ( L,U8b)[10, 1,    0, 1]:  L2( 0), 22208, 22208,    16,442624,[     0,     0],     0
     Src_Flow [ 11236,    16,     1,     1] [103488, 11236,     0]***[ 10914,    16,     8,     1] [103488, 10914,1655808]***[  4494,    16,     1,     1] [103488, 10914,     0]***[2]
     Snk_Flow [ 11236,    16,     1,     1] [ 22208, 11236,     0]***[ 10914,    16,     8,     1] [ 22208, 10914,     0]***[  4494,    16,     1,     1] [ 22208, 10914,     0]***[2]
 LINK_X_COEFF_IN_ANY_TO_FINAL   1660944448  :  [1,1,1,1]
    COEFF_IN_STAGE <16> ( L,S8b)[ 1, 1,    0, 1]: MSMC( 0),   192,   145,    32,  6144,[  0,  0],4f4100 |||| COEFF_IN_FINAL <17> ( L,S8b)[ 1, 1,    0, 1]:  L2( 0),   192,   145,    32,  6144,[     0,     0], 6c100
     Src_Flow [     0,     1,     1,     1] [     0,     0,     0]***[   145,    32,     1,     1] [   192,   145,  6144]***[     0,     1,     1,     1] [     0,     0,     0]***[2]
     Snk_Flow [     0,     1,     1,     1] [     0,     0,     0]***[   145,    32,     1,     1] [   192,   145,     0]***[     0,     1,     1,     1] [     0,     0,     0]***[2]
 LINK_P                         1744830528  :  [2,10,1,1]
    FM_IN_PART     <14> ( L,U8b)[10, 1,    0, 1]:  L2( 0), 22208, 22208,    16,442624,[  0,  0],     0 |||| FM_FULL        <13> ( L,U8b)[10, 1,    0, 1]: MSMC( 0), 26176, 26083,    32,837666,[   162,     0],1944de
    COEFF_IN_FINAL  <17> ( L,S8b)[ 1, 1,    0, 1]:  L2( 0),   192,   145,    32,  6144,[  0,  0], 6c100
     Src_Flow [     0,     1,     1,     1] [     0,     0,     0]***[ 11236,    16,     9,     1] [ 22208, 10914,     0]***[  4816,    16,     1,     1] [ 22208, 10914,     0]***[2]
    Src2_Flow [     0,     1,     1,     1] [     0,     0,     0]***[   145,    32,     1,     1] [   192,  6144,     0]***[     0,     1,     1,     1] [     0,     0,     0]***[2]
     Snk_Flow [     0,     1,     1,     1] [     0,     0,     0]***[  2737,    32,     9,     1] [ 26176,  2737,837632]***[  1127,    32,     1,     1] [ 26176,  2737,     0]***[2]
Padding Info [Row, Col]: Actual  IN -> OUT : [ 1,  1] -> [ 1,  1],  To fill zero OUT: [ 0,  0], Virtual Pad(T,L,B,R): [ 0,  0,  0,  0]

 ------------- 5( 0, 5, 0, 6, 0) [32 x 160 x  160] => [16 x 160 x  160] | TIDL_ConvolutionLayer
 LINK_X_FM_IN_FULL_TO_PART      2147483728  :  [1,4,1,1]
    FM_FULL        <13> ( L,U8b)[ 4, 1,    0, 1]: MSMC( 0), 26176, 26083,    32,837666,[162,  0],1944de |||| FM_IN_PART     <19> ( L,U8b)[ 4, 1,    0, 1]:  L2( 0), 13760, 13760,    32,454016,[     0,     0],     0
     Src_Flow [     0,     1,     1,     1] [     0,     0,     0]***[  6848,    32,     3,     1] [ 26176,  6848,837632]***[  5216,    32,     1,     1] [ 26176,  6848,     0]***[2]
     Snk_Flow [     0,     1,     1,     1] [     0,     0,     0]***[  6848,    32,     3,     1] [ 13760,  6848,     0]***[  5216,    32,     1,     1] [ 13760,  6848,     0]***[2]
 LINK_X_COEFF_IN_ANY_TO_FINAL   2197815376  :  [1,1,1,1]
    COEFF_IN_STAGE <21> ( L,S8b)[ 1, 1,    0, 1]: MSMC( 0),    33,    33,    16,   640,[  0,  0],4ff080 |||| COEFF_IN_FINAL <22> ( L,S8b)[ 1, 1,    0, 1]:  L2( 0),    33,    33,    16,   640,[     0,     0], 6ed80
     Src_Flow [     0,     1,     1,     1] [     0,     0,     0]***[    33,    16,     1,     1] [    33,    33,   528]***[     0,     1,     1,     1] [     0,     0,     0]***[2]
     Snk_Flow [     0,     1,     1,     1] [     0,     0,     0]***[    33,    16,     1,     1] [    33,    33,     0]***[     0,     1,     1,     1] [     0,     0,     0]***[2]
 LINK_P                         2281701456  :  [2,4,1,1]
    FM_IN_PART     <19> ( L,U8b)[ 4, 1,    0, 1]:  L2( 0), 13760, 13760,    32,454016,[  0,  0],     0 |||| FM_FULL        <18> ( L,U8b)[ 4, 1,    0, 1]: MSMC( 0), 26176, 26083,    16,418850,[   162,     0],    5e
    COEFF_IN_FINAL  <22> ( L,S8b)[ 1, 1,    0, 1]:  L2( 0),    33,    33,    16,   640,[  0,  0], 6ed80
     Src_Flow [     0,     1,     1,     1] [     0,     0,     0]***[  6848,    32,     3,     1] [ 13760,  6848,     0]***[  5216,    32,     1,     1] [ 13760,  6848,     0]***[2]
    Src2_Flow [     0,     1,     1,     1] [     0,     0,     0]***[    33,    16,     1,     1] [    33,   528,     0]***[     0,     1,     1,     1] [     0,     0,     0]***[2]
     Snk_Flow [     0,     1,     1,     1] [     0,     0,     0]***[  6848,    16,     3,     1] [ 26176,  6848,418816]***[  5216,    16,     1,     1] [ 26176,  6848,     0]***[2]
Padding Info [Row, Col]: Actual  IN -> OUT : [ 1,  1] -> [ 1,  1],  To fill zero OUT: [ 0,  0], Virtual Pad(T,L,B,R): [ 0,  0,  0,  0]

 ------------- 6( 0, 7, 0, 4, 0) [16 x 160 x  160] => [16 x 160 x  160] | TIDL_ConvolutionLayer
 LINK_X_FM_IN_FULL_TO_PART      2684354672  :  [1,2,1,1]
    FM_FULL        <18> ( L,U8b)[ 2, 1,    0, 1]: MSMC( 0), 26176, 26083,    16,418850,[162,  0],    5e |||| FM_IN_PART     <24> ( L,U8b)[ 2, 1,    0, 1]:  L2( 0), 28480, 28480,    16,455680,[     0,     0],     0
     Src_Flow [     0,     1,     1,     1] [     0,     0,     0]***[ 14208,    16,     1,     1] [ 26176, 14208,418816]***[ 11552,    16,     1,     1] [ 26176, 14208,     0]***[2]
     Snk_Flow [     0,     1,     1,     1] [     0,     0,     0]***[ 14208,    16,     1,     1] [ 28480, 14208,     0]***[ 11552,    16,     1,     1] [ 28480, 14208,     0]***[2]
 LINK_X_COEFF_IN_ANY_TO_FINAL   2734686320  :  [1,1,1,1]
    COEFF_IN_STAGE <26> ( L,S8b)[ 1, 1,    0, 1]: MSMC( 0),    17,    17,    16,   384,[  0,  0],4ff700 |||| COEFF_IN_FINAL <27> ( L,S8b)[ 1, 1,    0, 1]:  L2( 0),    17,    17,    16,   384,[     0,     0], 6f400
     Src_Flow [     0,     1,     1,     1] [     0,     0,     0]***[    17,    16,     1,     1] [    17,    17,   272]***[     0,     1,     1,     1] [     0,     0,     0]***[2]
     Snk_Flow [     0,     1,     1,     1] [     0,     0,     0]***[    17,    16,     1,     1] [    17,    17,     0]***[     0,     1,     1,     1] [     0,     0,     0]***[2]
 LINK_P                         2818572400  :  [2,2,1,1]
    FM_IN_PART     <24> ( L,U8b)[ 2, 1,    0, 1]:  L2( 0), 28480, 28480,    16,455680,[  0,  0],     0 |||| FM_FULL        <23> ( L,U8b)[ 2, 1,    0, 1]: MSMC( 0), 26176, 26083,    16,418850,[   162,     0], 664de
    COEFF_IN_FINAL  <27> ( L,S8b)[ 1, 1,    0, 1]:  L2( 0),    17,    17,    16,   384,[  0,  0], 6f400
     Src_Flow [     0,     1,     1,     1] [     0,     0,     0]***[ 14208,    16,     1,     1] [ 28480, 14208,     0]***[ 11552,    16,     1,     1] [ 28480, 14208,     0]***[2]
    Src2_Flow [     0,     1,     1,     1] [     0,     0,     0]***[    17,    16,     1,     1] [    17,   272,     0]***[     0,     1,     1,     1] [     0,     0,     0]***[2]
     Snk_Flow [     0,     1,     1,     1] [     0,     0,     0]***[ 14208,    16,     1,     1] [ 26176, 14208,418816]***[ 11552,    16,     1,     1] [ 26176, 14208,     0]***[2]
Padding Info [Row, Col]: Actual  IN -> OUT : [ 1,  1] -> [ 1,  1],  To fill zero OUT: [ 1,  1], Virtual Pad(T,L,B,R): [ 0,  0,  0,  0]

 ------------- 7( 0, 8, 0, 4, 0) [16 x 160 x  160] => [16 x 160 x  160] | TIDL_ConvolutionLayer
 LINK_X_FM_IN_FULL_TO_PART      3758096512  :  [1,2,1,1]
    FM_FULL        <23> ( L,U8b)[ 2, 1,    0, 1]: MSMC( 0), 26176, 26083,    16,418850,[  0,  0], 664de |||| FM_IN_PART     <29> ( L,U8b)[ 2, 1,    0, 1]:  L2( 0), 28352, 28352,    16,453632,[     0,     0],     0
     Src_Flow [ 14336,    16,     1,     1] [ 26176, 14336,     0]***[ 11747,    16,     1,     1] [ 26176, 13952,     0]***[     0,     1,     1,     1] [     1,     1,     1]***[2]
     Snk_Flow [ 14336,    16,     1,     1] [ 28352, 14336,     0]***[ 11747,    16,     1,     1] [ 28352, 13952,     0]***[     0,     1,     1,     1] [     1,     1,     1]***[2]
 LINK_X_COEFF_IN_ANY_TO_FINAL   3808428160  :  [1,1,1,1]
    COEFF_IN_STAGE <31> ( L,S8b)[ 1, 1,    0, 1]: MSMC( 0),   192,   145,    16,  3072,[  0,  0],4fc500 |||| COEFF_IN_FINAL <32> ( L,S8b)[ 1, 1,    0, 1]:  L2( 0),   192,   145,    16,  3072,[     0,     0], 6ec00
     Src_Flow [     0,     1,     1,     1] [     0,     0,     0]***[   145,    16,     1,     1] [   192,   145,  3072]***[     0,     1,     1,     1] [     0,     0,     0]***[2]
     Snk_Flow [     0,     1,     1,     1] [     0,     0,     0]***[   145,    16,     1,     1] [   192,   145,     0]***[     0,     1,     1,     1] [     0,     0,     0]***[2]
 LINK_P                         3892314240  :  [2,2,1,1]
    FM_IN_PART     <29> ( L,U8b)[ 2, 1,    0, 1]:  L2( 0), 28352, 28352,    16,453632,[  0,  0],     0 |||| FM_FULL        <28> ( L,U8b)[ 2, 1,    0, 1]: MSMC( 0), 26176, 26083,    16,418850,[   162,     0], 664de
    COEFF_IN_FINAL  <32> ( L,S8b)[ 1, 1,    0, 1]:  L2( 0),   192,   145,    16,  3072,[  0,  0], 6ec00
     Src_Flow [     0,     1,     1,     1] [     0,     0,     0]***[ 14276,    16,     1,     1] [ 28352, 13952,     0]***[ 12131,    16,     1,     1] [ 28352, 13952,     0]***[2]
    Src2_Flow [     0,     1,     1,     1] [     0,     0,     0]***[   145,    16,     1,     1] [   192,  3072,     0]***[     0,     1,     1,     1] [     0,     0,     0]***[2]
     Snk_Flow [     0,     1,     1,     1] [     0,     0,     0]***[ 13952,    16,     1,     1] [ 26176, 13952,418816]***[ 11807,    16,     1,     1] [ 26176, 13952,     0]***[2]
Padding Info [Row, Col]: Actual  IN -> OUT : [ 1,  1] -> [ 1,  1],  To fill zero OUT: [ 0,  0], Virtual Pad(T,L,B,R): [ 0,  0,  0,  0]

 ------------- 8( 0, 9, 0, 5, 0) [32 x 160 x  160] => [16 x 160 x  160] | TIDL_EltWiseLayer
 LINK_X_FM_IN_FULL_TO_PART      4294967440  :  [0,4,1,1]
    FM_FULL        <28> ( L,U8b)[ 4, 1,    0, 1]: MSMC( 0), 26176, 26083,    16,418850,[162,  0], 664de |||| FM_IN_PART     <34> (PP,U8b)[ 4, 1,    0, 1]:  L2( 0), 26243, 26243,    16,419968,[     0,     0],     0
     Src_Flow [     0,     1,     1,     1] [     0,     0,     0]***[ 25760,     4,     4,     1] [ 26176,104704,104704]***[     0,     1,     1,     1] [     0,     0,     0]***[2]
     Snk_Flow [     0,     1,     1,     1] [     0,     0,     0]***[ 25760,     4,     2,     2] [ 26243,209944,     0]***[     0,     1,     1,     1] [     0,     0,     0]***[2]
 LINK_X_FM_IN_FULL_TO_PART      2684354704  :  [0,4,1,1]
    FM_FULL        <18> ( L,U8b)[ 4, 1,    0, 1]: MSMC( 0), 26176, 26083,    16,418850,[162,  0],    5e |||| FM_IN_PART     <34> (PP,U8b)[ 4, 1,    0, 1]:  L2( 0), 26243, 26243,    16,419968,[104972,     0],     0
     Src_Flow [     0,     1,     1,     1] [     0,     0,     0]***[ 25760,     4,     4,     1] [ 26176,104704,104704]***[     0,     1,     1,     1] [     0,     0,     0]***[2]
     Snk_Flow [     0,     1,     1,     1] [     0,     0,     0]***[ 25760,     4,     2,     2] [ 26243,209944,     0]***[     0,     1,     1,     1] [     0,     0,     0]***[2]
 LINK_P                         35183969435792:  [1,4,1,1]
    FM_IN_PART     <34> (PP,U8b)[ 4, 1,    0, 1]:  L2( 0), 26243, 26243,    16,419968,[  0,  0],     0 |||| FM_FULL        <33> ( L,U8b)[ 4, 1,    0, 1]: MSMC( 0), 26176, 26083,    16,418850,[   162,     0],    5e
    FM_IN_PART      <34> (PP,U8b)[ 4, 1,    0, 1]:  L2( 0), 26243, 26243,    16,419968,[104972,  0],     0
     Src_Flow [     0,     1,     1,     1] [     0,     0,     0]***[ 25760,     4,     2,     2] [ 26243,209944,     0]***[     0,     1,     1,     1] [     0,     0,     0]***[2]
    Src2_Flow [     0,     1,     1,     1] [     0,     0,     0]***[ 25760,     4,     2,     2] [ 26243,209944,     0]***[     0,     1,     1,     1] [     0,     0,     0]***[2]
     Snk_Flow [     0,     1,     1,     1] [     0,     0,     0]***[ 25760,     4,     4,     1] [ 26176,104704,104704]***[     0,     1,     1,     1] [     0,     0,     0]***[2]
Padding Info [Row, Col]: Actual  IN -> OUT : [ 1,  1] -> [ 1,  1],  To fill zero OUT: [ 0,  0], Virtual Pad(T,L,B,R): [ 0,  0,  0,  0]

 ------------- 9( 0, 6, 0, 6, 0) [32 x 160 x  160] => [16 x 160 x  160] | TIDL_ConvolutionLayer
 LINK_X_FM_IN_FULL_TO_PART      2147483744  :  [1,4,1,1]
    FM_FULL        <13> ( L,U8b)[ 4, 1,    0, 1]: MSMC( 0), 26176, 26083,    32,837666,[162,  0],1944de |||| FM_IN_PART     <36> ( L,U8b)[ 4, 1,    0, 1]:  L2( 0), 13760, 13760,    32,454016,[     0,     0],     0
     Src_Flow [     0,     1,     1,     1] [     0,     0,     0]***[  6848,    32,     3,     1] [ 26176,  6848,837632]***[  5216,    32,     1,     1] [ 26176,  6848,     0]***[2]
     Snk_Flow [     0,     1,     1,     1] [     0,     0,     0]***[  6848,    32,     3,     1] [ 13760,  6848,     0]***[  5216,    32,     1,     1] [ 13760,  6848,     0]***[2]
 LINK_X_COEFF_IN_ANY_TO_FINAL   2197815392  :  [1,1,1,1]
    COEFF_IN_STAGE <38> ( L,S8b)[ 1, 1,    0, 1]: MSMC( 0),    33,    33,    16,   640,[  0,  0],4ff300 |||| COEFF_IN_FINAL <39> ( L,S8b)[ 1, 1,    0, 1]:  L2( 0),    33,    33,    16,   640,[     0,     0], 6ed80
     Src_Flow [     0,     1,     1,     1] [     0,     0,     0]***[    33,    16,     1,     1] [    33,    33,   528]***[     0,     1,     1,     1] [     0,     0,     0]***[2]
     Snk_Flow [     0,     1,     1,     1] [     0,     0,     0]***[    33,    16,     1,     1] [    33,    33,     0]***[     0,     1,     1,     1] [     0,     0,     0]***[2]
 LINK_P                         2281701472  :  [2,4,1,1]
    FM_IN_PART     <36> ( L,U8b)[ 4, 1,    0, 1]:  L2( 0), 13760, 13760,    32,454016,[  0,  0],     0 |||| FM_FULL        <35> ( L,U8b)[ 4, 1,    0, 1]: MSMC( 0), 26176, 26083,    16,418850,[   162,     0], 664de
    COEFF_IN_FINAL  <39> ( L,S8b)[ 1, 1,    0, 1]:  L2( 0),    33,    33,    16,   640,[  0,  0], 6ed80
     Src_Flow [     0,     1,     1,     1] [     0,     0,     0]***[  6848,    32,     3,     1] [ 13760,  6848,     0]***[  5216,    32,     1,     1] [ 13760,  6848,     0]***[2]
    Src2_Flow [     0,     1,     1,     1] [     0,     0,     0]***[    33,    16,     1,     1] [    33,   528,     0]***[     0,     1,     1,     1] [     0,     0,     0]***[2]
     Snk_Flow [     0,     1,     1,     1] [     0,     0,     0]***[  6848,    16,     3,     1] [ 26176,  6848,418816]***[  5216,    16,     1,     1] [ 26176,  6848,     0]***[2]
Padding Info [Row, Col]: Actual  IN -> OUT : [ 1,  1] -> [ 1,  1],  To fill zero OUT: [ 0,  0], Virtual Pad(T,L,B,R): [ 0,  0,  0,  0]

 ------------- 10( 0, 10, 0, 5, 0) [32 x 160 x  160] => [32 x 160 x  160] | TIDL_ConcatLayer
 LINK_X_FM_IN_FULL_TO_PART      4831838368  :  [0,2,1,1]
    FM_FULL        <33> ( L,U8b)[ 2, 1,    0, 1]: MSMC( 0), 26176, 26083,    16,418850,[162,  0],    5e |||| FM_IN_PART     <41> (PP,U8b)[ 2, 1,    0, 1]:  L2( 0), 26243, 26243,    16,419968,[     0,     0],     0
     Src_Flow [     0,     1,     1,     1] [     0,     0,     0]***[ 25760,     8,     2,     1] [ 26176,209408,209408]***[     0,     1,     1,     1] [     0,     0,     0]***[2]
     Snk_Flow [     0,     1,     1,     1] [     0,     0,     0]***[ 25760,     8,     2,     1] [ 26243,209944,     0]***[     0,     1,     1,     1] [     0,     0,     0]***[2]
 LINK_X_FM_IN_FULL_TO_PART      3221225632  :  [2,2,1,1]
    FM_FULL        <35> ( L,U8b)[ 2, 1,    0, 1]: MSMC( 0), 26176, 26083,    16,418850,[162,  0], 664de |||| FM_IN_PART     <41> (PP,U8b)[ 2, 1,    0, 1]:  L2( 0), 26243, 26243,    16,419968,[     0,     0],     0
     Src_Flow [     0,     1,     1,     1] [     0,     0,     0]***[ 25760,     8,     2,     1] [ 26176,209408,209408]***[     0,     1,     1,     1] [     0,     0,     0]***[2]
     Snk_Flow [     0,     1,     1,     1] [     0,     0,     0]***[ 25760,     8,     2,     1] [ 26243,209944,     0]***[     0,     1,     1,     1] [     0,     0,     0]***[2]
 LINK_P                         4966056096  :  [1,2,1,1]
    FM_IN_PART     <41> (PP,U8b)[ 2, 1,    0, 1]:  L2( 0), 26243, 26243,    16,419968,[  0,  0],     0 |||| FM_FULL        <40> ( L,U8b)[ 2, 1,    0, 1]: MSMC( 0), 26176, 26083,    32,837666,[   162,     0], cc95e
     Src_Flow [     0,     1,     1,     1] [     0,     0,     0]***[ 25760,     8,     2,     1] [ 26243,209944,     0]***[     0,     1,     1,     1] [     0,     0,     0]***[2]
     Snk_Flow [     0,     1,     1,     1] [     0,     0,     0]***[ 25760,     8,     2,     1] [ 26176,209408,209408]***[     0,     1,     1,     1] [     0,     0,     0]***[2]
 LINK_P                         3355443360  :  [3,2,1,1]
    FM_IN_PART     <41> (PP,U8b)[ 2, 1,    0, 1]:  L2( 0), 26243, 26243,    16,419968,[  0,  0],     0 |||| FM_FULL        <40> ( L,U8b)[ 2, 1,    0, 1]: MSMC( 0), 26176, 26083,    32,837666,[418978,     0], cc95e
     Src_Flow [     0,     1,     1,     1] [     0,     0,     0]***[ 25760,     8,     2,     1] [ 26243,209944,     0]***[     0,     1,     1,     1] [     0,     0,     0]***[2]
     Snk_Flow [     0,     1,     1,     1] [     0,     0,     0]***[ 25760,     8,     2,     1] [ 26176,209408,209408]***[     0,     1,     1,     1] [     0,     0,     0]***[2]
Padding Info [Row, Col]: Actual  IN -> OUT : [ 1,  1] -> [ 1,  1],  To fill zero OUT: [ 0,  0], Virtual Pad(T,L,B,R): [ 0,  0,  0,  0]

 ------------- 11( 0, 11, 0, 6, 0) [32 x 160 x  160] => [32 x 160 x  160] | TIDL_ConvolutionLayer
 LINK_X_FM_IN_FULL_TO_PART      5368709296  :  [1,4,1,1]
    FM_FULL        <40> ( L,U8b)[ 4, 1,    0, 1]: MSMC( 0), 26176, 26083,    32,837666,[162,  0], cc95e |||| FM_IN_PART     <43> ( L,U8b)[ 4, 1,    0, 1]:  L2( 0), 13760, 13760,    32,454016,[     0,     0],     0
     Src_Flow [     0,     1,     1,     1] [     0,     0,     0]***[  6848,    32,     3,     1] [ 26176,  6848,837632]***[  5216,    32,     1,     1] [ 26176,  6848,     0]***[2]
     Snk_Flow [     0,     1,     1,     1] [     0,     0,     0]***[  6848,    32,     3,     1] [ 13760,  6848,     0]***[  5216,    32,     1,     1] [ 13760,  6848,     0]***[2]
 LINK_X_COEFF_IN_ANY_TO_FINAL   5419040944  :  [1,1,1,1]
    COEFF_IN_STAGE <45> ( L,S8b)[ 1, 1,    0, 1]: MSMC( 0),    33,    33,    32,  1152,[  0,  0],4fd100 |||| COEFF_IN_FINAL <46> ( L,S8b)[ 1, 1,    0, 1]:  L2( 0),    33,    33,    32,  1152,[     0,     0], 6ed80
     Src_Flow [     0,     1,     1,     1] [     0,     0,     0]***[    33,    32,     1,     1] [    33,    33,  1056]***[     0,     1,     1,     1] [     0,     0,     0]***[2]
     Snk_Flow [     0,     1,     1,     1] [     0,     0,     0]***[    33,    32,     1,     1] [    33,    33,     0]***[     0,     1,     1,     1] [     0,     0,     0]***[2]
 LINK_P                         5502927024  :  [2,4,1,1]
    FM_IN_PART     <43> ( L,U8b)[ 4, 1,    0, 1]:  L2( 0), 13760, 13760,    32,454016,[  0,  0],     0 |||| FM_FULL        <42> ( L,U8b)[ 4, 1,    0, 1]: MSMC( 0), 26176, 26083,    32,837666,[   162,     0],    5e
    COEFF_IN_FINAL  <46> ( L,S8b)[ 1, 1,    0, 1]:  L2( 0),    33,    33,    32,  1152,[  0,  0], 6ed80
     Src_Flow [     0,     1,     1,     1] [     0,     0,     0]***[  6848,    32,     3,     1] [ 13760,  6848,     0]***[  5216,    32,     1,     1] [ 13760,  6848,     0]***[2]
    Src2_Flow [     0,     1,     1,     1] [     0,     0,     0]***[    33,    32,     1,     1] [    33,  1056,     0]***[     0,     1,     1,     1] [     0,     0,     0]***[2]
     Snk_Flow [     0,     1,     1,     1] [     0,     0,     0]***[  6848,    32,     3,     1] [ 26176,  6848,837632]***[  5216,    32,     1,     1] [ 26176,  6848,     0]***[2]
Padding Info [Row, Col]: Actual  IN -> OUT : [ 1,  1] -> [ 1,  1],  To fill zero OUT: [ 1,  1], Virtual Pad(T,L,B,R): [ 0,  0,  0,  0]

 ------------- 12( 0, 12, 0, 6, 0) [32 x 160 x  160] => [64 x 80 x  80] | TIDL_ConvolutionLayer
 LINK_X_FM_IN_FULL_TO_PART      5905580224  :  [1,4,1,1]
    FM_FULL        <42> ( L,U8b)[ 4, 1,    0, 1]: MSMC( 0), 26176, 26083,    32,837666,[  0,  0],    5e |||| FM_IN_PART     <48> ( L,U8b)[ 4, 1,    0, 1]:  L2( 0), 13120, 13120,    32,432768,[     0,     0],     0
     Src_Flow [  6602,    32,     1,     1] [ 26176,  6602,     0]***[  6440,    32,     3,     1] [ 26176,  6440,837632]***[     0,     1,     1,     1] [     0,     0,     0]***[2]
     Snk_Flow [  6602,    32,     1,     1] [ 13120,  6602,     0]***[  6440,    32,     3,     1] [ 13120,  6440,     0]***[     0,     1,     1,     1] [     0,     0,     0]***[2]
 LINK_X_COEFF_IN_ANY_TO_FINAL   5955911872  :  [1,1,1,1]
    COEFF_IN_STAGE <50> ( L,S8b)[ 1, 1,    0, 1]: MSMC( 0),   320,   289,    64, 20480,[  0,  0],4a0d00 |||| COEFF_IN_FINAL <51> ( L,S8b)[ 1, 1,    0, 1]:  L2( 0),   320,   289,    64, 20480,[     0,     0], 69a80
     Src_Flow [     0,     1,     1,     1] [     0,     0,     0]***[   289,    64,     1,     1] [   320,   289, 20480]***[     0,     1,     1,     1] [     0,     0,     0]***[2]
     Snk_Flow [     0,     1,     1,     1] [     0,     0,     0]***[   289,    64,     1,     1] [   320,   289,     0]***[     0,     1,     1,     1] [     0,     0,     0]***[2]
 LINK_P                         6039797952  :  [2,4,1,1]
    FM_IN_PART     <48> ( L,U8b)[ 4, 1,    0, 1]:  L2( 0), 13120, 13120,    32,432768,[  0,  0],     0 |||| FM_FULL        <47> ( L,U8b)[ 4, 1,    0, 1]: MSMC( 0),  6720,  6643,    64,430162,[    82,     0], cc8ae
    COEFF_IN_FINAL  <51> ( L,S8b)[ 1, 1,    0, 1]:  L2( 0),   320,   289,    64, 20480,[  0,  0], 69a80
     Src_Flow [     0,     1,     1,     1] [     0,     0,     0]***[  6602,    32,     4,     1] [ 13120,  6440,     0]***[     0,     1,     1,     1] [     0,     0,     0]***[2]
    Src2_Flow [     0,     1,     1,     1] [     0,     0,     0]***[   289,    64,     1,     1] [   320, 20480,     0]***[     0,     1,     1,     1] [     0,     0,     0]***[2]
     Snk_Flow [     0,     1,     1,     1] [     0,     0,     0]***[  1620,    64,     4,     1] [  6720,  1620,430080]***[     0,     1,     1,     1] [     0,     0,     0]***[2]
Padding Info [Row, Col]: Actual  IN -> OUT : [ 1,  1] -> [ 1,  1],  To fill zero OUT: [ 0,  0], Virtual Pad(T,L,B,R): [ 0,  0,  0,  0]

 ------------- 13( 0, 13, 0, 4, 0) [64 x 80 x  80] => [32 x 80 x  80] | TIDL_ConvolutionLayer
 LINK_X_FM_IN_FULL_TO_PART      6442451152  :  [1,2,1,1]
    FM_FULL        <47> ( L,U8b)[ 2, 1,    0, 1]: MSMC( 0),  6720,  6643,    64,430162,[ 82,  0], cc8ae |||| FM_IN_PART     <53> ( L,U8b)[ 2, 1,    0, 1]:  L2( 0),  6976,  6976,    64,446464,[     0,     0],     0
     Src_Flow [     0,     1,     1,     1] [     0,     0,     0]***[  3456,    64,     1,     1] [  6720,  3456,430080]***[  3024,    64,     1,     1] [  6720,  3456,     0]***[2]
     Snk_Flow [     0,     1,     1,     1] [     0,     0,     0]***[  3456,    64,     1,     1] [  6976,  3456,     0]***[  3024,    64,     1,     1] [  6976,  3456,     0]***[2]
 LINK_X_COEFF_IN_ANY_TO_FINAL   6492782800  :  [1,1,1,1]
    COEFF_IN_STAGE <55> ( L,S8b)[ 1, 1,    0, 1]: MSMC( 0),   192,    65,    32,  6144,[  0,  0],4fa100 |||| COEFF_IN_FINAL <56> ( L,S8b)[ 1, 1,    0, 1]:  L2( 0),   192,    65,    32,  6144,[     0,     0], 6d000
     Src_Flow [     0,     1,     1,     1] [     0,     0,     0]***[    65,    32,     1,     1] [   192,    65,  6144]***[     0,     1,     1,     1] [     0,     0,     0]***[2]
     Snk_Flow [     0,     1,     1,     1] [     0,     0,     0]***[    65,    32,     1,     1] [   192,    65,     0]***[     0,     1,     1,     1] [     0,     0,     0]***[2]
 LINK_P                         6576668880  :  [2,2,1,1]
    FM_IN_PART     <53> ( L,U8b)[ 2, 1,    0, 1]:  L2( 0),  6976,  6976,    64,446464,[  0,  0],     0 |||| FM_FULL        <52> ( L,U8b)[ 2, 1,    0, 1]: MSMC( 0),  6720,  6643,    32,215122,[    82,     0],    2e
    COEFF_IN_FINAL  <56> ( L,S8b)[ 1, 1,    0, 1]:  L2( 0),   192,    65,    32,  6144,[  0,  0], 6d000
     Src_Flow [     0,     1,     1,     1] [     0,     0,     0]***[  3456,    64,     1,     1] [  6976,  3456,     0]***[  3024,    64,     1,     1] [  6976,  3456,     0]***[2]
    Src2_Flow [     0,     1,     1,     1] [     0,     0,     0]***[    65,    32,     1,     1] [   192,  6144,     0]***[     0,     1,     1,     1] [     0,     0,     0]***[2]
     Snk_Flow [     0,     1,     1,     1] [     0,     0,     0]***[  3456,    32,     1,     1] [  6720,  3456,215040]***[  3024,    32,     1,     1] [  6720,  3456,     0]***[2]
Padding Info [Row, Col]: Actual  IN -> OUT : [ 1,  1] -> [ 1,  1],  To fill zero OUT: [ 0,  0], Virtual Pad(T,L,B,R): [ 0,  0,  0,  0]

 ------------- 14( 0, 15, 0, 3, 0) [32 x 80 x  80] => [32 x 80 x  80] | TIDL_ConvolutionLayer
 LINK_X_FM_IN_FULL_TO_PART      6979322096  :  [1,1,1,1]
    FM_FULL        <52> ( L,U8b)[ 1, 1,    0, 1]: MSMC( 0),  6720,  6643,    32,215122,[ 82,  0],    2e |||| FM_IN_PART     <58> ( L,U8b)[ 1, 1,    0, 1]:  L2( 0),  6592,  6592,    32,210944,[     0,     0],     0
     Src_Flow [     0,     1,     1,     1] [     0,     0,     0]***[  6480,    32,     1,     1] [  6720,  6480,215040]***[     0,     1,     1,     1] [     0,     0,     0]***[2]
     Snk_Flow [     0,     1,     1,     1] [     0,     0,     0]***[  6480,    32,     1,     1] [  6592,  6480,     0]***[     0,     1,     1,     1] [     0,     0,     0]***[2]
 LINK_X_COEFF_IN_ANY_TO_FINAL   7029653744  :  [1,1,1,1]
    COEFF_IN_STAGE <60> ( L,S8b)[ 1, 1,    0, 1]: MSMC( 0),    33,    33,    32,  1152,[  0,  0],4fde80 |||| COEFF_IN_FINAL <61> ( L,S8b)[ 1, 1,    0, 1]:  L2( 0),    33,    33,    32,  1152,[     0,     0], 33800
     Src_Flow [     0,     1,     1,     1] [     0,     0,     0]***[    33,    32,     1,     1] [    33,    33,  1056]***[     0,     1,     1,     1] [     0,     0,     0]***[2]
     Snk_Flow [     0,     1,     1,     1] [     0,     0,     0]***[    33,    32,     1,     1] [    33,    33,     0]***[     0,     1,     1,     1] [     0,     0,     0]***[2]
 LINK_P                         7113539824  :  [2,1,1,1]
    FM_IN_PART     <58> ( L,U8b)[ 1, 1,    0, 1]:  L2( 0),  6592,  6592,    32,210944,[  0,  0],     0 |||| FM_FULL        <57> ( L,U8b)[ 1, 1,    0, 1]: MSMC( 0),  6720,  6643,    32,215122,[    82,     0], 348ae
    COEFF_IN_FINAL  <61> ( L,S8b)[ 1, 1,    0, 1]:  L2( 0),    33,    33,    32,  1152,[  0,  0], 33800
     Src_Flow [     0,     1,     1,     1] [     0,     0,     0]***[  6480,    32,     1,     1] [  6592,  6480,     0]***[     0,     1,     1,     1] [     0,     0,     0]***[2]
    Src2_Flow [     0,     1,     1,     1] [     0,     0,     0]***[    33,    32,     1,     1] [    33,  1056,     0]***[     0,     1,     1,     1] [     0,     0,     0]***[2]
     Snk_Flow [     0,     1,     1,     1] [     0,     0,     0]***[  6480,    32,     1,     1] [  6720,  6480,215040]***[     0,     1,     1,     1] [     0,     0,     0]***[2]
Padding Info [Row, Col]: Actual  IN -> OUT : [ 1,  1] -> [ 1,  1],  To fill zero OUT: [ 1,  1], Virtual Pad(T,L,B,R): [ 0,  0,  0,  0]

 ------------- 15( 0, 16, 0, 3, 0) [32 x 80 x  80] => [32 x 80 x  80] | TIDL_ConvolutionLayer
 LINK_X_FM_IN_FULL_TO_PART      8053063936  :  [1,1,1,1]
    FM_FULL        <57> ( L,U8b)[ 1, 1,    0, 1]: MSMC( 0),  6720,  6643,    32,215122,[  0,  0], 348ae |||| FM_IN_PART     <63> ( L,U8b)[ 1, 1,    0, 1]:  L2( 0),  6720,  6720,    32,215040,[     0,     0],     0
     Src_Flow [     0,     1,     1,     1] [     0,     0,     0]***[  6643,    32,     1,     1] [  6720,  6643,215040]***[     0,     1,     1,     1] [     0,     0,     0]***[2]
     Snk_Flow [     0,     1,     1,     1] [     0,     0,     0]***[  6643,    32,     1,     1] [  6720,  6643,     0]***[     0,     1,     1,     1] [     0,     0,     0]***[2]
 LINK_X_COEFF_IN_ANY_TO_FINAL   8103395584  :  [1,1,1,1]
    COEFF_IN_STAGE <65> ( L,S8b)[ 1, 1,    0, 1]: MSMC( 0),   320,   289,    32, 10240,[  0,  0],4ef100 |||| COEFF_IN_FINAL <66> ( L,S8b)[ 1, 1,    0, 1]:  L2( 0),   320,   289,    32, 10240,[     0,     0], 34800
     Src_Flow [     0,     1,     1,     1] [     0,     0,     0]***[   289,    32,     1,     1] [   320,   289, 10240]***[     0,     1,     1,     1] [     0,     0,     0]***[2]
     Snk_Flow [     0,     1,     1,     1] [     0,     0,     0]***[   289,    32,     1,     1] [   320,   289,     0]***[     0,     1,     1,     1] [     0,     0,     0]***[2]
 LINK_P                         8187281664  :  [2,1,1,1]
    FM_IN_PART     <63> ( L,U8b)[ 1, 1,    0, 1]:  L2( 0),  6720,  6720,    32,215040,[  0,  0],     0 |||| FM_FULL        <62> ( L,U8b)[ 1, 1,    0, 1]: MSMC( 0),  6720,  6643,    32,215122,[    82,     0], 348ae
    COEFF_IN_FINAL  <66> ( L,S8b)[ 1, 1,    0, 1]:  L2( 0),   320,   289,    32, 10240,[  0,  0], 34800
     Src_Flow [     0,     1,     1,     1] [     0,     0,     0]***[  6643,    32,     1,     1] [  6720,  6643,     0]***[     0,     1,     1,     1] [     1,     1,     1]***[2]
    Src2_Flow [     0,     1,     1,     1] [     0,     0,     0]***[   289,    32,     1,     1] [   320, 10240,     0]***[     0,     1,     1,     1] [     0,     0,     0]***[2]
     Snk_Flow [     0,     1,     1,     1] [     0,     0,     0]***[  6479,    32,     1,     1] [  6720,  6479,215040]***[     0,     1,     1,     1] [     0,     0,     0]***[2]
Padding Info [Row, Col]: Actual  IN -> OUT : [ 1,  1] -> [ 1,  1],  To fill zero OUT: [ 0,  0], Virtual Pad(T,L,B,R): [ 0,  0,  0,  0]

 ------------- 16( 0, 17, 0, 3, 0) [64 x 80 x  80] => [32 x 80 x  80] | TIDL_EltWiseLayer
 LINK_X_FM_IN_FULL_TO_PART      8589934864  :  [0,2,1,1]
    FM_FULL        <62> ( L,U8b)[ 2, 1,    0, 1]: MSMC( 0),  6720,  6643,    32,215122,[ 82,  0], 348ae |||| FM_IN_PART     <68> (PP,U8b)[ 2, 1,    0, 1]:  L2( 0),  6723,  6723,    64,430336,[     0,     0],     0
     Src_Flow [     0,     1,     1,     1] [     0,     0,     0]***[  6480,    16,     2,     1] [  6720,107520,107520]***[     0,     1,     1,     1] [     0,     0,     0]***[2]
     Snk_Flow [     0,     1,     1,     1] [     0,     0,     0]***[  6480,    16,     2,     1] [  6723,215136,     0]***[     0,     1,     1,     1] [     0,     0,     0]***[2]
 LINK_X_FM_IN_FULL_TO_PART      6979322128  :  [0,2,1,1]
    FM_FULL        <52> ( L,U8b)[ 2, 1,    0, 1]: MSMC( 0),  6720,  6643,    32,215122,[ 82,  0],    2e |||| FM_IN_PART     <68> (PP,U8b)[ 2, 1,    0, 1]:  L2( 0),  6723,  6723,    64,430336,[107568,     0],     0
     Src_Flow [     0,     1,     1,     1] [     0,     0,     0]***[  6480,    16,     2,     1] [  6720,107520,107520]***[     0,     1,     1,     1] [     0,     0,     0]***[2]
     Snk_Flow [     0,     1,     1,     1] [     0,     0,     0]***[  6480,    16,     2,     1] [  6723,215136,     0]***[     0,     1,     1,     1] [     0,     0,     0]***[2]
 LINK_P                         35183969435920:  [1,2,1,1]
    FM_IN_PART     <68> (PP,U8b)[ 2, 1,    0, 1]:  L2( 0),  6723,  6723,    64,430336,[  0,  0],     0 |||| FM_FULL        <67> ( L,U8b)[ 2, 1,    0, 1]: MSMC( 0),  6720,  6643,    32,215122,[    82,     0],    2e
    FM_IN_PART      <68> (PP,U8b)[ 2, 1,    0, 1]:  L2( 0),  6723,  6723,    64,430336,[107568,  0],     0
     Src_Flow [     0,     1,     1,     1] [     0,     0,     0]***[  6480,    16,     2,     1] [  6723,215136,     0]***[     0,     1,     1,     1] [     0,     0,     0]***[2]
    Src2_Flow [     0,     1,     1,     1] [     0,     0,     0]***[  6480,    16,     2,     1] [  6723,215136,     0]***[     0,     1,     1,     1] [     0,     0,     0]***[2]
     Snk_Flow [     0,     1,     1,     1] [     0,     0,     0]***[  6480,    16,     2,     1] [  6720,107520,107520]***[     0,     1,     1,     1] [     0,     0,     0]***[2]
Padding Info [Row, Col]: Actual  IN -> OUT : [ 1,  1] -> [ 1,  1],  To fill zero OUT: [ 0,  0], Virtual Pad(T,L,B,R): [ 0,  0,  0,  0]

 ------------- 17( 0, 18, 0, 3, 0) [32 x 80 x  80] => [32 x 80 x  80] | TIDL_ConvolutionLayer
 LINK_X_FM_IN_FULL_TO_PART      9126805792  :  [1,1,1,1]
    FM_FULL        <67> ( L,U8b)[ 1, 1,    0, 1]: MSMC( 0),  6720,  6643,    32,215122,[ 82,  0],    2e |||| FM_IN_PART     <70> ( L,U8b)[ 1, 1,    0, 1]:  L2( 0),  6592,  6592,    32,210944,[     0,     0],     0
     Src_Flow [     0,     1,     1,     1] [     0,     0,     0]***[  6480,    32,     1,     1] [  6720,  6480,215040]***[     0,     1,     1,     1] [     0,     0,     0]***[2]
     Snk_Flow [     0,     1,     1,     1] [     0,     0,     0]***[  6480,    32,     1,     1] [  6592,  6480,     0]***[     0,     1,     1,     1] [     0,     0,     0]***[2]
 LINK_X_COEFF_IN_ANY_TO_FINAL   9177137440  :  [1,1,1,1]
    COEFF_IN_STAGE <72> ( L,S8b)[ 1, 1,    0, 1]: MSMC( 0),    33,    33,    32,  1152,[  0,  0],4fda00 |||| COEFF_IN_FINAL <73> ( L,S8b)[ 1, 1,    0, 1]:  L2( 0),    33,    33,    32,  1152,[     0,     0], 33800
     Src_Flow [     0,     1,     1,     1] [     0,     0,     0]***[    33,    32,     1,     1] [    33,    33,  1056]***[     0,     1,     1,     1] [     0,     0,     0]***[2]
     Snk_Flow [     0,     1,     1,     1] [     0,     0,     0]***[    33,    32,     1,     1] [    33,    33,     0]***[     0,     1,     1,     1] [     0,     0,     0]***[2]
 LINK_P                         9261023520  :  [2,1,1,1]
    FM_IN_PART     <70> ( L,U8b)[ 1, 1,    0, 1]:  L2( 0),  6592,  6592,    32,210944,[  0,  0],     0 |||| FM_FULL        <69> ( L,U8b)[ 1, 1,    0, 1]: MSMC( 0),  6720,  6643,    32,215122,[    82,     0], 348ae
    COEFF_IN_FINAL  <73> ( L,S8b)[ 1, 1,    0, 1]:  L2( 0),    33,    33,    32,  1152,[  0,  0], 33800
     Src_Flow [     0,     1,     1,     1] [     0,     0,     0]***[  6480,    32,     1,     1] [  6592,  6480,     0]***[     0,     1,     1,     1] [     0,     0,     0]***[2]
    Src2_Flow [     0,     1,     1,     1] [     0,     0,     0]***[    33,    32,     1,     1] [    33,  1056,     0]***[     0,     1,     1,     1] [     0,     0,     0]***[2]
     Snk_Flow [     0,     1,     1,     1] [     0,     0,     0]***[  6480,    32,     1,     1] [  6720,  6480,215040]***[     0,     1,     1,     1] [     0,     0,     0]***[2]
Padding Info [Row, Col]: Actual  IN -> OUT : [ 1,  1] -> [ 1,  1],  To fill zero OUT: [ 1,  1], Virtual Pad(T,L,B,R): [ 0,  0,  0,  0]

 ------------- 18( 0, 19, 0, 3, 0) [32 x 80 x  80] => [32 x 80 x  80] | TIDL_ConvolutionLayer
 LINK_X_FM_IN_FULL_TO_PART      9663676720  :  [1,1,1,1]
    FM_FULL        <69> ( L,U8b)[ 1, 1,    0, 1]: MSMC( 0),  6720,  6643,    32,215122,[  0,  0], 348ae |||| FM_IN_PART     <75> ( L,U8b)[ 1, 1,    0, 1]:  L2( 0),  6720,  6720,    32,215040,[     0,     0],     0
     Src_Flow [     0,     1,     1,     1] [     0,     0,     0]***[  6643,    32,     1,     1] [  6720,  6643,215040]***[     0,     1,     1,     1] [     0,     0,     0]***[2]
     Snk_Flow [     0,     1,     1,     1] [     0,     0,     0]***[  6643,    32,     1,     1] [  6720,  6643,     0]***[     0,     1,     1,     1] [     0,     0,     0]***[2]
 LINK_X_COEFF_IN_ANY_TO_FINAL   9714008368  :  [1,1,1,1]
    COEFF_IN_STAGE <77> ( L,S8b)[ 1, 1,    0, 1]: MSMC( 0),   320,   289,    32, 10240,[  0,  0],4f1900 |||| COEFF_IN_FINAL <78> ( L,S8b)[ 1, 1,    0, 1]:  L2( 0),   320,   289,    32, 10240,[     0,     0], 34800
     Src_Flow [     0,     1,     1,     1] [     0,     0,     0]***[   289,    32,     1,     1] [   320,   289, 10240]***[     0,     1,     1,     1] [     0,     0,     0]***[2]
     Snk_Flow [     0,     1,     1,     1] [     0,     0,     0]***[   289,    32,     1,     1] [   320,   289,     0]***[     0,     1,     1,     1] [     0,     0,     0]***[2]
 LINK_P                         9797894448  :  [2,1,1,1]
    FM_IN_PART     <75> ( L,U8b)[ 1, 1,    0, 1]:  L2( 0),  6720,  6720,    32,215040,[  0,  0],     0 |||| FM_FULL        <74> ( L,U8b)[ 1, 1,    0, 1]: MSMC( 0),  6720,  6643,    32,215122,[    82,     0], 348ae
    COEFF_IN_FINAL  <78> ( L,S8b)[ 1, 1,    0, 1]:  L2( 0),   320,   289,    32, 10240,[  0,  0], 34800
     Src_Flow [     0,     1,     1,     1] [     0,     0,     0]***[  6643,    32,     1,     1] [  6720,  6643,     0]***[     0,     1,     1,     1] [     1,     1,     1]***[2]
    Src2_Flow [     0,     1,     1,     1] [     0,     0,     0]***[   289,    32,     1,     1] [   320, 10240,     0]***[     0,     1,     1,     1] [     0,     0,     0]***[2]
     Snk_Flow [     0,     1,     1,     1] [     0,     0,     0]***[  6479,    32,     1,     1] [  6720,  6479,215040]***[     0,     1,     1,     1] [     0,     0,     0]***[2]
Padding Info [Row, Col]: Actual  IN -> OUT : [ 1,  1] -> [ 1,  1],  To fill zero OUT: [ 0,  0], Virtual Pad(T,L,B,R): [ 0,  0,  0,  0]

 ------------- 19( 0, 20, 0, 3, 0) [64 x 80 x  80] => [32 x 80 x  80] | TIDL_EltWiseLayer
 LINK_X_FM_IN_FULL_TO_PART      10200547648 :  [0,2,1,1]
    FM_FULL        <74> ( L,U8b)[ 2, 1,    0, 1]: MSMC( 0),  6720,  6643,    32,215122,[ 82,  0], 348ae |||| FM_IN_PART     <80> (PP,U8b)[ 2, 1,    0, 1]:  L2( 0),  6723,  6723,    64,430336,[     0,     0],     0
     Src_Flow [     0,     1,     1,     1] [     0,     0,     0]***[  6480,    16,     2,     1] [  6720,107520,107520]***[     0,     1,     1,     1] [     0,     0,     0]***[2]
     Snk_Flow [     0,     1,     1,     1] [     0,     0,     0]***[  6480,    16,     2,     1] [  6723,215136,     0]***[     0,     1,     1,     1] [     0,     0,     0]***[2]
 LINK_X_FM_IN_FULL_TO_PART      9126805824  :  [0,2,1,1]
    FM_FULL        <67> ( L,U8b)[ 2, 1,    0, 1]: MSMC( 0),  6720,  6643,    32,215122,[ 82,  0],    2e |||| FM_IN_PART     <80> (PP,U8b)[ 2, 1,    0, 1]:  L2( 0),  6723,  6723,    64,430336,[107568,     0],     0
     Src_Flow [     0,     1,     1,     1] [     0,     0,     0]***[  6480,    16,     2,     1] [  6720,107520,107520]***[     0,     1,     1,     1] [     0,     0,     0]***[2]
     Snk_Flow [     0,     1,     1,     1] [     0,     0,     0]***[  6480,    16,     2,     1] [  6723,215136,     0]***[     0,     1,     1,     1] [     0,     0,     0]***[2]
 LINK_P                         35183969435968:  [1,2,1,1]
    FM_IN_PART     <80> (PP,U8b)[ 2, 1,    0, 1]:  L2( 0),  6723,  6723,    64,430336,[  0,  0],     0 |||| FM_FULL        <79> ( L,U8b)[ 2, 1,    0, 1]: MSMC( 0),  6720,  6643,    32,215122,[    82,     0],    2e
    FM_IN_PART      <80> (PP,U8b)[ 2, 1,    0, 1]:  L2( 0),  6723,  6723,    64,430336,[107568,  0],     0
     Src_Flow [     0,     1,     1,     1] [     0,     0,     0]***[  6480,    16,     2,     1] [  6723,215136,     0]***[     0,     1,     1,     1] [     0,     0,     0]***[2]
    Src2_Flow [     0,     1,     1,     1] [     0,     0,     0]***[  6480,    16,     2,     1] [  6723,215136,     0]***[     0,     1,     1,     1] [     0,     0,     0]***[2]
     Snk_Flow [     0,     1,     1,     1] [     0,     0,     0]***[  6480,    16,     2,     1] [  6720,107520,107520]***[     0,     1,     1,     1] [     0,     0,     0]***[2]
Padding Info [Row, Col]: Actual  IN -> OUT : [ 1,  1] -> [ 1,  1],  To fill zero OUT: [ 0,  0], Virtual Pad(T,L,B,R): [ 0,  0,  0,  0]

 ------------- 20( 0, 21, 0, 3, 0) [32 x 80 x  80] => [32 x 80 x  80] | TIDL_ConvolutionLayer
 LINK_X_FM_IN_FULL_TO_PART      10737418576 :  [1,1,1,1]
    FM_FULL        <79> ( L,U8b)[ 1, 1,    0, 1]: MSMC( 0),  6720,  6643,    32,215122,[ 82,  0],    2e |||| FM_IN_PART     <82> ( L,U8b)[ 1, 1,    0, 1]:  L2( 0),  6592,  6592,    32,210944,[     0,     0],     0
     Src_Flow [     0,     1,     1,     1] [     0,     0,     0]***[  6480,    32,     1,     1] [  6720,  6480,215040]***[     0,     1,     1,     1] [     0,     0,     0]***[2]
     Snk_Flow [     0,     1,     1,     1] [     0,     0,     0]***[  6480,    32,     1,     1] [  6592,  6480,     0]***[     0,     1,     1,     1] [     0,     0,     0]***[2]
 LINK_X_COEFF_IN_ANY_TO_FINAL   10787750224 :  [1,1,1,1]
    COEFF_IN_STAGE <84> ( L,S8b)[ 1, 1,    0, 1]: MSMC( 0),    33,    33,    32,  1152,[  0,  0],4fe300 |||| COEFF_IN_FINAL <85> ( L,S8b)[ 1, 1,    0, 1]:  L2( 0),    33,    33,    32,  1152,[     0,     0], 33800
     Src_Flow [     0,     1,     1,     1] [     0,     0,     0]***[    33,    32,     1,     1] [    33,    33,  1056]***[     0,     1,     1,     1] [     0,     0,     0]***[2]
     Snk_Flow [     0,     1,     1,     1] [     0,     0,     0]***[    33,    32,     1,     1] [    33,    33,     0]***[     0,     1,     1,     1] [     0,     0,     0]***[2]
 LINK_P                         10871636304 :  [2,1,1,1]
    FM_IN_PART     <82> ( L,U8b)[ 1, 1,    0, 1]:  L2( 0),  6592,  6592,    32,210944,[  0,  0],     0 |||| FM_FULL        <81> ( L,U8b)[ 1, 1,    0, 1]: MSMC( 0),  6720,  6643,    32,215122,[    82,     0], 348ae
    COEFF_IN_FINAL  <85> ( L,S8b)[ 1, 1,    0, 1]:  L2( 0),    33,    33,    32,  1152,[  0,  0], 33800
     Src_Flow [     0,     1,     1,     1] [     0,     0,     0]***[  6480,    32,     1,     1] [  6592,  6480,     0]***[     0,     1,     1,     1] [     0,     0,     0]***[2]
    Src2_Flow [     0,     1,     1,     1] [     0,     0,     0]***[    33,    32,     1,     1] [    33,  1056,     0]***[     0,     1,     1,     1] [     0,     0,     0]***[2]
     Snk_Flow [     0,     1,     1,     1] [     0,     0,     0]***[  6480,    32,     1,     1] [  6720,  6480,215040]***[     0,     1,     1,     1] [     0,     0,     0]***[2]
Padding Info [Row, Col]: Actual  IN -> OUT : [ 1,  1] -> [ 1,  1],  To fill zero OUT: [ 1,  1], Virtual Pad(T,L,B,R): [ 0,  0,  0,  0]

 ------------- 21( 0, 22, 0, 3, 0) [32 x 80 x  80] => [32 x 80 x  80] | TIDL_ConvolutionLayer
 LINK_X_FM_IN_FULL_TO_PART      11274289504 :  [1,1,1,1]
    FM_FULL        <81> ( L,U8b)[ 1, 1,    0, 1]: MSMC( 0),  6720,  6643,    32,215122,[  0,  0], 348ae |||| FM_IN_PART     <87> ( L,U8b)[ 1, 1,    0, 1]:  L2( 0),  6720,  6720,    32,215040,[     0,     0],     0
     Src_Flow [     0,     1,     1,     1] [     0,     0,     0]***[  6643,    32,     1,     1] [  6720,  6643,215040]***[     0,     1,     1,     1] [     0,     0,     0]***[2]
     Snk_Flow [     0,     1,     1,     1] [     0,     0,     0]***[  6643,    32,     1,     1] [  6720,  6643,     0]***[     0,     1,     1,     1] [     0,     0,     0]***[2]
 LINK_X_COEFF_IN_ANY_TO_FINAL   11324621152 :  [1,1,1,1]
    COEFF_IN_STAGE <89> ( L,S8b)[ 1, 1,    0, 1]: MSMC( 0),   320,   289,    32, 10240,[  0,  0],4ec900 |||| COEFF_IN_FINAL <90> ( L,S8b)[ 1, 1,    0, 1]:  L2( 0),   320,   289,    32, 10240,[     0,     0], 34800
     Src_Flow [     0,     1,     1,     1] [     0,     0,     0]***[   289,    32,     1,     1] [   320,   289, 10240]***[     0,     1,     1,     1] [     0,     0,     0]***[2]
     Snk_Flow [     0,     1,     1,     1] [     0,     0,     0]***[   289,    32,     1,     1] [   320,   289,     0]***[     0,     1,     1,     1] [     0,     0,     0]***[2]
 LINK_P                         11408507232 :  [2,1,1,1]
    FM_IN_PART     <87> ( L,U8b)[ 1, 1,    0, 1]:  L2( 0),  6720,  6720,    32,215040,[  0,  0],     0 |||| FM_FULL        <86> ( L,U8b)[ 1, 1,    0, 1]: MSMC( 0),  6720,  6643,    32,215122,[    82,     0], 348ae
    COEFF_IN_FINAL  <90> ( L,S8b)[ 1, 1,    0, 1]:  L2( 0),   320,   289,    32, 10240,[  0,  0], 34800
     Src_Flow [     0,     1,     1,     1] [     0,     0,     0]***[  6643,    32,     1,     1] [  6720,  6643,     0]***[     0,     1,     1,     1] [     1,     1,     1]***[2]
    Src2_Flow [     0,     1,     1,     1] [     0,     0,     0]***[   289,    32,     1,     1] [   320, 10240,     0]***[     0,     1,     1,     1] [     0,     0,     0]***[2]
     Snk_Flow [     0,     1,     1,     1] [     0,     0,     0]***[  6479,    32,     1,     1] [  6720,  6479,215040]***[     0,     1,     1,     1] [     0,     0,     0]***[2]
Padding Info [Row, Col]: Actual  IN -> OUT : [ 1,  1] -> [ 1,  1],  To fill zero OUT: [ 0,  0], Virtual Pad(T,L,B,R): [ 0,  0,  0,  0]

 ------------- 22( 0, 23, 0, 3, 0) [64 x 80 x  80] => [32 x 80 x  80] | TIDL_EltWiseLayer
 LINK_X_FM_IN_FULL_TO_PART      11811160432 :  [0,2,1,1]
    FM_FULL        <86> ( L,U8b)[ 2, 1,    0, 1]: MSMC( 0),  6720,  6643,    32,215122,[ 82,  0], 348ae |||| FM_IN_PART     <92> (PP,U8b)[ 2, 1,    0, 1]:  L2( 0),  6723,  6723,    64,430336,[     0,     0],     0
     Src_Flow [     0,     1,     1,     1] [     0,     0,     0]***[  6480,    16,     2,     1] [  6720,107520,107520]***[     0,     1,     1,     1] [     0,     0,     0]***[2]
     Snk_Flow [     0,     1,     1,     1] [     0,     0,     0]***[  6480,    16,     2,     1] [  6723,215136,     0]***[     0,     1,     1,     1] [     0,     0,     0]***[2]
 LINK_X_FM_IN_FULL_TO_PART      10737418608 :  [0,2,1,1]
    FM_FULL        <79> ( L,U8b)[ 2, 1,    0, 1]: MSMC( 0),  6720,  6643,    32,215122,[ 82,  0],    2e |||| FM_IN_PART     <92> (PP,U8b)[ 2, 1,    0, 1]:  L2( 0),  6723,  6723,    64,430336,[107568,     0],     0
     Src_Flow [     0,     1,     1,     1] [     0,     0,     0]***[  6480,    16,     2,     1] [  6720,107520,107520]***[     0,     1,     1,     1] [     0,     0,     0]***[2]
     Snk_Flow [     0,     1,     1,     1] [     0,     0,     0]***[  6480,    16,     2,     1] [  6723,215136,     0]***[     0,     1,     1,     1] [     0,     0,     0]***[2]
 LINK_P                         35183969436016:  [1,2,1,1]
    FM_IN_PART     <92> (PP,U8b)[ 2, 1,    0, 1]:  L2( 0),  6723,  6723,    64,430336,[  0,  0],     0 |||| FM_FULL        <91> ( L,U8b)[ 2, 1,    0, 1]: MSMC( 0),  6720,  6643,    32,215122,[    82,     0],    2e
    FM_IN_PART      <92> (PP,U8b)[ 2, 1,    0, 1]:  L2( 0),  6723,  6723,    64,430336,[107568,  0],     0
     Src_Flow [     0,     1,     1,     1] [     0,     0,     0]***[  6480,    16,     2,     1] [  6723,215136,     0]***[     0,     1,     1,     1] [     0,     0,     0]***[2]
    Src2_Flow [     0,     1,     1,     1] [     0,     0,     0]***[  6480,    16,     2,     1] [  6723,215136,     0]***[     0,     1,     1,     1] [     0,     0,     0]***[2]
     Snk_Flow [     0,     1,     1,     1] [     0,     0,     0]***[  6480,    16,     2,     1] [  6720,107520,107520]***[     0,     1,     1,     1] [     0,     0,     0]***[2]
Padding Info [Row, Col]: Actual  IN -> OUT : [ 1,  1] -> [ 1,  1],  To fill zero OUT: [ 0,  0], Virtual Pad(T,L,B,R): [ 0,  0,  0,  0]

 ------------- 23( 0, 14, 0, 4, 0) [64 x 80 x  80] => [32 x 80 x  80] | TIDL_ConvolutionLayer
 LINK_X_FM_IN_FULL_TO_PART      6442451168  :  [1,2,1,1]
    FM_FULL        <47> ( L,U8b)[ 2, 1,    0, 1]: MSMC( 0),  6720,  6643,    64,430162,[ 82,  0], cc8ae |||| FM_IN_PART     <94> ( L,U8b)[ 2, 1,    0, 1]:  L2( 0),  6976,  6976,    64,446464,[     0,     0],     0
     Src_Flow [     0,     1,     1,     1] [     0,     0,     0]***[  3456,    64,     1,     1] [  6720,  3456,430080]***[  3024,    64,     1,     1] [  6720,  3456,     0]***[2]
     Snk_Flow [     0,     1,     1,     1] [     0,     0,     0]***[  3456,    64,     1,     1] [  6976,  3456,     0]***[  3024,    64,     1,     1] [  6976,  3456,     0]***[2]
 LINK_X_COEFF_IN_ANY_TO_FINAL   6492782816  :  [1,1,1,1]
    COEFF_IN_STAGE <96> ( L,S8b)[ 1, 1,    0, 1]: MSMC( 0),   192,    65,    32,  6144,[  0,  0],4f7100 |||| COEFF_IN_FINAL <97> ( L,S8b)[ 1, 1,    0, 1]:  L2( 0),   192,    65,    32,  6144,[     0,     0], 6d000
     Src_Flow [     0,     1,     1,     1] [     0,     0,     0]***[    65,    32,     1,     1] [   192,    65,  6144]***[     0,     1,     1,     1] [     0,     0,     0]***[2]
     Snk_Flow [     0,     1,     1,     1] [     0,     0,     0]***[    65,    32,     1,     1] [   192,    65,     0]***[     0,     1,     1,     1] [     0,     0,     0]***[2]
 LINK_P                         6576668896  :  [2,2,1,1]
    FM_IN_PART     <94> ( L,U8b)[ 2, 1,    0, 1]:  L2( 0),  6976,  6976,    64,446464,[  0,  0],     0 |||| FM_FULL        <93> ( L,U8b)[ 2, 1,    0, 1]: MSMC( 0),  6720,  6643,    32,215122,[    82,     0], 348ae
    COEFF_IN_FINAL  <97> ( L,S8b)[ 1, 1,    0, 1]:  L2( 0),   192,    65,    32,  6144,[  0,  0], 6d000
     Src_Flow [     0,     1,     1,     1] [     0,     0,     0]***[  3456,    64,     1,     1] [  6976,  3456,     0]***[  3024,    64,     1,     1] [  6976,  3456,     0]***[2]
    Src2_Flow [     0,     1,     1,     1] [     0,     0,     0]***[    65,    32,     1,     1] [   192,  6144,     0]***[     0,     1,     1,     1] [     0,     0,     0]***[2]
     Snk_Flow [     0,     1,     1,     1] [     0,     0,     0]***[  3456,    32,     1,     1] [  6720,  3456,215040]***[  3024,    32,     1,     1] [  6720,  3456,     0]***[2]
Padding Info [Row, Col]: Actual  IN -> OUT : [ 1,  1] -> [ 1,  1],  To fill zero OUT: [ 0,  0], Virtual Pad(T,L,B,R): [ 0,  0,  0,  0]

 ------------- 24( 0, 24, 0, 3, 0) [64 x 80 x  80] => [64 x 80 x  80] | TIDL_ConcatLayer
 LINK_X_FM_IN_FULL_TO_PART      12348031360 :  [0,1,1,1]
    FM_FULL        <91> ( L,U8b)[ 1, 1,    0, 1]: MSMC( 0),  6720,  6643,    32,215122,[ 82,  0],    2e |||| FM_IN_PART     <99> (PP,U8b)[ 1, 1,    0, 1]:  L2( 0),  6723,  6723,    64,430336,[     0,     0],     0
     Src_Flow [     0,     1,     1,     1] [     0,     0,     0]***[  6480,    32,     1,     1] [  6720,  6480,215040]***[     0,     1,     1,     1] [     0,     0,     0]***[2]
     Snk_Flow [     0,     1,     1,     1] [     0,     0,     0]***[  6480,    32,     1,     1] [  6723,215136,     0]***[     0,     1,     1,     1] [     0,     0,     0]***[2]
 LINK_X_FM_IN_FULL_TO_PART      7516193152  :  [1,1,1,1]
    FM_FULL        <93> ( L,U8b)[ 1, 1,    0, 1]: MSMC( 0),  6720,  6643,    32,215122,[ 82,  0], 348ae |||| FM_IN_PART     <99> (PP,U8b)[ 1, 1,    0, 1]:  L2( 0),  6723,  6723,    64,430336,[215136,     0],     0
     Src_Flow [     0,     1,     1,     1] [     0,     0,     0]***[  6480,    32,     1,     1] [  6720,  6480,215040]***[     0,     1,     1,     1] [     0,     0,     0]***[2]
     Snk_Flow [     0,     1,     1,     1] [     0,     0,     0]***[  6480,    32,     1,     1] [  6723,-215136,     0]***[     0,     1,     1,     1] [     0,     0,     0]***[2]
 LINK_P                         12482249088 :  [1,1,1,1]
    FM_IN_PART     <99> (PP,U8b)[ 1, 1,    0, 1]:  L2( 0),  6723,  6723,    64,430336,[  0,  0],     0 |||| FM_FULL        <98> ( L,U8b)[ 1, 1,    0, 1]: MSMC( 0),  6720,  6643,    64,430162,[    82,     0], 6912e
     Src_Flow [     0,     1,     1,     1] [     0,     0,     0]***[  6480,    32,     1,     1] [  6723,215136,     0]***[     0,     1,     1,     1] [     0,     0,     0]***[2]
     Snk_Flow [     0,     1,     1,     1] [     0,     0,     0]***[  6480,    32,     1,     1] [  6720,  6480,215040]***[     0,     1,     1,     1] [     0,     0,     0]***[2]
 LINK_P                         7650410880  :  [2,1,1,1]
    FM_IN_PART     <99> (PP,U8b)[ 1, 1,    0, 1]:  L2( 0),  6723,  6723,    64,430336,[215136,  0],     0 |||| FM_FULL        <98> ( L,U8b)[ 1, 1,    0, 1]: MSMC( 0),  6720,  6643,    64,430162,[215122,     0], 6912e
     Src_Flow [     0,     1,     1,     1] [     0,     0,     0]***[  6480,    32,     1,     1] [  6723,-215136,     0]***[     0,     1,     1,     1] [     0,     0,     0]***[2]
     Snk_Flow [     0,     1,     1,     1] [     0,     0,     0]***[  6480,    32,     1,     1] [  6720,  6480,215040]***[     0,     1,     1,     1] [     0,     0,     0]***[2]
Padding Info [Row, Col]: Actual  IN -> OUT : [ 1,  1] -> [ 1,  1],  To fill zero OUT: [ 0,  0], Virtual Pad(T,L,B,R): [ 0,  0,  0,  0]

 ------------- 25( 0, 25, 0, 4, 0) [64 x 80 x  80] => [64 x 80 x  80] | TIDL_ConvolutionLayer
 LINK_X_FM_IN_FULL_TO_PART      12884902288 :  [1,2,1,1]
    FM_FULL        <98> ( L,U8b)[ 2, 1,    0, 1]: MSMC( 0),  6720,  6643,    64,430162,[ 82,  0], 6912e |||| FM_IN_PART     <101> ( L,U8b)[ 2, 1,    0, 1]:  L2( 0),  6848,  6848,    64,438272,[     0,     0],     0
     Src_Flow [     0,     1,     1,     1] [     0,     0,     0]***[  3392,    64,     1,     1] [  6720,  3392,430080]***[  3088,    64,     1,     1] [  6720,  3392,     0]***[2]
     Snk_Flow [     0,     1,     1,     1] [     0,     0,     0]***[  3392,    64,     1,     1] [  6848,  3392,     0]***[  3088,    64,     1,     1] [  6848,  3392,     0]***[2]
 LINK_X_COEFF_IN_ANY_TO_FINAL   12935233936 :  [1,1,1,1]
    COEFF_IN_STAGE <103> ( L,S8b)[ 1, 1,    0, 1]: MSMC( 0),   192,    65,    64, 12288,[  0,  0],4cf100 |||| COEFF_IN_FINAL <104> ( L,S8b)[ 1, 1,    0, 1]:  L2( 0),   192,    65,    64, 12288,[     0,     0], 6b000
     Src_Flow [     0,     1,     1,     1] [     0,     0,     0]***[    65,    64,     1,     1] [   192,    65, 12288]***[     0,     1,     1,     1] [     0,     0,     0]***[2]
     Snk_Flow [     0,     1,     1,     1] [     0,     0,     0]***[    65,    64,     1,     1] [   192,    65,     0]***[     0,     1,     1,     1] [     0,     0,     0]***[2]
 LINK_P                         13019120016 :  [2,2,1,1]
    FM_IN_PART     <101> ( L,U8b)[ 2, 1,    0, 1]:  L2( 0),  6848,  6848,    64,438272,[  0,  0],     0 |||| FM_FULL        <100> ( L,U8b)[ 2, 1,    0, 1]: MSMC( 0),  6720,  6643,    64,430162,[    82,     0],    2e
    COEFF_IN_FINAL  <104> ( L,S8b)[ 1, 1,    0, 1]:  L2( 0),   192,    65,    64, 12288,[  0,  0], 6b000
     Src_Flow [     0,     1,     1,     1] [     0,     0,     0]***[  3392,    64,     1,     1] [  6848,  3392,     0]***[  3088,    64,     1,     1] [  6848,  3392,     0]***[2]
    Src2_Flow [     0,     1,     1,     1] [     0,     0,     0]***[    65,    64,     1,     1] [   192, 12288,     0]***[     0,     1,     1,     1] [     0,     0,     0]***[2]
     Snk_Flow [     0,     1,     1,     1] [     0,     0,     0]***[  3392,    64,     1,     1] [  6720,  3392,430080]***[  3088,    64,     1,     1] [  6720,  3392,     0]***[2]
Padding Info [Row, Col]: Actual  IN -> OUT : [ 1,  1] -> [ 1,  1],  To fill zero OUT: [ 1,  1], Virtual Pad(T,L,B,R): [ 0,  0,  0,  0]

 ------------- 26( 0, 26, 0, 5, 0) [64 x 80 x  80] => [128 x 40 x  40] | TIDL_ConvolutionLayer
 LINK_X_FM_IN_FULL_TO_PART      13421773216 :  [1,3,1,1]
    FM_FULL        <100> ( L,U8b)[ 3, 1,    0, 1]: MSMC( 0),  6720,  6643,    64,430162,[  0,  0],    2e |||| FM_IN_PART     <106> ( L,U8b)[ 3, 1,    0, 1]:  L2( 0),  5312,  5312,    64,342528,[     0,     0],     0
     Src_Flow [  2674,    64,     1,     1] [  6720,  2674,     0]***[  2592,    64,     1,     1] [  6720,  2592,430080]***[  1296,    64,     1,     1] [  6720,  2592,     0]***[2]
     Snk_Flow [  2674,    64,     1,     1] [  5312,  2674,     0]***[  2592,    64,     1,     1] [  5312,  2592,     0]***[  1296,    64,     1,     1] [  5312,  2592,     0]***[2]
 LINK_X_COEFF_IN_ANY_TO_FINAL   13472104864 :  [1,1,1,1]
    COEFF_IN_STAGE <108> ( L,S8b)[ 1, 1,    0, 1]: MSMC( 0),   704,   577,   128, 90112,[  0,  0],342d00 |||| COEFF_IN_FINAL <109> ( L,S8b)[ 1, 1,    0, 1]:  L2( 0),   704,   577,   128, 90112,[     0,     0], 53a00
     Src_Flow [     0,     1,     1,     1] [     0,     0,     0]***[   577,   128,     1,     1] [   704,   577, 90112]***[     0,     1,     1,     1] [     0,     0,     0]***[2]
     Snk_Flow [     0,     1,     1,     1] [     0,     0,     0]***[   577,   128,     1,     1] [   704,   577,     0]***[     0,     1,     1,     1] [     0,     0,     0]***[2]
 LINK_P                         13555990944 :  [2,3,1,1]
    FM_IN_PART     <106> ( L,U8b)[ 3, 1,    0, 1]:  L2( 0),  5312,  5312,    64,342528,[  0,  0],     0 |||| FM_FULL        <105> ( L,U8b)[ 3, 1,    0, 1]: MSMC( 0),  1728,  1723,   128,221226,[    42,     0], 690d6
    COEFF_IN_FINAL  <109> ( L,S8b)[ 1, 1,    0, 1]:  L2( 0),   704,   577,   128, 90112,[  0,  0], 53a00
     Src_Flow [     0,     1,     1,     1] [     0,     0,     0]***[  2674,    64,     2,     1] [  5312,  2592,     0]***[  1378,    64,     1,     1] [  5312,  2592,     0]***[2]
    Src2_Flow [     0,     1,     1,     1] [     0,     0,     0]***[   577,   128,     1,     1] [   704, 90112,     0]***[     0,     1,     1,     1] [     0,     0,     0]***[2]
     Snk_Flow [     0,     1,     1,     1] [     0,     0,     0]***[   656,   128,     2,     1] [  1728,   656,221184]***[   328,   128,     1,     1] [  1728,   656,     0]***[2]
Padding Info [Row, Col]: Actual  IN -> OUT : [ 1,  1] -> [ 1,  1],  To fill zero OUT: [ 0,  0], Virtual Pad(T,L,B,R): [ 0,  0,  0,  0]

 ------------- 27( 0, 27, 0, 3, 0) [128 x 40 x  40] => [64 x 40 x  40] | TIDL_ConvolutionLayer
 LINK_X_FM_IN_FULL_TO_PART      13958644144 :  [1,1,1,1]
    FM_FULL        <105> ( L,U8b)[ 1, 1,    0, 1]: MSMC( 0),  1728,  1723,   128,221226,[ 42,  0], 690d6 |||| FM_IN_PART     <111> ( L,U8b)[ 1, 1,    0, 1]:  L2( 0),  1728,  1728,   128,221184,[     0,     0],     0
     Src_Flow [     0,     1,     1,     1] [     0,     0,     0]***[  1640,   128,     1,     1] [  1728,  1640,221184]***[     0,     1,     1,     1] [     0,     0,     0]***[2]
     Snk_Flow [     0,     1,     1,     1] [     0,     0,     0]***[  1640,   128,     1,     1] [  1728,  1640,     0]***[     0,     1,     1,     1] [     0,     0,     0]***[2]
 LINK_X_COEFF_IN_ANY_TO_FINAL   14008975792 :  [1,1,1,1]
    COEFF_IN_STAGE <113> ( L,S8b)[ 1, 1,    0, 1]: MSMC( 0),   192,   129,    64, 12288,[  0,  0],4de100 |||| COEFF_IN_FINAL <114> ( L,S8b)[ 1, 1,    0, 1]:  L2( 0),   192,   129,    64, 12288,[     0,     0], 36000
     Src_Flow [     0,     1,     1,     1] [     0,     0,     0]***[   129,    64,     1,     1] [   192,   129, 12288]***[     0,     1,     1,     1] [     0,     0,     0]***[2]
     Snk_Flow [     0,     1,     1,     1] [     0,     0,     0]***[   129,    64,     1,     1] [   192,   129,     0]***[     0,     1,     1,     1] [     0,     0,     0]***[2]
 LINK_P                         14092861872 :  [2,1,1,1]
    FM_IN_PART     <111> ( L,U8b)[ 1, 1,    0, 1]:  L2( 0),  1728,  1728,   128,221184,[  0,  0],     0 |||| FM_FULL        <110> ( L,U8b)[ 1, 1,    0, 1]: MSMC( 0),  1728,  1723,    64,110634,[    42,     0], 9f156
    COEFF_IN_FINAL  <114> ( L,S8b)[ 1, 1,    0, 1]:  L2( 0),   192,   129,    64, 12288,[  0,  0], 36000
     Src_Flow [     0,     1,     1,     1] [     0,     0,     0]***[  1640,   128,     1,     1] [  1728,  1640,     0]***[     0,     1,     1,     1] [     0,     0,     0]***[2]
    Src2_Flow [     0,     1,     1,     1] [     0,     0,     0]***[   129,    64,     1,     1] [   192, 12288,     0]***[     0,     1,     1,     1] [     0,     0,     0]***[2]
     Snk_Flow [     0,     1,     1,     1] [     0,     0,     0]***[  1640,    64,     1,     1] [  1728,  1640,110592]***[     0,     1,     1,     1] [     0,     0,     0]***[2]
Padding Info [Row, Col]: Actual  IN -> OUT : [ 1,  1] -> [ 1,  1],  To fill zero OUT: [ 0,  0], Virtual Pad(T,L,B,R): [ 0,  0,  0,  0]

 ------------- 28( 0, 29, 0, 3, 0) [64 x 40 x  40] => [64 x 40 x  40] | TIDL_ConvolutionLayer
 LINK_X_FM_IN_FULL_TO_PART      14495515088 :  [1,1,1,1]
    FM_FULL        <110> ( L,U8b)[ 1, 1,    0, 1]: MSMC( 0),  1728,  1723,    64,110634,[ 42,  0], 9f156 |||| FM_IN_PART     <116> ( L,U8b)[ 1, 1,    0, 1]:  L2( 0),  1728,  1728,    64,110592,[     0,     0],     0
     Src_Flow [     0,     1,     1,     1] [     0,     0,     0]***[  1640,    64,     1,     1] [  1728,  1640,110592]***[     0,     1,     1,     1] [     0,     0,     0]***[2]
     Snk_Flow [     0,     1,     1,     1] [     0,     0,     0]***[  1640,    64,     1,     1] [  1728,  1640,     0]***[     0,     1,     1,     1] [     0,     0,     0]***[2]
 LINK_X_COEFF_IN_ANY_TO_FINAL   14545846736 :  [1,1,1,1]
    COEFF_IN_STAGE <118> ( L,S8b)[ 1, 1,    0, 1]: MSMC( 0),   192,    65,    64, 12288,[  0,  0],4c3100 |||| COEFF_IN_FINAL <119> ( L,S8b)[ 1, 1,    0, 1]:  L2( 0),   192,    65,    64, 12288,[     0,     0], 1b000
     Src_Flow [     0,     1,     1,     1] [     0,     0,     0]***[    65,    64,     1,     1] [   192,    65, 12288]***[     0,     1,     1,     1] [     0,     0,     0]***[2]
     Snk_Flow [     0,     1,     1,     1] [     0,     0,     0]***[    65,    64,     1,     1] [   192,    65,     0]***[     0,     1,     1,     1] [     0,     0,     0]***[2]
 LINK_P                         14629732816 :  [2,1,1,1]
    FM_IN_PART     <116> ( L,U8b)[ 1, 1,    0, 1]:  L2( 0),  1728,  1728,    64,110592,[  0,  0],     0 |||| FM_FULL        <115> ( L,U8b)[ 1, 1,    0, 1]: MSMC( 0),  1728,  1723,    64,110634,[    42,     0], ba1d6
    COEFF_IN_FINAL  <119> ( L,S8b)[ 1, 1,    0, 1]:  L2( 0),   192,    65,    64, 12288,[  0,  0], 1b000
     Src_Flow [     0,     1,     1,     1] [     0,     0,     0]***[  1640,    64,     1,     1] [  1728,  1640,     0]***[     0,     1,     1,     1] [     0,     0,     0]***[2]
    Src2_Flow [     0,     1,     1,     1] [     0,     0,     0]***[    65,    64,     1,     1] [   192, 12288,     0]***[     0,     1,     1,     1] [     0,     0,     0]***[2]
     Snk_Flow [     0,     1,     1,     1] [     0,     0,     0]***[  1640,    64,     1,     1] [  1728,  1640,110592]***[     0,     1,     1,     1] [     0,     0,     0]***[2]
Padding Info [Row, Col]: Actual  IN -> OUT : [ 1,  1] -> [ 1,  1],  To fill zero OUT: [ 1,  1], Virtual Pad(T,L,B,R): [ 0,  0,  0,  0]

 ------------- 29( 0, 30, 0, 3, 0) [64 x 40 x  40] => [64 x 40 x  40] | TIDL_ConvolutionLayer
 LINK_X_FM_IN_FULL_TO_PART      15569256928 :  [1,1,1,1]
    FM_FULL        <115> ( L,U8b)[ 1, 1,    0, 1]: MSMC( 0),  1728,  1723,    64,110634,[  0,  0], ba1d6 |||| FM_IN_PART     <121> ( L,U8b)[ 1, 1,    0, 1]:  L2( 0),  1728,  1728,    64,110592,[     0,     0],     0
     Src_Flow [     0,     1,     1,     1] [     0,     0,     0]***[  1723,    64,     1,     1] [  1728,  1723,110592]***[     0,     1,     1,     1] [     0,     0,     0]***[2]
     Snk_Flow [     0,     1,     1,     1] [     0,     0,     0]***[  1723,    64,     1,     1] [  1728,  1723,     0]***[     0,     1,     1,     1] [     0,     0,     0]***[2]
 LINK_X_COEFF_IN_ANY_TO_FINAL   15619588576 :  [1,1,1,1]
    COEFF_IN_STAGE <123> ( L,S8b)[ 1, 1,    0, 1]: MSMC( 0),   704,   577,    64, 45056,[  0,  0],3b7d00 |||| COEFF_IN_FINAL <124> ( L,S8b)[ 1, 1,    0, 1]:  L2( 0),   704,   577,    64, 45056,[     0,     0], 1b000
     Src_Flow [     0,     1,     1,     1] [     0,     0,     0]***[   577,    64,     1,     1] [   704,   577, 45056]***[     0,     1,     1,     1] [     0,     0,     0]***[2]
     Snk_Flow [     0,     1,     1,     1] [     0,     0,     0]***[   577,    64,     1,     1] [   704,   577,     0]***[     0,     1,     1,     1] [     0,     0,     0]***[2]
 LINK_P                         15703474656 :  [2,1,1,1]
    FM_IN_PART     <121> ( L,U8b)[ 1, 1,    0, 1]:  L2( 0),  1728,  1728,    64,110592,[  0,  0],     0 |||| FM_FULL        <120> ( L,U8b)[ 1, 1,    0, 1]: MSMC( 0),  1728,  1723,    64,110634,[    42,     0], ba1d6
    COEFF_IN_FINAL  <124> ( L,S8b)[ 1, 1,    0, 1]:  L2( 0),   704,   577,    64, 45056,[  0,  0], 1b000
     Src_Flow [     0,     1,     1,     1] [     0,     0,     0]***[  1723,    64,     1,     1] [  1728,  1723,     0]***[     0,     1,     1,     1] [     1,     1,     1]***[2]
    Src2_Flow [     0,     1,     1,     1] [     0,     0,     0]***[   577,    64,     1,     1] [   704, 45056,     0]***[     0,     1,     1,     1] [     0,     0,     0]***[2]
     Snk_Flow [     0,     1,     1,     1] [     0,     0,     0]***[  1639,    64,     1,     1] [  1728,  1639,110592]***[     0,     1,     1,     1] [     0,     0,     0]***[2]
Padding Info [Row, Col]: Actual  IN -> OUT : [ 1,  1] -> [ 1,  1],  To fill zero OUT: [ 0,  0], Virtual Pad(T,L,B,R): [ 0,  0,  0,  0]

 ------------- 30( 0, 31, 0, 3, 0) [128 x 40 x  40] => [64 x 40 x  40] | TIDL_EltWiseLayer
 LINK_X_FM_IN_FULL_TO_PART      16106127856 :  [0,2,1,1]
    FM_FULL        <120> ( L,U8b)[ 2, 1,    0, 1]: MSMC( 0),  1728,  1723,    64,110634,[ 42,  0], ba1d6 |||| FM_IN_PART     <126> (PP,U8b)[ 2, 1,    0, 1]:  L2( 0),  1763,  1763,   128,225664,[     0,     0],     0
     Src_Flow [     0,     1,     1,     1] [     0,     0,     0]***[  1640,    32,     2,     1] [  1728, 55296, 55296]***[     0,     1,     1,     1] [     0,     0,     0]***[2]
     Snk_Flow [     0,     1,     1,     1] [     0,     0,     0]***[  1640,    32,     2,     1] [  1763,112832,     0]***[     0,     1,     1,     1] [     0,     0,     0]***[2]
 LINK_X_FM_IN_FULL_TO_PART      14495515120 :  [0,2,1,1]
    FM_FULL        <110> ( L,U8b)[ 2, 1,    0, 1]: MSMC( 0),  1728,  1723,    64,110634,[ 42,  0], 9f156 |||| FM_IN_PART     <126> (PP,U8b)[ 2, 1,    0, 1]:  L2( 0),  1763,  1763,   128,225664,[ 56416,     0],     0
     Src_Flow [     0,     1,     1,     1] [     0,     0,     0]***[  1640,    32,     2,     1] [  1728, 55296, 55296]***[     0,     1,     1,     1] [     0,     0,     0]***[2]
     Snk_Flow [     0,     1,     1,     1] [     0,     0,     0]***[  1640,    32,     2,     1] [  1763,112832,     0]***[     0,     1,     1,     1] [     0,     0,     0]***[2]
 LINK_P                         35183969436144:  [1,2,1,1]
    FM_IN_PART     <126> (PP,U8b)[ 2, 1,    0, 1]:  L2( 0),  1763,  1763,   128,225664,[  0,  0],     0 |||| FM_FULL        <125> ( L,U8b)[ 2, 1,    0, 1]: MSMC( 0),  1728,  1723,    64,110634,[    42,     0], 9f156
    FM_IN_PART      <126> (PP,U8b)[ 2, 1,    0, 1]:  L2( 0),  1763,  1763,   128,225664,[56416,  0],     0
     Src_Flow [     0,     1,     1,     1] [     0,     0,     0]***[  1640,    32,     2,     1] [  1763,112832,     0]***[     0,     1,     1,     1] [     0,     0,     0]***[2]
    Src2_Flow [     0,     1,     1,     1] [     0,     0,     0]***[  1640,    32,     2,     1] [  1763,112832,     0]***[     0,     1,     1,     1] [     0,     0,     0]***[2]
     Snk_Flow [     0,     1,     1,     1] [     0,     0,     0]***[  1640,    32,     2,     1] [  1728, 55296, 55296]***[     0,     1,     1,     1] [     0,     0,     0]***[2]
Padding Info [Row, Col]: Actual  IN -> OUT : [ 1,  1] -> [ 1,  1],  To fill zero OUT: [ 0,  0], Virtual Pad(T,L,B,R): [ 0,  0,  0,  0]

 ------------- 31( 0, 32, 0, 3, 0) [64 x 40 x  40] => [64 x 40 x  40] | TIDL_ConvolutionLayer
 LINK_X_FM_IN_FULL_TO_PART      16642998784 :  [1,1,1,1]
    FM_FULL        <125> ( L,U8b)[ 1, 1,    0, 1]: MSMC( 0),  1728,  1723,    64,110634,[ 42,  0], 9f156 |||| FM_IN_PART     <128> ( L,U8b)[ 1, 1,    0, 1]:  L2( 0),  1728,  1728,    64,110592,[     0,     0],     0
     Src_Flow [     0,     1,     1,     1] [     0,     0,     0]***[  1640,    64,     1,     1] [  1728,  1640,110592]***[     0,     1,     1,     1] [     0,     0,     0]***[2]
     Snk_Flow [     0,     1,     1,     1] [     0,     0,     0]***[  1640,    64,     1,     1] [  1728,  1640,     0]***[     0,     1,     1,     1] [     0,     0,     0]***[2]
 LINK_X_COEFF_IN_ANY_TO_FINAL   16693330432 :  [1,1,1,1]
    COEFF_IN_STAGE <130> ( L,S8b)[ 1, 1,    0, 1]: MSMC( 0),   192,    65,    64, 12288,[  0,  0],4d2100 |||| COEFF_IN_FINAL <131> ( L,S8b)[ 1, 1,    0, 1]:  L2( 0),   192,    65,    64, 12288,[     0,     0], 1b000
     Src_Flow [     0,     1,     1,     1] [     0,     0,     0]***[    65,    64,     1,     1] [   192,    65, 12288]***[     0,     1,     1,     1] [     0,     0,     0]***[2]
     Snk_Flow [     0,     1,     1,     1] [     0,     0,     0]***[    65,    64,     1,     1] [   192,    65,     0]***[     0,     1,     1,     1] [     0,     0,     0]***[2]
 LINK_P                         16777216512 :  [2,1,1,1]
    FM_IN_PART     <128> ( L,U8b)[ 1, 1,    0, 1]:  L2( 0),  1728,  1728,    64,110592,[  0,  0],     0 |||| FM_FULL        <127> ( L,U8b)[ 1, 1,    0, 1]: MSMC( 0),  1728,  1723,    64,110634,[    42,     0], ba1d6
    COEFF_IN_FINAL  <131> ( L,S8b)[ 1, 1,    0, 1]:  L2( 0),   192,    65,    64, 12288,[  0,  0], 1b000
     Src_Flow [     0,     1,     1,     1] [     0,     0,     0]***[  1640,    64,     1,     1] [  1728,  1640,     0]***[     0,     1,     1,     1] [     0,     0,     0]***[2]
    Src2_Flow [     0,     1,     1,     1] [     0,     0,     0]***[    65,    64,     1,     1] [   192, 12288,     0]***[     0,     1,     1,     1] [     0,     0,     0]***[2]
     Snk_Flow [     0,     1,     1,     1] [     0,     0,     0]***[  1640,    64,     1,     1] [  1728,  1640,110592]***[     0,     1,     1,     1] [     0,     0,     0]***[2]
Padding Info [Row, Col]: Actual  IN -> OUT : [ 1,  1] -> [ 1,  1],  To fill zero OUT: [ 1,  1], Virtual Pad(T,L,B,R): [ 0,  0,  0,  0]

 ------------- 32( 0, 33, 0, 3, 0) [64 x 40 x  40] => [64 x 40 x  40] | TIDL_ConvolutionLayer
 LINK_X_FM_IN_FULL_TO_PART      17179869712 :  [1,1,1,1]
    FM_FULL        <127> ( L,U8b)[ 1, 1,    0, 1]: MSMC( 0),  1728,  1723,    64,110634,[  0,  0], ba1d6 |||| FM_IN_PART     <133> ( L,U8b)[ 1, 1,    0, 1]:  L2( 0),  1728,  1728,    64,110592,[     0,     0],     0
     Src_Flow [     0,     1,     1,     1] [     0,     0,     0]***[  1723,    64,     1,     1] [  1728,  1723,110592]***[     0,     1,     1,     1] [     0,     0,     0]***[2]
     Snk_Flow [     0,     1,     1,     1] [     0,     0,     0]***[  1723,    64,     1,     1] [  1728,  1723,     0]***[     0,     1,     1,     1] [     0,     0,     0]***[2]
 LINK_X_COEFF_IN_ANY_TO_FINAL   17230201360 :  [1,1,1,1]
    COEFF_IN_STAGE <135> ( L,S8b)[ 1, 1,    0, 1]: MSMC( 0),   704,   577,    64, 45056,[  0,  0],3a1d00 |||| COEFF_IN_FINAL <136> ( L,S8b)[ 1, 1,    0, 1]:  L2( 0),   704,   577,    64, 45056,[     0,     0], 1b000
     Src_Flow [     0,     1,     1,     1] [     0,     0,     0]***[   577,    64,     1,     1] [   704,   577, 45056]***[     0,     1,     1,     1] [     0,     0,     0]***[2]
     Snk_Flow [     0,     1,     1,     1] [     0,     0,     0]***[   577,    64,     1,     1] [   704,   577,     0]***[     0,     1,     1,     1] [     0,     0,     0]***[2]
 LINK_P                         17314087440 :  [2,1,1,1]
    FM_IN_PART     <133> ( L,U8b)[ 1, 1,    0, 1]:  L2( 0),  1728,  1728,    64,110592,[  0,  0],     0 |||| FM_FULL        <132> ( L,U8b)[ 1, 1,    0, 1]: MSMC( 0),  1728,  1723,    64,110634,[    42,     0], ba1d6
    COEFF_IN_FINAL  <136> ( L,S8b)[ 1, 1,    0, 1]:  L2( 0),   704,   577,    64, 45056,[  0,  0], 1b000
     Src_Flow [     0,     1,     1,     1] [     0,     0,     0]***[  1723,    64,     1,     1] [  1728,  1723,     0]***[     0,     1,     1,     1] [     1,     1,     1]***[2]
    Src2_Flow [     0,     1,     1,     1] [     0,     0,     0]***[   577,    64,     1,     1] [   704, 45056,     0]***[     0,     1,     1,     1] [     0,     0,     0]***[2]
     Snk_Flow [     0,     1,     1,     1] [     0,     0,     0]***[  1639,    64,     1,     1] [  1728,  1639,110592]***[     0,     1,     1,     1] [     0,     0,     0]***[2]
Padding Info [Row, Col]: Actual  IN -> OUT : [ 1,  1] -> [ 1,  1],  To fill zero OUT: [ 0,  0], Virtual Pad(T,L,B,R): [ 0,  0,  0,  0]

 ------------- 33( 0, 34, 0, 3, 0) [128 x 40 x  40] => [64 x 40 x  40] | TIDL_EltWiseLayer
 LINK_X_FM_IN_FULL_TO_PART      17716740640 :  [0,2,1,1]
    FM_FULL        <132> ( L,U8b)[ 2, 1,    0, 1]: MSMC( 0),  1728,  1723,    64,110634,[ 42,  0], ba1d6 |||| FM_IN_PART     <138> (PP,U8b)[ 2, 1,    0, 1]:  L2( 0),  1763,  1763,   128,225664,[     0,     0],     0
     Src_Flow [     0,     1,     1,     1] [     0,     0,     0]***[  1640,    32,     2,     1] [  1728, 55296, 55296]***[     0,     1,     1,     1] [     0,     0,     0]***[2]
     Snk_Flow [     0,     1,     1,     1] [     0,     0,     0]***[  1640,    32,     2,     1] [  1763,112832,     0]***[     0,     1,     1,     1] [     0,     0,     0]***[2]
 LINK_X_FM_IN_FULL_TO_PART      16642998816 :  [0,2,1,1]
    FM_FULL        <125> ( L,U8b)[ 2, 1,    0, 1]: MSMC( 0),  1728,  1723,    64,110634,[ 42,  0], 9f156 |||| FM_IN_PART     <138> (PP,U8b)[ 2, 1,    0, 1]:  L2( 0),  1763,  1763,   128,225664,[ 56416,     0],     0
     Src_Flow [     0,     1,     1,     1] [     0,     0,     0]***[  1640,    32,     2,     1] [  1728, 55296, 55296]***[     0,     1,     1,     1] [     0,     0,     0]***[2]
     Snk_Flow [     0,     1,     1,     1] [     0,     0,     0]***[  1640,    32,     2,     1] [  1763,112832,     0]***[     0,     1,     1,     1] [     0,     0,     0]***[2]
 LINK_P                         35183969436192:  [1,2,1,1]
    FM_IN_PART     <138> (PP,U8b)[ 2, 1,    0, 1]:  L2( 0),  1763,  1763,   128,225664,[  0,  0],     0 |||| FM_FULL        <137> ( L,U8b)[ 2, 1,    0, 1]: MSMC( 0),  1728,  1723,    64,110634,[    42,     0], 9f156
    FM_IN_PART      <138> (PP,U8b)[ 2, 1,    0, 1]:  L2( 0),  1763,  1763,   128,225664,[56416,  0],     0
     Src_Flow [     0,     1,     1,     1] [     0,     0,     0]***[  1640,    32,     2,     1] [  1763,112832,     0]***[     0,     1,     1,     1] [     0,     0,     0]***[2]
    Src2_Flow [     0,     1,     1,     1] [     0,     0,     0]***[  1640,    32,     2,     1] [  1763,112832,     0]***[     0,     1,     1,     1] [     0,     0,     0]***[2]
     Snk_Flow [     0,     1,     1,     1] [     0,     0,     0]***[  1640,    32,     2,     1] [  1728, 55296, 55296]***[     0,     1,     1,     1] [     0,     0,     0]***[2]
Padding Info [Row, Col]: Actual  IN -> OUT : [ 1,  1] -> [ 1,  1],  To fill zero OUT: [ 0,  0], Virtual Pad(T,L,B,R): [ 0,  0,  0,  0]

 ------------- 34( 0, 35, 0, 3, 0) [64 x 40 x  40] => [64 x 40 x  40] | TIDL_ConvolutionLayer
 LINK_X_FM_IN_FULL_TO_PART      18253611568 :  [1,1,1,1]
    FM_FULL        <137> ( L,U8b)[ 1, 1,    0, 1]: MSMC( 0),  1728,  1723,    64,110634,[ 42,  0], 9f156 |||| FM_IN_PART     <140> ( L,U8b)[ 1, 1,    0, 1]:  L2( 0),  1728,  1728,    64,110592,[     0,     0],     0
     Src_Flow [     0,     1,     1,     1] [     0,     0,     0]***[  1640,    64,     1,     1] [  1728,  1640,110592]***[     0,     1,     1,     1] [     0,     0,     0]***[2]
     Snk_Flow [     0,     1,     1,     1] [     0,     0,     0]***[  1640,    64,     1,     1] [  1728,  1640,     0]***[     0,     1,     1,     1] [     0,     0,     0]***[2]
 LINK_X_COEFF_IN_ANY_TO_FINAL   18303943216 :  [1,1,1,1]
    COEFF_IN_STAGE <142> ( L,S8b)[ 1, 1,    0, 1]: MSMC( 0),   192,    65,    64, 12288,[  0,  0],4e7100 |||| COEFF_IN_FINAL <143> ( L,S8b)[ 1, 1,    0, 1]:  L2( 0),   192,    65,    64, 12288,[     0,     0], 1b000
     Src_Flow [     0,     1,     1,     1] [     0,     0,     0]***[    65,    64,     1,     1] [   192,    65, 12288]***[     0,     1,     1,     1] [     0,     0,     0]***[2]
     Snk_Flow [     0,     1,     1,     1] [     0,     0,     0]***[    65,    64,     1,     1] [   192,    65,     0]***[     0,     1,     1,     1] [     0,     0,     0]***[2]
 LINK_P                         18387829296 :  [2,1,1,1]
    FM_IN_PART     <140> ( L,U8b)[ 1, 1,    0, 1]:  L2( 0),  1728,  1728,    64,110592,[  0,  0],     0 |||| FM_FULL        <139> ( L,U8b)[ 1, 1,    0, 1]: MSMC( 0),  1728,  1723,    64,110634,[    42,     0], ba1d6
    COEFF_IN_FINAL  <143> ( L,S8b)[ 1, 1,    0, 1]:  L2( 0),   192,    65,    64, 12288,[  0,  0], 1b000
     Src_Flow [     0,     1,     1,     1] [     0,     0,     0]***[  1640,    64,     1,     1] [  1728,  1640,     0]***[     0,     1,     1,     1] [     0,     0,     0]***[2]
    Src2_Flow [     0,     1,     1,     1] [     0,     0,     0]***[    65,    64,     1,     1] [   192, 12288,     0]***[     0,     1,     1,     1] [     0,     0,     0]***[2]
     Snk_Flow [     0,     1,     1,     1] [     0,     0,     0]***[  1640,    64,     1,     1] [  1728,  1640,110592]***[     0,     1,     1,     1] [     0,     0,     0]***[2]
Padding Info [Row, Col]: Actual  IN -> OUT : [ 1,  1] -> [ 1,  1],  To fill zero OUT: [ 1,  1], Virtual Pad(T,L,B,R): [ 0,  0,  0,  0]

 ------------- 35( 0, 36, 0, 3, 0) [64 x 40 x  40] => [64 x 40 x  40] | TIDL_ConvolutionLayer
 LINK_X_FM_IN_FULL_TO_PART      18790482496 :  [1,1,1,1]
    FM_FULL        <139> ( L,U8b)[ 1, 1,    0, 1]: MSMC( 0),  1728,  1723,    64,110634,[  0,  0], ba1d6 |||| FM_IN_PART     <145> ( L,U8b)[ 1, 1,    0, 1]:  L2( 0),  1728,  1728,    64,110592,[     0,     0],     0
     Src_Flow [     0,     1,     1,     1] [     0,     0,     0]***[  1723,    64,     1,     1] [  1728,  1723,110592]***[     0,     1,     1,     1] [     0,     0,     0]***[2]
     Snk_Flow [     0,     1,     1,     1] [     0,     0,     0]***[  1723,    64,     1,     1] [  1728,  1723,     0]***[     0,     1,     1,     1] [     0,     0,     0]***[2]
 LINK_X_COEFF_IN_ANY_TO_FINAL   18840814144 :  [1,1,1,1]
    COEFF_IN_STAGE <147> ( L,S8b)[ 1, 1,    0, 1]: MSMC( 0),   704,   577,    64, 45056,[  0,  0],3acd00 |||| COEFF_IN_FINAL <148> ( L,S8b)[ 1, 1,    0, 1]:  L2( 0),   704,   577,    64, 45056,[     0,     0], 1b000
     Src_Flow [     0,     1,     1,     1] [     0,     0,     0]***[   577,    64,     1,     1] [   704,   577, 45056]***[     0,     1,     1,     1] [     0,     0,     0]***[2]
     Snk_Flow [     0,     1,     1,     1] [     0,     0,     0]***[   577,    64,     1,     1] [   704,   577,     0]***[     0,     1,     1,     1] [     0,     0,     0]***[2]
 LINK_P                         18924700224 :  [2,1,1,1]
    FM_IN_PART     <145> ( L,U8b)[ 1, 1,    0, 1]:  L2( 0),  1728,  1728,    64,110592,[  0,  0],     0 |||| FM_FULL        <144> ( L,U8b)[ 1, 1,    0, 1]: MSMC( 0),  1728,  1723,    64,110634,[    42,     0], ba1d6
    COEFF_IN_FINAL  <148> ( L,S8b)[ 1, 1,    0, 1]:  L2( 0),   704,   577,    64, 45056,[  0,  0], 1b000
     Src_Flow [     0,     1,     1,     1] [     0,     0,     0]***[  1723,    64,     1,     1] [  1728,  1723,     0]***[     0,     1,     1,     1] [     1,     1,     1]***[2]
    Src2_Flow [     0,     1,     1,     1] [     0,     0,     0]***[   577,    64,     1,     1] [   704, 45056,     0]***[     0,     1,     1,     1] [     0,     0,     0]***[2]
     Snk_Flow [     0,     1,     1,     1] [     0,     0,     0]***[  1639,    64,     1,     1] [  1728,  1639,110592]***[     0,     1,     1,     1] [     0,     0,     0]***[2]
Padding Info [Row, Col]: Actual  IN -> OUT : [ 1,  1] -> [ 1,  1],  To fill zero OUT: [ 0,  0], Virtual Pad(T,L,B,R): [ 0,  0,  0,  0]

 ------------- 36( 0, 37, 0, 3, 0) [128 x 40 x  40] => [64 x 40 x  40] | TIDL_EltWiseLayer
 LINK_X_FM_IN_FULL_TO_PART      19327353424 :  [0,2,1,1]
    FM_FULL        <144> ( L,U8b)[ 2, 1,    0, 1]: MSMC( 0),  1728,  1723,    64,110634,[ 42,  0], ba1d6 |||| FM_IN_PART     <150> (PP,U8b)[ 2, 1,    0, 1]:  L2( 0),  1763,  1763,   128,225664,[     0,     0],     0
     Src_Flow [     0,     1,     1,     1] [     0,     0,     0]***[  1640,    32,     2,     1] [  1728, 55296, 55296]***[     0,     1,     1,     1] [     0,     0,     0]***[2]
     Snk_Flow [     0,     1,     1,     1] [     0,     0,     0]***[  1640,    32,     2,     1] [  1763,112832,     0]***[     0,     1,     1,     1] [     0,     0,     0]***[2]
 LINK_X_FM_IN_FULL_TO_PART      18253611600 :  [0,2,1,1]
    FM_FULL        <137> ( L,U8b)[ 2, 1,    0, 1]: MSMC( 0),  1728,  1723,    64,110634,[ 42,  0], 9f156 |||| FM_IN_PART     <150> (PP,U8b)[ 2, 1,    0, 1]:  L2( 0),  1763,  1763,   128,225664,[ 56416,     0],     0
     Src_Flow [     0,     1,     1,     1] [     0,     0,     0]***[  1640,    32,     2,     1] [  1728, 55296, 55296]***[     0,     1,     1,     1] [     0,     0,     0]***[2]
     Snk_Flow [     0,     1,     1,     1] [     0,     0,     0]***[  1640,    32,     2,     1] [  1763,112832,     0]***[     0,     1,     1,     1] [     0,     0,     0]***[2]
 LINK_P                         35183969436240:  [1,2,1,1]
    FM_IN_PART     <150> (PP,U8b)[ 2, 1,    0, 1]:  L2( 0),  1763,  1763,   128,225664,[  0,  0],     0 |||| FM_FULL        <149> ( L,U8b)[ 2, 1,    0, 1]: MSMC( 0),  1728,  1723,    64,110634,[    42,     0], 9f156
    FM_IN_PART      <150> (PP,U8b)[ 2, 1,    0, 1]:  L2( 0),  1763,  1763,   128,225664,[56416,  0],     0
     Src_Flow [     0,     1,     1,     1] [     0,     0,     0]***[  1640,    32,     2,     1] [  1763,112832,     0]***[     0,     1,     1,     1] [     0,     0,     0]***[2]
    Src2_Flow [     0,     1,     1,     1] [     0,     0,     0]***[  1640,    32,     2,     1] [  1763,112832,     0]***[     0,     1,     1,     1] [     0,     0,     0]***[2]
     Snk_Flow [     0,     1,     1,     1] [     0,     0,     0]***[  1640,    32,     2,     1] [  1728, 55296, 55296]***[     0,     1,     1,     1] [     0,     0,     0]***[2]
Padding Info [Row, Col]: Actual  IN -> OUT : [ 1,  1] -> [ 1,  1],  To fill zero OUT: [ 0,  0], Virtual Pad(T,L,B,R): [ 0,  0,  0,  0]

 ------------- 37( 0, 28, 0, 3, 0) [128 x 40 x  40] => [64 x 40 x  40] | TIDL_ConvolutionLayer
 LINK_X_FM_IN_FULL_TO_PART      13958644160 :  [1,1,1,1]
    FM_FULL        <105> ( L,U8b)[ 1, 1,    0, 1]: MSMC( 0),  1728,  1723,   128,221226,[ 42,  0], 690d6 |||| FM_IN_PART     <152> ( L,U8b)[ 1, 1,    0, 1]:  L2( 0),  1728,  1728,   128,221184,[     0,     0],     0
     Src_Flow [     0,     1,     1,     1] [     0,     0,     0]***[  1640,   128,     1,     1] [  1728,  1640,221184]***[     0,     1,     1,     1] [     0,     0,     0]***[2]
     Snk_Flow [     0,     1,     1,     1] [     0,     0,     0]***[  1640,   128,     1,     1] [  1728,  1640,     0]***[     0,     1,     1,     1] [     0,     0,     0]***[2]
 LINK_X_COEFF_IN_ANY_TO_FINAL   14008975808 :  [1,1,1,1]
    COEFF_IN_STAGE <154> ( L,S8b)[ 1, 1,    0, 1]: MSMC( 0),   192,   129,    64, 12288,[  0,  0],4cc100 |||| COEFF_IN_FINAL <155> ( L,S8b)[ 1, 1,    0, 1]:  L2( 0),   192,   129,    64, 12288,[     0,     0], 36000
     Src_Flow [     0,     1,     1,     1] [     0,     0,     0]***[   129,    64,     1,     1] [   192,   129, 12288]***[     0,     1,     1,     1] [     0,     0,     0]***[2]
     Snk_Flow [     0,     1,     1,     1] [     0,     0,     0]***[   129,    64,     1,     1] [   192,   129,     0]***[     0,     1,     1,     1] [     0,     0,     0]***[2]
 LINK_P                         14092861888 :  [2,1,1,1]
    FM_IN_PART     <152> ( L,U8b)[ 1, 1,    0, 1]:  L2( 0),  1728,  1728,   128,221184,[  0,  0],     0 |||| FM_FULL        <151> ( L,U8b)[ 1, 1,    0, 1]: MSMC( 0),  1728,  1723,    64,110634,[    42,     0], 690d6
    COEFF_IN_FINAL  <155> ( L,S8b)[ 1, 1,    0, 1]:  L2( 0),   192,   129,    64, 12288,[  0,  0], 36000
     Src_Flow [     0,     1,     1,     1] [     0,     0,     0]***[  1640,   128,     1,     1] [  1728,  1640,     0]***[     0,     1,     1,     1] [     0,     0,     0]***[2]
    Src2_Flow [     0,     1,     1,     1] [     0,     0,     0]***[   129,    64,     1,     1] [   192, 12288,     0]***[     0,     1,     1,     1] [     0,     0,     0]***[2]
     Snk_Flow [     0,     1,     1,     1] [     0,     0,     0]***[  1640,    64,     1,     1] [  1728,  1640,110592]***[     0,     1,     1,     1] [     0,     0,     0]***[2]
Padding Info [Row, Col]: Actual  IN -> OUT : [ 1,  1] -> [ 1,  1],  To fill zero OUT: [ 0,  0], Virtual Pad(T,L,B,R): [ 0,  0,  0,  0]

 ------------- 38( 0, 38, 0, 3, 0) [128 x 40 x  40] => [128 x 40 x  40] | TIDL_ConcatLayer
 LINK_X_FM_IN_FULL_TO_PART      19864224352 :  [0,1,1,1]
    FM_FULL        <149> ( L,U8b)[ 1, 1,    0, 1]: MSMC( 0),  1728,  1723,    64,110634,[ 42,  0], 9f156 |||| FM_IN_PART     <157> (PP,U8b)[ 1, 1,    0, 1]:  L2( 0),  1763,  1763,   128,225664,[     0,     0],     0
     Src_Flow [     0,     1,     1,     1] [     0,     0,     0]***[  1640,    64,     1,     1] [  1728,  1640,110592]***[     0,     1,     1,     1] [     0,     0,     0]***[2]
     Snk_Flow [     0,     1,     1,     1] [     0,     0,     0]***[  1640,    64,     1,     1] [  1763,112832,     0]***[     0,     1,     1,     1] [     0,     0,     0]***[2]
 LINK_X_FM_IN_FULL_TO_PART      15032386144 :  [1,1,1,1]
    FM_FULL        <151> ( L,U8b)[ 1, 1,    0, 1]: MSMC( 0),  1728,  1723,    64,110634,[ 42,  0], 690d6 |||| FM_IN_PART     <157> (PP,U8b)[ 1, 1,    0, 1]:  L2( 0),  1763,  1763,   128,225664,[112832,     0],     0
     Src_Flow [     0,     1,     1,     1] [     0,     0,     0]***[  1640,    64,     1,     1] [  1728,  1640,110592]***[     0,     1,     1,     1] [     0,     0,     0]***[2]
     Snk_Flow [     0,     1,     1,     1] [     0,     0,     0]***[  1640,    64,     1,     1] [  1763,-112832,     0]***[     0,     1,     1,     1] [     0,     0,     0]***[2]
 LINK_P                         19998442080 :  [1,1,1,1]
    FM_IN_PART     <157> (PP,U8b)[ 1, 1,    0, 1]:  L2( 0),  1763,  1763,   128,225664,[  0,  0],     0 |||| FM_FULL        <156> ( L,U8b)[ 1, 1,    0, 1]: MSMC( 0),  1728,  1723,   128,221226,[    42,     0], 845d6
     Src_Flow [     0,     1,     1,     1] [     0,     0,     0]***[  1640,    64,     1,     1] [  1763,112832,     0]***[     0,     1,     1,     1] [     0,     0,     0]***[2]
     Snk_Flow [     0,     1,     1,     1] [     0,     0,     0]***[  1640,    64,     1,     1] [  1728,  1640,110592]***[     0,     1,     1,     1] [     0,     0,     0]***[2]
 LINK_P                         15166603872 :  [2,1,1,1]
    FM_IN_PART     <157> (PP,U8b)[ 1, 1,    0, 1]:  L2( 0),  1763,  1763,   128,225664,[112832,  0],     0 |||| FM_FULL        <156> ( L,U8b)[ 1, 1,    0, 1]: MSMC( 0),  1728,  1723,   128,221226,[110634,     0], 845d6
     Src_Flow [     0,     1,     1,     1] [     0,     0,     0]***[  1640,    64,     1,     1] [  1763,-112832,     0]***[     0,     1,     1,     1] [     0,     0,     0]***[2]
     Snk_Flow [     0,     1,     1,     1] [     0,     0,     0]***[  1640,    64,     1,     1] [  1728,  1640,110592]***[     0,     1,     1,     1] [     0,     0,     0]***[2]
Padding Info [Row, Col]: Actual  IN -> OUT : [ 1,  1] -> [ 1,  1],  To fill zero OUT: [ 0,  0], Virtual Pad(T,L,B,R): [ 0,  0,  0,  0]

 ------------- 39( 0, 39, 0, 3, 0) [128 x 40 x  40] => [128 x 40 x  40] | TIDL_ConvolutionLayer
 LINK_X_FM_IN_FULL_TO_PART      20401095280 :  [1,1,1,1]
    FM_FULL        <156> ( L,U8b)[ 1, 1,    0, 1]: MSMC( 0),  1728,  1723,   128,221226,[ 42,  0], 845d6 |||| FM_IN_PART     <159> ( L,U8b)[ 1, 1,    0, 1]:  L2( 0),  1728,  1728,   128,221184,[     0,     0],     0
     Src_Flow [     0,     1,     1,     1] [     0,     0,     0]***[  1640,   128,     1,     1] [  1728,  1640,221184]***[     0,     1,     1,     1] [     0,     0,     0]***[2]
     Snk_Flow [     0,     1,     1,     1] [     0,     0,     0]***[  1640,   128,     1,     1] [  1728,  1640,     0]***[     0,     1,     1,     1] [     0,     0,     0]***[2]
 LINK_X_COEFF_IN_ANY_TO_FINAL   20451426928 :  [1,1,1,1]
    COEFF_IN_STAGE <161> ( L,S8b)[ 1, 1,    0, 1]: MSMC( 0),   192,   129,   128, 24576,[  0,  0],482d00 |||| COEFF_IN_FINAL <162> ( L,S8b)[ 1, 1,    0, 1]:  L2( 0),   192,   129,   128, 24576,[     0,     0], 36000
     Src_Flow [     0,     1,     1,     1] [     0,     0,     0]***[   129,   128,     1,     1] [   192,   129, 24576]***[     0,     1,     1,     1] [     0,     0,     0]***[2]
     Snk_Flow [     0,     1,     1,     1] [     0,     0,     0]***[   129,   128,     1,     1] [   192,   129,     0]***[     0,     1,     1,     1] [     0,     0,     0]***[2]
 LINK_P                         20535313008 :  [2,1,1,1]
    FM_IN_PART     <159> ( L,U8b)[ 1, 1,    0, 1]:  L2( 0),  1728,  1728,   128,221184,[  0,  0],     0 |||| FM_FULL        <158> ( L,U8b)[ 1, 1,    0, 1]: MSMC( 0),  1728,  1723,   128,221226,[    42,     0], 7b156
    COEFF_IN_FINAL  <162> ( L,S8b)[ 1, 1,    0, 1]:  L2( 0),   192,   129,   128, 24576,[  0,  0], 36000
     Src_Flow [     0,     1,     1,     1] [     0,     0,     0]***[  1640,   128,     1,     1] [  1728,  1640,     0]***[     0,     1,     1,     1] [     0,     0,     0]***[2]
    Src2_Flow [     0,     1,     1,     1] [     0,     0,     0]***[   129,   128,     1,     1] [   192, 24576,     0]***[     0,     1,     1,     1] [     0,     0,     0]***[2]
     Snk_Flow [     0,     1,     1,     1] [     0,     0,     0]***[  1640,   128,     1,     1] [  1728,  1640,221184]***[     0,     1,     1,     1] [     0,     0,     0]***[2]
Padding Info [Row, Col]: Actual  IN -> OUT : [ 1,  1] -> [ 1,  1],  To fill zero OUT: [ 1,  1], Virtual Pad(T,L,B,R): [ 0,  0,  0,  0]

 ------------- 40( 0, 40, 0, 6, 0) [128 x 40 x  40] => [256 x 20 x  20] | TIDL_ConvolutionLayer
 LINK_X_FM_IN_FULL_TO_PART      20937966208 :  [1,4,1,1]
    FM_FULL        <158> ( L,U8b)[ 4, 1,    0, 1]: MSMC( 0),  1728,  1723,   128,221226,[  0,  0], 7b156 |||| FM_IN_PART     <164> ( L,U8b)[ 4, 1,    0, 1]:  L2( 0),  1088,  1088,   128,140288,[     0,     0],     0
     Src_Flow [   534,   128,     1,     1] [  1728,   534,     0]***[   492,   128,     2,     1] [  1728,   492,221184]***[   164,   128,     1,     1] [  1728,   492,     0]***[2]
     Snk_Flow [   534,   128,     1,     1] [  1088,   534,     0]***[   492,   128,     2,     1] [  1088,   492,     0]***[   164,   128,     1,     1] [  1088,   492,     0]***[2]
 LINK_X_COEFF_IN_ANY_TO_FINAL   20988297856 :  [1,1,1,1]
    COEFF_IN_STAGE <166> ( L,S8b)[ 1, 1,    0, 1]: MSMC( 0),  1216,  1153,   256,311296,[  0,  0],260d00 |||| COEFF_IN_FINAL <167> ( L,S8b)[ 1, 1,    0, 1]:  L2( 0),  1216,  1153,   256,311296,[     0,     0], 22400
     Src_Flow [     0,     1,     1,     1] [     0,     0,     0]***[  1153,   256,     1,     1] [  1216,  1153,311296]***[     0,     1,     1,     1] [     0,     0,     0]***[2]
     Snk_Flow [     0,     1,     1,     1] [     0,     0,     0]***[  1153,   256,     1,     1] [  1216,  1153,     0]***[     0,     1,     1,     1] [     0,     0,     0]***[2]
 LINK_P                         21072183936 :  [2,4,1,1]
    FM_IN_PART     <164> ( L,U8b)[ 4, 1,    0, 1]:  L2( 0),  1088,  1088,   128,140288,[  0,  0],     0 |||| FM_FULL        <163> ( L,U8b)[ 4, 1,    0, 1]: MSMC( 0),   576,   463,   256,147478,[    22,     0], b11ea
    COEFF_IN_FINAL  <167> ( L,S8b)[ 1, 1,    0, 1]:  L2( 0),  1216,  1153,   256,311296,[  0,  0], 22400
     Src_Flow [     0,     1,     1,     1] [     0,     0,     0]***[   534,   128,     3,     1] [  1088,   492,     0]***[   206,   128,     1,     1] [  1088,   492,     0]***[2]
    Src2_Flow [     0,     1,     1,     1] [     0,     0,     0]***[  1153,   256,     1,     1] [  1216,311296,     0]***[     0,     1,     1,     1] [     0,     0,     0]***[2]
     Snk_Flow [     0,     1,     1,     1] [     0,     0,     0]***[   126,   256,     3,     1] [   576,   126,147456]***[    42,   256,     1,     1] [   576,   126,     0]***[2]
Padding Info [Row, Col]: Actual  IN -> OUT : [ 1,  1] -> [ 1,  1],  To fill zero OUT: [ 0,  0], Virtual Pad(T,L,B,R): [ 0,  0,  0,  0]

 ------------- 41( 0, 41, 0, 3, 0) [256 x 20 x  20] => [128 x 20 x  20] | TIDL_ConvolutionLayer
 LINK_X_FM_IN_FULL_TO_PART      21474837136 :  [1,1,1,1]
    FM_FULL        <163> ( L,U8b)[ 1, 1,    0, 1]: MSMC( 0),   576,   463,   256,147478,[ 22,  0], b11ea |||| FM_IN_PART     <169> ( L,U8b)[ 1, 1,    0, 1]:  L2( 0),   448,   448,   256,114688,[     0,     0],     0
     Src_Flow [     0,     1,     1,     1] [     0,     0,     0]***[   420,   256,     1,     1] [   576,   420,147456]***[     0,     1,     1,     1] [     0,     0,     0]***[2]
     Snk_Flow [     0,     1,     1,     1] [     0,     0,     0]***[   420,   256,     1,     1] [   448,   420,     0]***[     0,     1,     1,     1] [     0,     0,     0]***[2]
 LINK_X_COEFF_IN_ANY_TO_FINAL   21525168784 :  [1,1,1,1]
    COEFF_IN_STAGE <171> ( L,S8b)[ 1, 1,    0, 1]: MSMC( 0),   320,   257,   128, 40960,[  0,  0],464d00 |||| COEFF_IN_FINAL <172> ( L,S8b)[ 1, 1,    0, 1]:  L2( 0),   320,   257,   128, 40960,[     0,     0], 1c000
     Src_Flow [     0,     1,     1,     1] [     0,     0,     0]***[   257,   128,     1,     1] [   320,   257, 40960]***[     0,     1,     1,     1] [     0,     0,     0]***[2]
     Snk_Flow [     0,     1,     1,     1] [     0,     0,     0]***[   257,   128,     1,     1] [   320,   257,     0]***[     0,     1,     1,     1] [     0,     0,     0]***[2]
 LINK_P                         21609054864 :  [2,1,1,1]
    FM_IN_PART     <169> ( L,U8b)[ 1, 1,    0, 1]:  L2( 0),   448,   448,   256,114688,[  0,  0],     0 |||| FM_FULL        <168> ( L,U8b)[ 1, 1,    0, 1]: MSMC( 0),   576,   463,   128, 73750,[    22,     0], d52ea
    COEFF_IN_FINAL  <172> ( L,S8b)[ 1, 1,    0, 1]:  L2( 0),   320,   257,   128, 40960,[  0,  0], 1c000
     Src_Flow [     0,     1,     1,     1] [     0,     0,     0]***[   420,   256,     1,     1] [   448,   420,     0]***[     0,     1,     1,     1] [     0,     0,     0]***[2]
    Src2_Flow [     0,     1,     1,     1] [     0,     0,     0]***[   257,   128,     1,     1] [   320, 40960,     0]***[     0,     1,     1,     1] [     0,     0,     0]***[2]
     Snk_Flow [     0,     1,     1,     1] [     0,     0,     0]***[   420,   128,     1,     1] [   576,   420, 73728]***[     0,     1,     1,     1] [     0,     0,     0]***[2]
Padding Info [Row, Col]: Actual  IN -> OUT : [ 1,  1] -> [ 1,  1],  To fill zero OUT: [ 1,  1], Virtual Pad(T,L,B,R): [ 0,  0,  0,  0]

 ------------- 42( 0, 42, 0, 2, 0) [128 x 20 x  20] => [128 x 20 x  20] | TIDL_PoolingLayer
 LINK_X_FM_IN_FULL_TO_PART      22011708064 :  [0,1,1,1]
    FM_FULL        <168> ( L,U8b)[ 1, 1,    0, 1]: MSMC( 0),   576,   463,   128, 73750,[  0,  0], d52ea |||| FM_IN_PART     <174> (PP,U8b)[ 1, 1,    0, 1]:  L2( 0),   588,   588,   128, 75264,[     0,     0],    80
     Src_Flow [     0,     1,     1,     1] [     0,     0,     0]***[   463,   128,     1,     1] [   576,   463, 73728]***[     0,     1,     1,     1] [     0,     0,     0]***[2]
     Snk_Flow [     0,     1,     1,     1] [     0,     0,     0]***[   463,   128,     1,     1] [   588, 37632,     0]***[     0,     1,     1,     1] [     0,     0,     0]***[2]
 LINK_P                         22145925792 :  [1,1,1,1]
    FM_IN_PART     <174> (PP,U8b)[ 1, 1,    0, 1]:  L2( 0),   588,   588,   128, 75264,[  0,  0],    80 |||| FM_FULL        <173> ( L,U8b)[ 1, 1,    0, 1]: MSMC( 0),   576,   463,   128, 73750,[    22,     0], 690ea
     Src_Flow [     0,     1,     1,     1] [     0,     0,     0]***[   463,   128,     1,     1] [   588, 37632,     0]***[     0,     1,     1,     1] [     0,     0,     0]***[2]
     Snk_Flow [     0,     1,     1,     1] [     0,     0,     0]***[   420,   128,     1,     1] [   576,   420, 73728]***[     0,     1,     1,     1] [     0,     0,     0]***[2]
Padding Info [Row, Col]: Actual  IN -> OUT : [ 1,  1] -> [ 1,  1],  To fill zero OUT: [ 1,  1], Virtual Pad(T,L,B,R): [ 0,  0,  0,  0]

 ------------- 43( 0, 43, 0, 2, 0) [128 x 20 x  20] => [128 x 20 x  20] | TIDL_PoolingLayer
 LINK_X_FM_IN_FULL_TO_PART      22548578992 :  [0,1,1,1]
    FM_FULL        <173> ( L,U8b)[ 1, 1,    0, 1]: MSMC( 0),   576,   463,   128, 73750,[  0,  0], 690ea |||| FM_IN_PART     <176> (PP,U8b)[ 1, 1,    0, 1]:  L2( 0),   588,   588,   128, 75264,[     0,     0],    80
     Src_Flow [     0,     1,     1,     1] [     0,     0,     0]***[   463,   128,     1,     1] [   576,   463, 73728]***[     0,     1,     1,     1] [     0,     0,     0]***[2]
     Snk_Flow [     0,     1,     1,     1] [     0,     0,     0]***[   463,   128,     1,     1] [   588, 37632,     0]***[     0,     1,     1,     1] [     0,     0,     0]***[2]
 LINK_P                         22682796720 :  [1,1,1,1]
    FM_IN_PART     <176> (PP,U8b)[ 1, 1,    0, 1]:  L2( 0),   588,   588,   128, 75264,[  0,  0],    80 |||| FM_FULL        <175> ( L,U8b)[ 1, 1,    0, 1]: MSMC( 0),   576,   463,   128, 73750,[    22,     0], 690ea
     Src_Flow [     0,     1,     1,     1] [     0,     0,     0]***[   463,   128,     1,     1] [   588, 37632,     0]***[     0,     1,     1,     1] [     0,     0,     0]***[2]
     Snk_Flow [     0,     1,     1,     1] [     0,     0,     0]***[   420,   128,     1,     1] [   576,   420, 73728]***[     0,     1,     1,     1] [     0,     0,     0]***[2]
Padding Info [Row, Col]: Actual  IN -> OUT : [ 1,  1] -> [ 1,  1],  To fill zero OUT: [ 1,  1], Virtual Pad(T,L,B,R): [ 0,  0,  0,  0]

 ------------- 44( 0, 44, 0, 2, 0) [128 x 20 x  20] => [128 x 20 x  20] | TIDL_PoolingLayer
 LINK_X_FM_IN_FULL_TO_PART      23085449920 :  [0,1,1,1]
    FM_FULL        <175> ( L,U8b)[ 1, 1,    0, 1]: MSMC( 0),   576,   463,   128, 73750,[  0,  0], 690ea |||| FM_IN_PART     <178> (PP,U8b)[ 1, 1,    0, 1]:  L2( 0),   588,   588,   128, 75264,[     0,     0],    80
     Src_Flow [     0,     1,     1,     1] [     0,     0,     0]***[   463,   128,     1,     1] [   576,   463, 73728]***[     0,     1,     1,     1] [     0,     0,     0]***[2]
     Snk_Flow [     0,     1,     1,     1] [     0,     0,     0]***[   463,   128,     1,     1] [   588, 37632,     0]***[     0,     1,     1,     1] [     0,     0,     0]***[2]
 LINK_P                         23219667648 :  [1,1,1,1]
    FM_IN_PART     <178> (PP,U8b)[ 1, 1,    0, 1]:  L2( 0),   588,   588,   128, 75264,[  0,  0],    80 |||| FM_FULL        <177> ( L,U8b)[ 1, 1,    0, 1]: MSMC( 0),   576,   463,   128, 73750,[    22,     0], b11ea
     Src_Flow [     0,     1,     1,     1] [     0,     0,     0]***[   463,   128,     1,     1] [   588, 37632,     0]***[     0,     1,     1,     1] [     0,     0,     0]***[2]
     Snk_Flow [     0,     1,     1,     1] [     0,     0,     0]***[   420,   128,     1,     1] [   576,   420, 73728]***[     0,     1,     1,     1] [     0,     0,     0]***[2]
Padding Info [Row, Col]: Actual  IN -> OUT : [ 1,  1] -> [ 1,  1],  To fill zero OUT: [ 1,  1], Virtual Pad(T,L,B,R): [ 0,  0,  0,  0]

 ------------- 45( 0, 45, 0, 2, 0) [128 x 20 x  20] => [128 x 20 x  20] | TIDL_PoolingLayer
 LINK_X_FM_IN_FULL_TO_PART      23622320848 :  [0,1,1,1]
    FM_FULL        <177> ( L,U8b)[ 1, 1,    0, 1]: MSMC( 0),   576,   463,   128, 73750,[  0,  0], b11ea |||| FM_IN_PART     <180> (PP,U8b)[ 1, 1,    0, 1]:  L2( 0),   588,   588,   128, 75264,[     0,     0],    80
     Src_Flow [     0,     1,     1,     1] [     0,     0,     0]***[   463,   128,     1,     1] [   576,   463, 73728]***[     0,     1,     1,     1] [     0,     0,     0]***[2]
     Snk_Flow [     0,     1,     1,     1] [     0,     0,     0]***[   463,   128,     1,     1] [   588, 37632,     0]***[     0,     1,     1,     1] [     0,     0,     0]***[2]
 LINK_P                         23756538576 :  [1,1,1,1]
    FM_IN_PART     <180> (PP,U8b)[ 1, 1,    0, 1]:  L2( 0),   588,   588,   128, 75264,[  0,  0],    80 |||| FM_FULL        <179> ( L,U8b)[ 1, 1,    0, 1]: MSMC( 0),   576,   463,   128, 73750,[    22,     0], b11ea
     Src_Flow [     0,     1,     1,     1] [     0,     0,     0]***[   463,   128,     1,     1] [   588, 37632,     0]***[     0,     1,     1,     1] [     0,     0,     0]***[2]
     Snk_Flow [     0,     1,     1,     1] [     0,     0,     0]***[   420,   128,     1,     1] [   576,   420, 73728]***[     0,     1,     1,     1] [     0,     0,     0]***[2]
Padding Info [Row, Col]: Actual  IN -> OUT : [ 1,  1] -> [ 1,  1],  To fill zero OUT: [ 1,  1], Virtual Pad(T,L,B,R): [ 0,  0,  0,  0]

 ------------- 46( 0, 46, 0, 2, 0) [128 x 20 x  20] => [128 x 20 x  20] | TIDL_PoolingLayer
 LINK_X_FM_IN_FULL_TO_PART      24159191776 :  [0,1,1,1]
    FM_FULL        <179> ( L,U8b)[ 1, 1,    0, 1]: MSMC( 0),   576,   463,   128, 73750,[  0,  0], b11ea |||| FM_IN_PART     <182> (PP,U8b)[ 1, 1,    0, 1]:  L2( 0),   588,   588,   128, 75264,[     0,     0],    80
     Src_Flow [     0,     1,     1,     1] [     0,     0,     0]***[   463,   128,     1,     1] [   576,   463, 73728]***[     0,     1,     1,     1] [     0,     0,     0]***[2]
     Snk_Flow [     0,     1,     1,     1] [     0,     0,     0]***[   463,   128,     1,     1] [   588, 37632,     0]***[     0,     1,     1,     1] [     0,     0,     0]***[2]
 LINK_P                         24293409504 :  [1,1,1,1]
    FM_IN_PART     <182> (PP,U8b)[ 1, 1,    0, 1]:  L2( 0),   588,   588,   128, 75264,[  0,  0],    80 |||| FM_FULL        <181> ( L,U8b)[ 1, 1,    0, 1]: MSMC( 0),   576,   463,   128, 73750,[    22,     0], c326a
     Src_Flow [     0,     1,     1,     1] [     0,     0,     0]***[   463,   128,     1,     1] [   588, 37632,     0]***[     0,     1,     1,     1] [     0,     0,     0]***[2]
     Snk_Flow [     0,     1,     1,     1] [     0,     0,     0]***[   420,   128,     1,     1] [   576,   420, 73728]***[     0,     1,     1,     1] [     0,     0,     0]***[2]
Padding Info [Row, Col]: Actual  IN -> OUT : [ 1,  1] -> [ 1,  1],  To fill zero OUT: [ 1,  1], Virtual Pad(T,L,B,R): [ 0,  0,  0,  0]

 ------------- 47( 0, 47, 0, 2, 0) [128 x 20 x  20] => [128 x 20 x  20] | TIDL_PoolingLayer
 LINK_X_FM_IN_FULL_TO_PART      24696062704 :  [0,1,1,1]
    FM_FULL        <181> ( L,U8b)[ 1, 1,    0, 1]: MSMC( 0),   576,   463,   128, 73750,[  0,  0], c326a |||| FM_IN_PART     <184> (PP,U8b)[ 1, 1,    0, 1]:  L2( 0),   588,   588,   128, 75264,[     0,     0],    80
     Src_Flow [     0,     1,     1,     1] [     0,     0,     0]***[   463,   128,     1,     1] [   576,   463, 73728]***[     0,     1,     1,     1] [     0,     0,     0]***[2]
     Snk_Flow [     0,     1,     1,     1] [     0,     0,     0]***[   463,   128,     1,     1] [   588, 37632,     0]***[     0,     1,     1,     1] [     0,     0,     0]***[2]
 LINK_P                         24830280432 :  [1,1,1,1]
    FM_IN_PART     <184> (PP,U8b)[ 1, 1,    0, 1]:  L2( 0),   588,   588,   128, 75264,[  0,  0],    80 |||| FM_FULL        <183> ( L,U8b)[ 1, 1,    0, 1]: MSMC( 0),   576,   463,   128, 73750,[    22,     0], c326a
     Src_Flow [     0,     1,     1,     1] [     0,     0,     0]***[   463,   128,     1,     1] [   588, 37632,     0]***[     0,     1,     1,     1] [     0,     0,     0]***[2]
     Snk_Flow [     0,     1,     1,     1] [     0,     0,     0]***[   420,   128,     1,     1] [   576,   420, 73728]***[     0,     1,     1,     1] [     0,     0,     0]***[2]
Padding Info [Row, Col]: Actual  IN -> OUT : [ 1,  1] -> [ 1,  1],  To fill zero OUT: [ 0,  0], Virtual Pad(T,L,B,R): [ 0,  0,  0,  0]

 ------------- 48( 0, 48, 0, 5, 0) [512 x 20 x  20] => [512 x 20 x  20] | TIDL_ConcatLayer
 LINK_X_FM_IN_FULL_TO_PART      22011708160 :  [0,1,1,1]
    FM_FULL        <168> ( L,U8b)[ 1, 1,    0, 1]: MSMC( 0),   576,   463,   128, 73750,[ 22,  0], d52ea |||| FM_IN_PART     <186> (PP,U8b)[ 1, 1,    0, 1]:  L2( 0),   588,   588,   256,150528,[     0,     0],     0
     Src_Flow [     0,     1,     1,     1] [     0,     0,     0]***[   420,   128,     1,     1] [   576,   420, 73728]***[     0,     1,     1,     1] [     0,     0,     0]***[2]
     Snk_Flow [     0,     1,     1,     1] [     0,     0,     0]***[   420,   128,     1,     1] [   588, 75264,     0]***[     0,     1,     1,     1] [     0,     0,     0]***[2]
 LINK_X_FM_IN_FULL_TO_PART      23085449984 :  [1,1,1,1]
    FM_FULL        <175> ( L,U8b)[ 1, 1,    0, 1]: MSMC( 0),   576,   463,   128, 73750,[ 22,  0], 690ea |||| FM_IN_PART     <186> (PP,U8b)[ 1, 1,    0, 1]:  L2( 0),   588,   588,   256,150528,[ 75264,     0],     0
     Src_Flow [     0,     1,     1,     1] [     0,     0,     0]***[   420,   128,     1,     1] [   576,   420, 73728]***[     0,     1,     1,     1] [     0,     0,     0]***[2]
     Snk_Flow [     0,     1,     1,     1] [     0,     0,     0]***[   420,   128,     1,     1] [   588,-75264,     0]***[     0,     1,     1,     1] [     0,     0,     0]***[2]
 LINK_X_FM_IN_FULL_TO_PART      24159191808 :  [2,1,1,1]
    FM_FULL        <179> ( L,U8b)[ 1, 1,    0, 1]: MSMC( 0),   576,   463,   128, 73750,[ 22,  0], b11ea |||| FM_IN_PART     <186> (PP,U8b)[ 1, 1,    0, 1]:  L2( 0),   588,   588,   256,150528,[     0,     0],     0
     Src_Flow [     0,     1,     1,     1] [     0,     0,     0]***[   420,   128,     1,     1] [   576,   420, 73728]***[     0,     1,     1,     1] [     0,     0,     0]***[2]
     Snk_Flow [     0,     1,     1,     1] [     0,     0,     0]***[   420,   128,     1,     1] [   588, 75264,     0]***[     0,     1,     1,     1] [     0,     0,     0]***[2]
 LINK_X_FM_IN_FULL_TO_PART      25232933632 :  [3,1,1,1]
    FM_FULL        <183> ( L,U8b)[ 1, 1,    0, 1]: MSMC( 0),   576,   463,   128, 73750,[ 22,  0], c326a |||| FM_IN_PART     <186> (PP,U8b)[ 1, 1,    0, 1]:  L2( 0),   588,   588,   256,150528,[ 75264,     0],     0
     Src_Flow [     0,     1,     1,     1] [     0,     0,     0]***[   420,   128,     1,     1] [   576,   420, 73728]***[     0,     1,     1,     1] [     0,     0,     0]***[2]
     Snk_Flow [     0,     1,     1,     1] [     0,     0,     0]***[   420,   128,     1,     1] [   588,-75264,     0]***[     0,     1,     1,     1] [     0,     0,     0]***[2]
 LINK_P                         22145925888 :  [1,1,1,1]
    FM_IN_PART     <186> (PP,U8b)[ 1, 1,    0, 1]:  L2( 0),   588,   588,   256,150528,[  0,  0],     0 |||| FM_FULL        <185> ( L,U8b)[ 1, 1,    0, 1]: MSMC( 0),   576,   463,   512,294934,[    22,     0], d52ea
     Src_Flow [     0,     1,     1,     1] [     0,     0,     0]***[   420,   128,     1,     1] [   588, 75264,     0]***[     0,     1,     1,     1] [     0,     0,     0]***[2]
     Snk_Flow [     0,     1,     1,     1] [     0,     0,     0]***[   420,   128,     1,     1] [   576,   420, 73728]***[     0,     1,     1,     1] [     0,     0,     0]***[2]
 LINK_P                         23219667712 :  [2,1,1,1]
    FM_IN_PART     <186> (PP,U8b)[ 1, 1,    0, 1]:  L2( 0),   588,   588,   256,150528,[75264,  0],     0 |||| FM_FULL        <185> ( L,U8b)[ 1, 1,    0, 1]: MSMC( 0),   576,   463,   512,294934,[ 73750,     0], d52ea
     Src_Flow [     0,     1,     1,     1] [     0,     0,     0]***[   420,   128,     1,     1] [   588,-75264,     0]***[     0,     1,     1,     1] [     0,     0,     0]***[2]
     Snk_Flow [     0,     1,     1,     1] [     0,     0,     0]***[   420,   128,     1,     1] [   576,   420, 73728]***[     0,     1,     1,     1] [     0,     0,     0]***[2]
 LINK_P                         24293409536 :  [3,1,1,1]
    FM_IN_PART     <186> (PP,U8b)[ 1, 1,    0, 1]:  L2( 0),   588,   588,   256,150528,[  0,  0],     0 |||| FM_FULL        <185> ( L,U8b)[ 1, 1,    0, 1]: MSMC( 0),   576,   463,   512,294934,[147478,     0], d52ea
     Src_Flow [     0,     1,     1,     1] [     0,     0,     0]***[   420,   128,     1,     1] [   588, 75264,     0]***[     0,     1,     1,     1] [     0,     0,     0]***[2]
     Snk_Flow [     0,     1,     1,     1] [     0,     0,     0]***[   420,   128,     1,     1] [   576,   420, 73728]***[     0,     1,     1,     1] [     0,     0,     0]***[2]
 LINK_P                         25367151360 :  [4,1,1,1]
    FM_IN_PART     <186> (PP,U8b)[ 1, 1,    0, 1]:  L2( 0),   588,   588,   256,150528,[75264,  0],     0 |||| FM_FULL        <185> ( L,U8b)[ 1, 1,    0, 1]: MSMC( 0),   576,   463,   512,294934,[221206,     0], d52ea
     Src_Flow [     0,     1,     1,     1] [     0,     0,     0]***[   420,   128,     1,     1] [   588,-75264,     0]***[     0,     1,     1,     1] [     0,     0,     0]***[2]
     Snk_Flow [     0,     1,     1,     1] [     0,     0,     0]***[   420,   128,     1,     1] [   576,   420, 73728]***[     0,     1,     1,     1] [     0,     0,     0]***[2]
Padding Info [Row, Col]: Actual  IN -> OUT : [ 1,  1] -> [ 1,  1],  To fill zero OUT: [ 0,  0], Virtual Pad(T,L,B,R): [ 0,  0,  0,  0]

 ------------- 49( 0, 49, 0, 4, 0) [512 x 20 x  20] => [256 x 20 x  20] | TIDL_ConvolutionLayer
 LINK_X_FM_IN_FULL_TO_PART      25769804560 :  [1,2,1,1]
    FM_FULL        <185> ( L,U8b)[ 2, 1,    0, 1]: MSMC( 0),   576,   463,   512,294934,[ 22,  0], d52ea |||| FM_IN_PART     <188> ( L,U8b)[ 2, 1,    0, 1]:  L2( 0),   576,   576,   512,294912,[     0,     0],     0
     Src_Flow [     0,     1,     1,     1] [     0,     0,     0]***[   256,   512,     1,     1] [   576,   256,294912]***[   164,   512,     1,     1] [   576,   256,     0]***[2]
     Snk_Flow [     0,     1,     1,     1] [     0,     0,     0]***[   256,   512,     1,     1] [   576,   256,     0]***[   164,   512,     1,     1] [   576,   256,     0]***[2]
 LINK_X_COEFF_IN_ANY_TO_FINAL   25820136208 :  [1,1,1,1]
    COEFF_IN_STAGE <190> ( L,S8b)[ 1, 1,    0, 1]: MSMC( 0),   576,   513,   256,147456,[  0,  0],31ed00 |||| COEFF_IN_FINAL <191> ( L,S8b)[ 1, 1,    0, 1]:  L2( 0),   576,   513,   256,147456,[     0,     0], 48000
     Src_Flow [     0,     1,     1,     1] [     0,     0,     0]***[   513,   256,     1,     1] [   576,   513,147456]***[     0,     1,     1,     1] [     0,     0,     0]***[2]
     Snk_Flow [     0,     1,     1,     1] [     0,     0,     0]***[   513,   256,     1,     1] [   576,   513,     0]***[     0,     1,     1,     1] [     0,     0,     0]***[2]
 LINK_P                         25904022288 :  [2,2,1,1]
    FM_IN_PART     <188> ( L,U8b)[ 2, 1,    0, 1]:  L2( 0),   576,   576,   512,294912,[  0,  0],     0 |||| FM_FULL        <187> ( L,U8b)[ 2, 1,    0, 1]: MSMC( 0),   576,   463,   256,147478,[    22,     0], b11ea
    COEFF_IN_FINAL  <191> ( L,S8b)[ 1, 1,    0, 1]:  L2( 0),   576,   513,   256,147456,[  0,  0], 48000
     Src_Flow [     0,     1,     1,     1] [     0,     0,     0]***[   256,   512,     1,     1] [   576,   256,     0]***[   164,   512,     1,     1] [   576,   256,     0]***[2]
    Src2_Flow [     0,     1,     1,     1] [     0,     0,     0]***[   513,   256,     1,     1] [   576,147456,     0]***[     0,     1,     1,     1] [     0,     0,     0]***[2]
     Snk_Flow [     0,     1,     1,     1] [     0,     0,     0]***[   256,   256,     1,     1] [   576,   256,147456]***[   164,   256,     1,     1] [   576,   256,     0]***[2]
Padding Info [Row, Col]: Actual  IN -> OUT : [ 1,  1] -> [ 1,  1],  To fill zero OUT: [ 0,  0], Virtual Pad(T,L,B,R): [ 0,  0,  0,  0]

 ------------- 50( 0, 50, 0, 3, 0) [256 x 20 x  20] => [128 x 20 x  20] | TIDL_ConvolutionLayer
 LINK_X_FM_IN_FULL_TO_PART      26306675488 :  [1,1,1,1]
    FM_FULL        <187> ( L,U8b)[ 1, 1,    0, 1]: MSMC( 0),   576,   463,   256,147478,[ 22,  0], b11ea |||| FM_IN_PART     <193> ( L,U8b)[ 1, 1,    0, 1]:  L2( 0),   448,   448,   256,114688,[     0,     0],     0
     Src_Flow [     0,     1,     1,     1] [     0,     0,     0]***[   420,   256,     1,     1] [   576,   420,147456]***[     0,     1,     1,     1] [     0,     0,     0]***[2]
     Snk_Flow [     0,     1,     1,     1] [     0,     0,     0]***[   420,   256,     1,     1] [   448,   420,     0]***[     0,     1,     1,     1] [     0,     0,     0]***[2]
 LINK_X_COEFF_IN_ANY_TO_FINAL   26357007136 :  [1,1,1,1]
    COEFF_IN_STAGE <195> ( L,S8b)[ 1, 1,    0, 1]: MSMC( 0),   320,   257,   128, 40960,[  0,  0],446d00 |||| COEFF_IN_FINAL <196> ( L,S8b)[ 1, 1,    0, 1]:  L2( 0),   320,   257,   128, 40960,[     0,     0], 1c000
     Src_Flow [     0,     1,     1,     1] [     0,     0,     0]***[   257,   128,     1,     1] [   320,   257, 40960]***[     0,     1,     1,     1] [     0,     0,     0]***[2]
     Snk_Flow [     0,     1,     1,     1] [     0,     0,     0]***[   257,   128,     1,     1] [   320,   257,     0]***[     0,     1,     1,     1] [     0,     0,     0]***[2]
 LINK_P                         26440893216 :  [2,1,1,1]
    FM_IN_PART     <193> ( L,U8b)[ 1, 1,    0, 1]:  L2( 0),   448,   448,   256,114688,[  0,  0],     0 |||| FM_FULL        <192> ( L,U8b)[ 1, 1,    0, 1]: MSMC( 0),   576,   463,   128, 73750,[    22,     0], 690ea
    COEFF_IN_FINAL  <196> ( L,S8b)[ 1, 1,    0, 1]:  L2( 0),   320,   257,   128, 40960,[  0,  0], 1c000
     Src_Flow [     0,     1,     1,     1] [     0,     0,     0]***[   420,   256,     1,     1] [   448,   420,     0]***[     0,     1,     1,     1] [     0,     0,     0]***[2]
    Src2_Flow [     0,     1,     1,     1] [     0,     0,     0]***[   257,   128,     1,     1] [   320, 40960,     0]***[     0,     1,     1,     1] [     0,     0,     0]***[2]
     Snk_Flow [     0,     1,     1,     1] [     0,     0,     0]***[   420,   128,     1,     1] [   576,   420, 73728]***[     0,     1,     1,     1] [     0,     0,     0]***[2]
Padding Info [Row, Col]: Actual  IN -> OUT : [ 1,  1] -> [ 1,  1],  To fill zero OUT: [ 0,  0], Virtual Pad(T,L,B,R): [ 0,  0,  0,  0]

 ------------- 51( 0, 52, 0, 3, 0) [128 x 20 x  20] => [128 x 20 x  20] | TIDL_ConvolutionLayer
 LINK_X_FM_IN_FULL_TO_PART      26843546432 :  [1,1,1,1]
    FM_FULL        <192> ( L,U8b)[ 1, 1,    0, 1]: MSMC( 0),   576,   463,   128, 73750,[ 22,  0], 690ea |||| FM_IN_PART     <198> ( L,U8b)[ 1, 1,    0, 1]:  L2( 0),   448,   448,   128, 57344,[     0,     0],     0
     Src_Flow [     0,     1,     1,     1] [     0,     0,     0]***[   420,   128,     1,     1] [   576,   420, 73728]***[     0,     1,     1,     1] [     0,     0,     0]***[2]
     Snk_Flow [     0,     1,     1,     1] [     0,     0,     0]***[   420,   128,     1,     1] [   448,   420,     0]***[     0,     1,     1,     1] [     0,     0,     0]***[2]
 LINK_X_COEFF_IN_ANY_TO_FINAL   26893878080 :  [1,1,1,1]
    COEFF_IN_STAGE <200> ( L,S8b)[ 1, 1,    0, 1]: MSMC( 0),   192,   129,   128, 24576,[  0,  0],494d00 |||| COEFF_IN_FINAL <201> ( L,S8b)[ 1, 1,    0, 1]:  L2( 0),   192,   129,   128, 24576,[     0,     0],  e000
     Src_Flow [     0,     1,     1,     1] [     0,     0,     0]***[   129,   128,     1,     1] [   192,   129, 24576]***[     0,     1,     1,     1] [     0,     0,     0]***[2]
     Snk_Flow [     0,     1,     1,     1] [     0,     0,     0]***[   129,   128,     1,     1] [   192,   129,     0]***[     0,     1,     1,     1] [     0,     0,     0]***[2]
 LINK_P                         26977764160 :  [2,1,1,1]
    FM_IN_PART     <198> ( L,U8b)[ 1, 1,    0, 1]:  L2( 0),   448,   448,   128, 57344,[  0,  0],     0 |||| FM_FULL        <197> ( L,U8b)[ 1, 1,    0, 1]: MSMC( 0),   576,   463,   128, 73750,[    22,     0], 690ea
    COEFF_IN_FINAL  <201> ( L,S8b)[ 1, 1,    0, 1]:  L2( 0),   192,   129,   128, 24576,[  0,  0],  e000
     Src_Flow [     0,     1,     1,     1] [     0,     0,     0]***[   420,   128,     1,     1] [   448,   420,     0]***[     0,     1,     1,     1] [     0,     0,     0]***[2]
    Src2_Flow [     0,     1,     1,     1] [     0,     0,     0]***[   129,   128,     1,     1] [   192, 24576,     0]***[     0,     1,     1,     1] [     0,     0,     0]***[2]
     Snk_Flow [     0,     1,     1,     1] [     0,     0,     0]***[   420,   128,     1,     1] [   576,   420, 73728]***[     0,     1,     1,     1] [     0,     0,     0]***[2]
Padding Info [Row, Col]: Actual  IN -> OUT : [ 1,  1] -> [ 1,  1],  To fill zero OUT: [ 1,  1], Virtual Pad(T,L,B,R): [ 0,  0,  0,  0]

 ------------- 52( 0, 53, 0, 3, 0) [128 x 20 x  20] => [128 x 20 x  20] | TIDL_ConvolutionLayer
 LINK_X_FM_IN_FULL_TO_PART      27917288272 :  [1,1,1,1]
    FM_FULL        <197> ( L,U8b)[ 1, 1,    0, 1]: MSMC( 0),   576,   463,   128, 73750,[  0,  0], 690ea |||| FM_IN_PART     <203> ( L,U8b)[ 1, 1,    0, 1]:  L2( 0),   576,   576,   128, 73728,[     0,     0],     0
     Src_Flow [     0,     1,     1,     1] [     0,     0,     0]***[   463,   128,     1,     1] [   576,   463, 73728]***[     0,     1,     1,     1] [     0,     0,     0]***[2]
     Snk_Flow [     0,     1,     1,     1] [     0,     0,     0]***[   463,   128,     1,     1] [   576,   463,     0]***[     0,     1,     1,     1] [     0,     0,     0]***[2]
 LINK_X_COEFF_IN_ANY_TO_FINAL   27967619920 :  [1,1,1,1]
    COEFF_IN_STAGE <205> ( L,S8b)[ 1, 1,    0, 1]: MSMC( 0),  1216,  1153,   128,155648,[  0,  0],2acd00 |||| COEFF_IN_FINAL <206> ( L,S8b)[ 1, 1,    0, 1]:  L2( 0),  1216,  1153,   128,155648,[     0,     0], 12000
     Src_Flow [     0,     1,     1,     1] [     0,     0,     0]***[  1153,   128,     1,     1] [  1216,  1153,155648]***[     0,     1,     1,     1] [     0,     0,     0]***[2]
     Snk_Flow [     0,     1,     1,     1] [     0,     0,     0]***[  1153,   128,     1,     1] [  1216,  1153,     0]***[     0,     1,     1,     1] [     0,     0,     0]***[2]
 LINK_P                         28051506000 :  [2,1,1,1]
    FM_IN_PART     <203> ( L,U8b)[ 1, 1,    0, 1]:  L2( 0),   576,   576,   128, 73728,[  0,  0],     0 |||| FM_FULL        <202> ( L,U8b)[ 1, 1,    0, 1]: MSMC( 0),   576,   463,   128, 73750,[    22,     0], 690ea
    COEFF_IN_FINAL  <206> ( L,S8b)[ 1, 1,    0, 1]:  L2( 0),  1216,  1153,   128,155648,[  0,  0], 12000
     Src_Flow [     0,     1,     1,     1] [     0,     0,     0]***[   463,   128,     1,     1] [   576,   463,     0]***[     0,     1,     1,     1] [     1,     1,     1]***[2]
    Src2_Flow [     0,     1,     1,     1] [     0,     0,     0]***[  1153,   128,     1,     1] [  1216,155648,     0]***[     0,     1,     1,     1] [     0,     0,     0]***[2]
     Snk_Flow [     0,     1,     1,     1] [     0,     0,     0]***[   419,   128,     1,     1] [   576,   419, 73728]***[     0,     1,     1,     1] [     0,     0,     0]***[2]
Padding Info [Row, Col]: Actual  IN -> OUT : [ 1,  1] -> [ 1,  1],  To fill zero OUT: [ 0,  0], Virtual Pad(T,L,B,R): [ 0,  0,  0,  0]

 ------------- 53( 0, 51, 0, 3, 0) [256 x 20 x  20] => [128 x 20 x  20] | TIDL_ConvolutionLayer
 LINK_X_FM_IN_FULL_TO_PART      26306675504 :  [1,1,1,1]
    FM_FULL        <187> ( L,U8b)[ 1, 1,    0, 1]: MSMC( 0),   576,   463,   256,147478,[ 22,  0], b11ea |||| FM_IN_PART     <208> ( L,U8b)[ 1, 1,    0, 1]:  L2( 0),   448,   448,   256,114688,[     0,     0],     0
     Src_Flow [     0,     1,     1,     1] [     0,     0,     0]***[   420,   256,     1,     1] [   576,   420,147456]***[     0,     1,     1,     1] [     0,     0,     0]***[2]
     Snk_Flow [     0,     1,     1,     1] [     0,     0,     0]***[   420,   256,     1,     1] [   448,   420,     0]***[     0,     1,     1,     1] [     0,     0,     0]***[2]
 LINK_X_COEFF_IN_ANY_TO_FINAL   26357007152 :  [1,1,1,1]
    COEFF_IN_STAGE <210> ( L,S8b)[ 1, 1,    0, 1]: MSMC( 0),   320,   257,   128, 40960,[  0,  0],478d00 |||| COEFF_IN_FINAL <211> ( L,S8b)[ 1, 1,    0, 1]:  L2( 0),   320,   257,   128, 40960,[     0,     0], 1c000
     Src_Flow [     0,     1,     1,     1] [     0,     0,     0]***[   257,   128,     1,     1] [   320,   257, 40960]***[     0,     1,     1,     1] [     0,     0,     0]***[2]
     Snk_Flow [     0,     1,     1,     1] [     0,     0,     0]***[   257,   128,     1,     1] [   320,   257,     0]***[     0,     1,     1,     1] [     0,     0,     0]***[2]
 LINK_P                         26440893232 :  [2,1,1,1]
    FM_IN_PART     <208> ( L,U8b)[ 1, 1,    0, 1]:  L2( 0),   448,   448,   256,114688,[  0,  0],     0 |||| FM_FULL        <207> ( L,U8b)[ 1, 1,    0, 1]: MSMC( 0),   576,   463,   128, 73750,[    22,     0], b11ea
    COEFF_IN_FINAL  <211> ( L,S8b)[ 1, 1,    0, 1]:  L2( 0),   320,   257,   128, 40960,[  0,  0], 1c000
     Src_Flow [     0,     1,     1,     1] [     0,     0,     0]***[   420,   256,     1,     1] [   448,   420,     0]***[     0,     1,     1,     1] [     0,     0,     0]***[2]
    Src2_Flow [     0,     1,     1,     1] [     0,     0,     0]***[   257,   128,     1,     1] [   320, 40960,     0]***[     0,     1,     1,     1] [     0,     0,     0]***[2]
     Snk_Flow [     0,     1,     1,     1] [     0,     0,     0]***[   420,   128,     1,     1] [   576,   420, 73728]***[     0,     1,     1,     1] [     0,     0,     0]***[2]
Padding Info [Row, Col]: Actual  IN -> OUT : [ 1,  1] -> [ 1,  1],  To fill zero OUT: [ 0,  0], Virtual Pad(T,L,B,R): [ 0,  0,  0,  0]

 ------------- 54( 0, 54, 0, 3, 0) [256 x 20 x  20] => [256 x 20 x  20] | TIDL_ConcatLayer
 LINK_X_FM_IN_FULL_TO_PART      28454159200 :  [0,1,1,1]
    FM_FULL        <202> ( L,U8b)[ 1, 1,    0, 1]: MSMC( 0),   576,   463,   128, 73750,[ 22,  0], 690ea |||| FM_IN_PART     <213> (PP,U8b)[ 1, 1,    0, 1]:  L2( 0),   588,   588,   256,150528,[     0,     0],     0
     Src_Flow [     0,     1,     1,     1] [     0,     0,     0]***[   420,   128,     1,     1] [   576,   420, 73728]***[     0,     1,     1,     1] [     0,     0,     0]***[2]
     Snk_Flow [     0,     1,     1,     1] [     0,     0,     0]***[   420,   128,     1,     1] [   588, 75264,     0]***[     0,     1,     1,     1] [     0,     0,     0]***[2]
 LINK_X_FM_IN_FULL_TO_PART      27380417376 :  [1,1,1,1]
    FM_FULL        <207> ( L,U8b)[ 1, 1,    0, 1]: MSMC( 0),   576,   463,   128, 73750,[ 22,  0], b11ea |||| FM_IN_PART     <213> (PP,U8b)[ 1, 1,    0, 1]:  L2( 0),   588,   588,   256,150528,[ 75264,     0],     0
     Src_Flow [     0,     1,     1,     1] [     0,     0,     0]***[   420,   128,     1,     1] [   576,   420, 73728]***[     0,     1,     1,     1] [     0,     0,     0]***[2]
     Snk_Flow [     0,     1,     1,     1] [     0,     0,     0]***[   420,   128,     1,     1] [   588,-75264,     0]***[     0,     1,     1,     1] [     0,     0,     0]***[2]
 LINK_P                         28588376928 :  [1,1,1,1]
    FM_IN_PART     <213> (PP,U8b)[ 1, 1,    0, 1]:  L2( 0),   588,   588,   256,150528,[  0,  0],     0 |||| FM_FULL        <212> ( L,U8b)[ 1, 1,    0, 1]: MSMC( 0),   576,   463,   256,147478,[    22,     0], c326a
     Src_Flow [     0,     1,     1,     1] [     0,     0,     0]***[   420,   128,     1,     1] [   588, 75264,     0]***[     0,     1,     1,     1] [     0,     0,     0]***[2]
     Snk_Flow [     0,     1,     1,     1] [     0,     0,     0]***[   420,   128,     1,     1] [   576,   420, 73728]***[     0,     1,     1,     1] [     0,     0,     0]***[2]
 LINK_P                         27514635104 :  [2,1,1,1]
    FM_IN_PART     <213> (PP,U8b)[ 1, 1,    0, 1]:  L2( 0),   588,   588,   256,150528,[75264,  0],     0 |||| FM_FULL        <212> ( L,U8b)[ 1, 1,    0, 1]: MSMC( 0),   576,   463,   256,147478,[ 73750,     0], c326a
     Src_Flow [     0,     1,     1,     1] [     0,     0,     0]***[   420,   128,     1,     1] [   588,-75264,     0]***[     0,     1,     1,     1] [     0,     0,     0]***[2]
     Snk_Flow [     0,     1,     1,     1] [     0,     0,     0]***[   420,   128,     1,     1] [   576,   420, 73728]***[     0,     1,     1,     1] [     0,     0,     0]***[2]
Padding Info [Row, Col]: Actual  IN -> OUT : [ 1,  1] -> [ 1,  1],  To fill zero OUT: [ 0,  0], Virtual Pad(T,L,B,R): [ 0,  0,  0,  0]

 ------------- 55( 0, 55, 0, 3, 0) [256 x 20 x  20] => [256 x 20 x  20] | TIDL_ConvolutionLayer
 LINK_X_FM_IN_FULL_TO_PART      28991030128 :  [1,1,1,1]
    FM_FULL        <212> ( L,U8b)[ 1, 1,    0, 1]: MSMC( 0),   576,   463,   256,147478,[ 22,  0], c326a |||| FM_IN_PART     <215> ( L,U8b)[ 1, 1,    0, 1]:  L2( 0),   448,   448,   256,114688,[     0,     0],     0
     Src_Flow [     0,     1,     1,     1] [     0,     0,     0]***[   420,   256,     1,     1] [   576,   420,147456]***[     0,     1,     1,     1] [     0,     0,     0]***[2]
     Snk_Flow [     0,     1,     1,     1] [     0,     0,     0]***[   420,   256,     1,     1] [   448,   420,     0]***[     0,     1,     1,     1] [     0,     0,     0]***[2]
 LINK_X_COEFF_IN_ANY_TO_FINAL   29041361776 :  [1,1,1,1]
    COEFF_IN_STAGE <217> ( L,S8b)[ 1, 1,    0, 1]: MSMC( 0),   320,   257,   256, 81920,[  0,  0],358d00 |||| COEFF_IN_FINAL <218> ( L,S8b)[ 1, 1,    0, 1]:  L2( 0),   320,   257,   256, 81920,[     0,     0], 1c000
     Src_Flow [     0,     1,     1,     1] [     0,     0,     0]***[   257,   256,     1,     1] [   320,   257, 81920]***[     0,     1,     1,     1] [     0,     0,     0]***[2]
     Snk_Flow [     0,     1,     1,     1] [     0,     0,     0]***[   257,   256,     1,     1] [   320,   257,     0]***[     0,     1,     1,     1] [     0,     0,     0]***[2]
 LINK_P                         29125247856 :  [2,1,1,1]
    FM_IN_PART     <215> ( L,U8b)[ 1, 1,    0, 1]:  L2( 0),   448,   448,   256,114688,[  0,  0],     0 |||| FM_FULL        <214> ( L,U8b)[ 1, 1,    0, 1]: MSMC( 0),   576,   463,   256,147478,[    22,     0], b126a
    COEFF_IN_FINAL  <218> ( L,S8b)[ 1, 1,    0, 1]:  L2( 0),   320,   257,   256, 81920,[  0,  0], 1c000
     Src_Flow [     0,     1,     1,     1] [     0,     0,     0]***[   420,   256,     1,     1] [   448,   420,     0]***[     0,     1,     1,     1] [     0,     0,     0]***[2]
    Src2_Flow [     0,     1,     1,     1] [     0,     0,     0]***[   257,   256,     1,     1] [   320, 81920,     0]***[     0,     1,     1,     1] [     0,     0,     0]***[2]
     Snk_Flow [     0,     1,     1,     1] [     0,     0,     0]***[   420,   256,     1,     1] [   576,   420,147456]***[     0,     1,     1,     1] [     0,     0,     0]***[2]
Padding Info [Row, Col]: Actual  IN -> OUT : [ 1,  1] -> [ 1,  1],  To fill zero OUT: [ 0,  0], Virtual Pad(T,L,B,R): [ 0,  0,  0,  0]

 ------------- 56( 0, 56, 0, 3, 0) [256 x 20 x  20] => [128 x 20 x  20] | TIDL_ConvolutionLayer
 LINK_X_FM_IN_FULL_TO_PART      29527901056 :  [1,1,1,1]
    FM_FULL        <214> ( L,U8b)[ 1, 1,    0, 1]: MSMC( 0),   576,   463,   256,147478,[ 22,  0], b126a |||| FM_IN_PART     <220> ( L,U8b)[ 1, 1,    0, 1]:  L2( 0),   448,   448,   256,114688,[     0,     0],     0
     Src_Flow [     0,     1,     1,     1] [     0,     0,     0]***[   420,   256,     1,     1] [   576,   420,147456]***[     0,     1,     1,     1] [     0,     0,     0]***[2]
     Snk_Flow [     0,     1,     1,     1] [     0,     0,     0]***[   420,   256,     1,     1] [   448,   420,     0]***[     0,     1,     1,     1] [     0,     0,     0]***[2]
 LINK_X_COEFF_IN_ANY_TO_FINAL   29578232704 :  [1,1,1,1]
    COEFF_IN_STAGE <222> ( L,S8b)[ 1, 1,    0, 1]: MSMC( 0),   320,   257,   128, 40960,[  0,  0],450d00 |||| COEFF_IN_FINAL <223> ( L,S8b)[ 1, 1,    0, 1]:  L2( 0),   320,   257,   128, 40960,[     0,     0], 1c000
     Src_Flow [     0,     1,     1,     1] [     0,     0,     0]***[   257,   128,     1,     1] [   320,   257, 40960]***[     0,     1,     1,     1] [     0,     0,     0]***[2]
     Snk_Flow [     0,     1,     1,     1] [     0,     0,     0]***[   257,   128,     1,     1] [   320,   257,     0]***[     0,     1,     1,     1] [     0,     0,     0]***[2]
 LINK_P                         29662118784 :  [2,1,1,1]
    FM_IN_PART     <220> ( L,U8b)[ 1, 1,    0, 1]:  L2( 0),   448,   448,   256,114688,[  0,  0],     0 |||| FM_FULL        <219> ( L,U8b)[ 1, 1,    0, 1]: MSMC( 0),   576,   463,   128, 73750,[    22,     0], 690ea
    COEFF_IN_FINAL  <223> ( L,S8b)[ 1, 1,    0, 1]:  L2( 0),   320,   257,   128, 40960,[  0,  0], 1c000
     Src_Flow [     0,     1,     1,     1] [     0,     0,     0]***[   420,   256,     1,     1] [   448,   420,     0]***[     0,     1,     1,     1] [     0,     0,     0]***[2]
    Src2_Flow [     0,     1,     1,     1] [     0,     0,     0]***[   257,   128,     1,     1] [   320, 40960,     0]***[     0,     1,     1,     1] [     0,     0,     0]***[2]
     Snk_Flow [     0,     1,     1,     1] [     0,     0,     0]***[   420,   128,     1,     1] [   576,   420, 73728]***[     0,     1,     1,     1] [     0,     0,     0]***[2]
Padding Info [Row, Col]: Actual  IN -> OUT : [ 1,  1] -> [ 1,  1],  To fill zero OUT: [ 1,  1], Virtual Pad(T,L,B,R): [ 0,  0,  0,  0]

 ------------- 57( 0, 57, 0, 2, 0) [128 x 20 x  20] => [128 x 40 x  40] | TIDL_ResizeLayer
 LINK_X_FM_IN_FULL_TO_PART      30064771984 :  [0,1,1,1]
    FM_FULL        <219> ( L,U8b)[ 1, 1,    0, 1]: MSMC( 0),   576,   463,   128, 73750,[  0,  0], 690ea |||| FM_IN_PART     <225> (PP,U8b)[ 1, 1,    0, 1]:  L2( 0),   588,   588,   128, 75264,[     0,     0],     0
     Src_Flow [     0,     1,     1,     1] [     0,     0,     0]***[   463,   128,     1,     1] [   576,   463, 73728]***[     0,     1,     1,     1] [     0,     0,     0]***[2]
     Snk_Flow [     0,     1,     1,     1] [     0,     0,     0]***[   463,   128,     1,     1] [   588, 37632,     0]***[     0,     1,     1,     1] [     0,     0,     0]***[2]
 LINK_P                         30198989712 :  [1,1,1,1]
    FM_IN_PART     <225> (PP,U8b)[ 1, 1,    0, 1]:  L2( 0),   588,   588,   128, 75264,[  0,  0],     0 |||| FM_FULL        <224> ( L,U8b)[ 1, 1,    0, 1]: MSMC( 0),  1728,  1723,   128,221226,[    42,     0], b11d6
     Src_Flow [     0,     1,     1,     1] [     0,     0,     0]***[   463,   128,     1,     1] [   588, 37632,     0]***[     0,     1,     1,     1] [     0,     0,     0]***[2]
     Snk_Flow [     0,     1,     1,     1] [     0,     0,     0]***[  1722,   128,     1,     1] [  1728,  1722,221184]***[     0,     1,     1,     1] [     0,     0,     0]***[2]
Padding Info [Row, Col]: Actual  IN -> OUT : [ 1,  1] -> [ 1,  1],  To fill zero OUT: [ 0,  0], Virtual Pad(T,L,B,R): [ 0,  0,  0,  0]

 ------------- 58( 0, 58, 0, 3, 0) [256 x 40 x  40] => [256 x 40 x  40] | TIDL_ConcatLayer
 LINK_X_FM_IN_FULL_TO_PART      30601642912 :  [0,1,1,1]
    FM_FULL        <224> ( L,U8b)[ 1, 1,    0, 1]: MSMC( 0),  1728,  1723,   128,221226,[ 42,  0], b11d6 |||| FM_IN_PART     <227> (PP,U8b)[ 1, 1,    0, 1]:  L2( 0),  1763,  1763,   256,451328,[     0,     0],     0
     Src_Flow [     0,     1,     1,     1] [     0,     0,     0]***[  1640,   128,     1,     1] [  1728,  1640,221184]***[     0,     1,     1,     1] [     0,     0,     0]***[2]
     Snk_Flow [     0,     1,     1,     1] [     0,     0,     0]***[  1640,   128,     1,     1] [  1763,225664,     0]***[     0,     1,     1,     1] [     0,     0,     0]***[2]
 LINK_X_FM_IN_FULL_TO_PART      20937966496 :  [1,1,1,1]
    FM_FULL        <158> ( L,U8b)[ 1, 1,    0, 1]: MSMC( 0),  1728,  1723,   128,221226,[ 42,  0], 7b156 |||| FM_IN_PART     <227> (PP,U8b)[ 1, 1,    0, 1]:  L2( 0),  1763,  1763,   256,451328,[225664,     0],     0
     Src_Flow [     0,     1,     1,     1] [     0,     0,     0]***[  1640,   128,     1,     1] [  1728,  1640,221184]***[     0,     1,     1,     1] [     0,     0,     0]***[2]
     Snk_Flow [     0,     1,     1,     1] [     0,     0,     0]***[  1640,   128,     1,     1] [  1763,-225664,     0]***[     0,     1,     1,     1] [     0,     0,     0]***[2]
 LINK_P                         30735860640 :  [1,1,1,1]
    FM_IN_PART     <227> (PP,U8b)[ 1, 1,    0, 1]:  L2( 0),  1763,  1763,   256,451328,[  0,  0],     0 |||| FM_FULL        <226> ( L,U8b)[ 1, 1,    0, 1]: MSMC( 0),  1728,  1723,   256,442410,[    42,     0], b11d6
     Src_Flow [     0,     1,     1,     1] [     0,     0,     0]***[  1640,   128,     1,     1] [  1763,225664,     0]***[     0,     1,     1,     1] [     0,     0,     0]***[2]
     Snk_Flow [     0,     1,     1,     1] [     0,     0,     0]***[  1640,   128,     1,     1] [  1728,  1640,221184]***[     0,     1,     1,     1] [     0,     0,     0]***[2]
 LINK_P                         21072184224 :  [2,1,1,1]
    FM_IN_PART     <227> (PP,U8b)[ 1, 1,    0, 1]:  L2( 0),  1763,  1763,   256,451328,[225664,  0],     0 |||| FM_FULL        <226> ( L,U8b)[ 1, 1,    0, 1]: MSMC( 0),  1728,  1723,   256,442410,[221226,     0], b11d6
     Src_Flow [     0,     1,     1,     1] [     0,     0,     0]***[  1640,   128,     1,     1] [  1763,-225664,     0]***[     0,     1,     1,     1] [     0,     0,     0]***[2]
     Snk_Flow [     0,     1,     1,     1] [     0,     0,     0]***[  1640,   128,     1,     1] [  1728,  1640,221184]***[     0,     1,     1,     1] [     0,     0,     0]***[2]
Padding Info [Row, Col]: Actual  IN -> OUT : [ 1,  1] -> [ 1,  1],  To fill zero OUT: [ 0,  0], Virtual Pad(T,L,B,R): [ 0,  0,  0,  0]

 ------------- 59( 0, 59, 0, 5, 0) [256 x 40 x  40] => [64 x 40 x  40] | TIDL_ConvolutionLayer
 LINK_X_FM_IN_FULL_TO_PART      31138513840 :  [1,3,1,1]
    FM_FULL        <226> ( L,U8b)[ 3, 1,    0, 1]: MSMC( 0),  1728,  1723,   256,442410,[ 42,  0], b11d6 |||| FM_IN_PART     <229> ( L,U8b)[ 3, 1,    0, 1]:  L2( 0),  1600,  1600,   256,410368,[     0,     0],     0
     Src_Flow [     0,     1,     1,     1] [     0,     0,     0]***[   768,   256,     2,     1] [  1728,   768,442368]***[   104,   256,     1,     1] [  1728,   768,     0]***[2]
     Snk_Flow [     0,     1,     1,     1] [     0,     0,     0]***[   768,   256,     2,     1] [  1600,   768,     0]***[   104,   256,     1,     1] [  1600,   768,     0]***[2]
 LINK_X_COEFF_IN_ANY_TO_FINAL   31188845488 :  [1,1,1,1]
    COEFF_IN_STAGE <231> ( L,S8b)[ 1, 1,    0, 1]: MSMC( 0),   320,   257,    64, 20480,[  0,  0],4aad00 |||| COEFF_IN_FINAL <232> ( L,S8b)[ 1, 1,    0, 1]:  L2( 0),   320,   257,    64, 20480,[     0,     0], 64300
     Src_Flow [     0,     1,     1,     1] [     0,     0,     0]***[   257,    64,     1,     1] [   320,   257, 20480]***[     0,     1,     1,     1] [     0,     0,     0]***[2]
     Snk_Flow [     0,     1,     1,     1] [     0,     0,     0]***[   257,    64,     1,     1] [   320,   257,     0]***[     0,     1,     1,     1] [     0,     0,     0]***[2]
 LINK_P                         31272731568 :  [2,3,1,1]
    FM_IN_PART     <229> ( L,U8b)[ 3, 1,    0, 1]:  L2( 0),  1600,  1600,   256,410368,[  0,  0],     0 |||| FM_FULL        <228> ( L,U8b)[ 3, 1,    0, 1]: MSMC( 0),  1728,  1723,    64,110634,[    42,     0], 7b156
    COEFF_IN_FINAL  <232> ( L,S8b)[ 1, 1,    0, 1]:  L2( 0),   320,   257,    64, 20480,[  0,  0], 64300
     Src_Flow [     0,     1,     1,     1] [     0,     0,     0]***[   768,   256,     2,     1] [  1600,   768,     0]***[   104,   256,     1,     1] [  1600,   768,     0]***[2]
    Src2_Flow [     0,     1,     1,     1] [     0,     0,     0]***[   257,    64,     1,     1] [   320, 20480,     0]***[     0,     1,     1,     1] [     0,     0,     0]***[2]
     Snk_Flow [     0,     1,     1,     1] [     0,     0,     0]***[   768,    64,     2,     1] [  1728,   768,110592]***[   104,    64,     1,     1] [  1728,   768,     0]***[2]
Padding Info [Row, Col]: Actual  IN -> OUT : [ 1,  1] -> [ 1,  1],  To fill zero OUT: [ 0,  0], Virtual Pad(T,L,B,R): [ 0,  0,  0,  0]

 ------------- 60( 0, 61, 0, 3, 0) [64 x 40 x  40] => [64 x 40 x  40] | TIDL_ConvolutionLayer
 LINK_X_FM_IN_FULL_TO_PART      31675384784 :  [1,1,1,1]
    FM_FULL        <228> ( L,U8b)[ 1, 1,    0, 1]: MSMC( 0),  1728,  1723,    64,110634,[ 42,  0], 7b156 |||| FM_IN_PART     <234> ( L,U8b)[ 1, 1,    0, 1]:  L2( 0),  1728,  1728,    64,110592,[     0,     0],     0
     Src_Flow [     0,     1,     1,     1] [     0,     0,     0]***[  1640,    64,     1,     1] [  1728,  1640,110592]***[     0,     1,     1,     1] [     0,     0,     0]***[2]
     Snk_Flow [     0,     1,     1,     1] [     0,     0,     0]***[  1640,    64,     1,     1] [  1728,  1640,     0]***[     0,     1,     1,     1] [     0,     0,     0]***[2]
 LINK_X_COEFF_IN_ANY_TO_FINAL   31725716432 :  [1,1,1,1]
    COEFF_IN_STAGE <236> ( L,S8b)[ 1, 1,    0, 1]: MSMC( 0),   192,    65,    64, 12288,[  0,  0],4c9100 |||| COEFF_IN_FINAL <237> ( L,S8b)[ 1, 1,    0, 1]:  L2( 0),   192,    65,    64, 12288,[     0,     0], 1b000
     Src_Flow [     0,     1,     1,     1] [     0,     0,     0]***[    65,    64,     1,     1] [   192,    65, 12288]***[     0,     1,     1,     1] [     0,     0,     0]***[2]
     Snk_Flow [     0,     1,     1,     1] [     0,     0,     0]***[    65,    64,     1,     1] [   192,    65,     0]***[     0,     1,     1,     1] [     0,     0,     0]***[2]
 LINK_P                         31809602512 :  [2,1,1,1]
    FM_IN_PART     <234> ( L,U8b)[ 1, 1,    0, 1]:  L2( 0),  1728,  1728,    64,110592,[  0,  0],     0 |||| FM_FULL        <233> ( L,U8b)[ 1, 1,    0, 1]: MSMC( 0),  1728,  1723,    64,110634,[    42,     0], 7b156
    COEFF_IN_FINAL  <237> ( L,S8b)[ 1, 1,    0, 1]:  L2( 0),   192,    65,    64, 12288,[  0,  0], 1b000
     Src_Flow [     0,     1,     1,     1] [     0,     0,     0]***[  1640,    64,     1,     1] [  1728,  1640,     0]***[     0,     1,     1,     1] [     0,     0,     0]***[2]
    Src2_Flow [     0,     1,     1,     1] [     0,     0,     0]***[    65,    64,     1,     1] [   192, 12288,     0]***[     0,     1,     1,     1] [     0,     0,     0]***[2]
     Snk_Flow [     0,     1,     1,     1] [     0,     0,     0]***[  1640,    64,     1,     1] [  1728,  1640,110592]***[     0,     1,     1,     1] [     0,     0,     0]***[2]
Padding Info [Row, Col]: Actual  IN -> OUT : [ 1,  1] -> [ 1,  1],  To fill zero OUT: [ 1,  1], Virtual Pad(T,L,B,R): [ 0,  0,  0,  0]

 ------------- 61( 0, 62, 0, 3, 0) [64 x 40 x  40] => [64 x 40 x  40] | TIDL_ConvolutionLayer
 LINK_X_FM_IN_FULL_TO_PART      32749126624 :  [1,1,1,1]
    FM_FULL        <233> ( L,U8b)[ 1, 1,    0, 1]: MSMC( 0),  1728,  1723,    64,110634,[  0,  0], 7b156 |||| FM_IN_PART     <239> ( L,U8b)[ 1, 1,    0, 1]:  L2( 0),  1728,  1728,    64,110592,[     0,     0],     0
     Src_Flow [     0,     1,     1,     1] [     0,     0,     0]***[  1723,    64,     1,     1] [  1728,  1723,110592]***[     0,     1,     1,     1] [     0,     0,     0]***[2]
     Snk_Flow [     0,     1,     1,     1] [     0,     0,     0]***[  1723,    64,     1,     1] [  1728,  1723,     0]***[     0,     1,     1,     1] [     0,     0,     0]***[2]
 LINK_X_COEFF_IN_ANY_TO_FINAL   32799458272 :  [1,1,1,1]
    COEFF_IN_STAGE <241> ( L,S8b)[ 1, 1,    0, 1]: MSMC( 0),   704,   577,    64, 45056,[  0,  0],380d00 |||| COEFF_IN_FINAL <242> ( L,S8b)[ 1, 1,    0, 1]:  L2( 0),   704,   577,    64, 45056,[     0,     0], 1b000
     Src_Flow [     0,     1,     1,     1] [     0,     0,     0]***[   577,    64,     1,     1] [   704,   577, 45056]***[     0,     1,     1,     1] [     0,     0,     0]***[2]
     Snk_Flow [     0,     1,     1,     1] [     0,     0,     0]***[   577,    64,     1,     1] [   704,   577,     0]***[     0,     1,     1,     1] [     0,     0,     0]***[2]
 LINK_P                         32883344352 :  [2,1,1,1]
    FM_IN_PART     <239> ( L,U8b)[ 1, 1,    0, 1]:  L2( 0),  1728,  1728,    64,110592,[  0,  0],     0 |||| FM_FULL        <238> ( L,U8b)[ 1, 1,    0, 1]: MSMC( 0),  1728,  1723,    64,110634,[    42,     0], 7b156
    COEFF_IN_FINAL  <242> ( L,S8b)[ 1, 1,    0, 1]:  L2( 0),   704,   577,    64, 45056,[  0,  0], 1b000
     Src_Flow [     0,     1,     1,     1] [     0,     0,     0]***[  1723,    64,     1,     1] [  1728,  1723,     0]***[     0,     1,     1,     1] [     1,     1,     1]***[2]
    Src2_Flow [     0,     1,     1,     1] [     0,     0,     0]***[   577,    64,     1,     1] [   704, 45056,     0]***[     0,     1,     1,     1] [     0,     0,     0]***[2]
     Snk_Flow [     0,     1,     1,     1] [     0,     0,     0]***[  1639,    64,     1,     1] [  1728,  1639,110592]***[     0,     1,     1,     1] [     0,     0,     0]***[2]
Padding Info [Row, Col]: Actual  IN -> OUT : [ 1,  1] -> [ 1,  1],  To fill zero OUT: [ 0,  0], Virtual Pad(T,L,B,R): [ 0,  0,  0,  0]

 ------------- 62( 0, 60, 0, 5, 0) [256 x 40 x  40] => [64 x 40 x  40] | TIDL_ConvolutionLayer
 LINK_X_FM_IN_FULL_TO_PART      31138513856 :  [1,3,1,1]
    FM_FULL        <226> ( L,U8b)[ 3, 1,    0, 1]: MSMC( 0),  1728,  1723,   256,442410,[ 42,  0], b11d6 |||| FM_IN_PART     <244> ( L,U8b)[ 3, 1,    0, 1]:  L2( 0),  1600,  1600,   256,410368,[     0,     0],     0
     Src_Flow [     0,     1,     1,     1] [     0,     0,     0]***[   768,   256,     2,     1] [  1728,   768,442368]***[   104,   256,     1,     1] [  1728,   768,     0]***[2]
     Snk_Flow [     0,     1,     1,     1] [     0,     0,     0]***[   768,   256,     2,     1] [  1600,   768,     0]***[   104,   256,     1,     1] [  1600,   768,     0]***[2]
 LINK_X_COEFF_IN_ANY_TO_FINAL   31188845504 :  [1,1,1,1]
    COEFF_IN_STAGE <246> ( L,S8b)[ 1, 1,    0, 1]: MSMC( 0),   320,   257,    64, 20480,[  0,  0],4a5d00 |||| COEFF_IN_FINAL <247> ( L,S8b)[ 1, 1,    0, 1]:  L2( 0),   320,   257,    64, 20480,[     0,     0], 64300
     Src_Flow [     0,     1,     1,     1] [     0,     0,     0]***[   257,    64,     1,     1] [   320,   257, 20480]***[     0,     1,     1,     1] [     0,     0,     0]***[2]
     Snk_Flow [     0,     1,     1,     1] [     0,     0,     0]***[   257,    64,     1,     1] [   320,   257,     0]***[     0,     1,     1,     1] [     0,     0,     0]***[2]
 LINK_P                         31272731584 :  [2,3,1,1]
    FM_IN_PART     <244> ( L,U8b)[ 3, 1,    0, 1]:  L2( 0),  1600,  1600,   256,410368,[  0,  0],     0 |||| FM_FULL        <243> ( L,U8b)[ 3, 1,    0, 1]: MSMC( 0),  1728,  1723,    64,110634,[    42,     0], 961d6
    COEFF_IN_FINAL  <247> ( L,S8b)[ 1, 1,    0, 1]:  L2( 0),   320,   257,    64, 20480,[  0,  0], 64300
     Src_Flow [     0,     1,     1,     1] [     0,     0,     0]***[   768,   256,     2,     1] [  1600,   768,     0]***[   104,   256,     1,     1] [  1600,   768,     0]***[2]
    Src2_Flow [     0,     1,     1,     1] [     0,     0,     0]***[   257,    64,     1,     1] [   320, 20480,     0]***[     0,     1,     1,     1] [     0,     0,     0]***[2]
     Snk_Flow [     0,     1,     1,     1] [     0,     0,     0]***[   768,    64,     2,     1] [  1728,   768,110592]***[   104,    64,     1,     1] [  1728,   768,     0]***[2]
Padding Info [Row, Col]: Actual  IN -> OUT : [ 1,  1] -> [ 1,  1],  To fill zero OUT: [ 0,  0], Virtual Pad(T,L,B,R): [ 0,  0,  0,  0]

 ------------- 63( 0, 63, 0, 3, 0) [128 x 40 x  40] => [128 x 40 x  40] | TIDL_ConcatLayer
 LINK_X_FM_IN_FULL_TO_PART      33285997552 :  [0,1,1,1]
    FM_FULL        <238> ( L,U8b)[ 1, 1,    0, 1]: MSMC( 0),  1728,  1723,    64,110634,[ 42,  0], 7b156 |||| FM_IN_PART     <249> (PP,U8b)[ 1, 1,    0, 1]:  L2( 0),  1763,  1763,   128,225664,[     0,     0],     0
     Src_Flow [     0,     1,     1,     1] [     0,     0,     0]***[  1640,    64,     1,     1] [  1728,  1640,110592]***[     0,     1,     1,     1] [     0,     0,     0]***[2]
     Snk_Flow [     0,     1,     1,     1] [     0,     0,     0]***[  1640,    64,     1,     1] [  1763,112832,     0]***[     0,     1,     1,     1] [     0,     0,     0]***[2]
 LINK_X_FM_IN_FULL_TO_PART      32212255728 :  [1,1,1,1]
    FM_FULL        <243> ( L,U8b)[ 1, 1,    0, 1]: MSMC( 0),  1728,  1723,    64,110634,[ 42,  0], 961d6 |||| FM_IN_PART     <249> (PP,U8b)[ 1, 1,    0, 1]:  L2( 0),  1763,  1763,   128,225664,[112832,     0],     0
     Src_Flow [     0,     1,     1,     1] [     0,     0,     0]***[  1640,    64,     1,     1] [  1728,  1640,110592]***[     0,     1,     1,     1] [     0,     0,     0]***[2]
     Snk_Flow [     0,     1,     1,     1] [     0,     0,     0]***[  1640,    64,     1,     1] [  1763,-112832,     0]***[     0,     1,     1,     1] [     0,     0,     0]***[2]
 LINK_P                         33420215280 :  [1,1,1,1]
    FM_IN_PART     <249> (PP,U8b)[ 1, 1,    0, 1]:  L2( 0),  1763,  1763,   128,225664,[  0,  0],     0 |||| FM_FULL        <248> ( L,U8b)[ 1, 1,    0, 1]: MSMC( 0),  1728,  1723,   128,221226,[    42,     0], b1256
     Src_Flow [     0,     1,     1,     1] [     0,     0,     0]***[  1640,    64,     1,     1] [  1763,112832,     0]***[     0,     1,     1,     1] [     0,     0,     0]***[2]
     Snk_Flow [     0,     1,     1,     1] [     0,     0,     0]***[  1640,    64,     1,     1] [  1728,  1640,110592]***[     0,     1,     1,     1] [     0,     0,     0]***[2]
 LINK_P                         32346473456 :  [2,1,1,1]
    FM_IN_PART     <249> (PP,U8b)[ 1, 1,    0, 1]:  L2( 0),  1763,  1763,   128,225664,[112832,  0],     0 |||| FM_FULL        <248> ( L,U8b)[ 1, 1,    0, 1]: MSMC( 0),  1728,  1723,   128,221226,[110634,     0], b1256
     Src_Flow [     0,     1,     1,     1] [     0,     0,     0]***[  1640,    64,     1,     1] [  1763,-112832,     0]***[     0,     1,     1,     1] [     0,     0,     0]***[2]
     Snk_Flow [     0,     1,     1,     1] [     0,     0,     0]***[  1640,    64,     1,     1] [  1728,  1640,110592]***[     0,     1,     1,     1] [     0,     0,     0]***[2]
Padding Info [Row, Col]: Actual  IN -> OUT : [ 1,  1] -> [ 1,  1],  To fill zero OUT: [ 0,  0], Virtual Pad(T,L,B,R): [ 0,  0,  0,  0]

 ------------- 64( 0, 64, 0, 3, 0) [128 x 40 x  40] => [128 x 40 x  40] | TIDL_ConvolutionLayer
 LINK_X_FM_IN_FULL_TO_PART      33822868480 :  [1,1,1,1]
    FM_FULL        <248> ( L,U8b)[ 1, 1,    0, 1]: MSMC( 0),  1728,  1723,   128,221226,[ 42,  0], b1256 |||| FM_IN_PART     <251> ( L,U8b)[ 1, 1,    0, 1]:  L2( 0),  1728,  1728,   128,221184,[     0,     0],     0
     Src_Flow [     0,     1,     1,     1] [     0,     0,     0]***[  1640,   128,     1,     1] [  1728,  1640,221184]***[     0,     1,     1,     1] [     0,     0,     0]***[2]
     Snk_Flow [     0,     1,     1,     1] [     0,     0,     0]***[  1640,   128,     1,     1] [  1728,  1640,     0]***[     0,     1,     1,     1] [     0,     0,     0]***[2]
 LINK_X_COEFF_IN_ANY_TO_FINAL   33873200128 :  [1,1,1,1]
    COEFF_IN_STAGE <253> ( L,S8b)[ 1, 1,    0, 1]: MSMC( 0),   192,   129,   128, 24576,[  0,  0],48ed00 |||| COEFF_IN_FINAL <254> ( L,S8b)[ 1, 1,    0, 1]:  L2( 0),   192,   129,   128, 24576,[     0,     0], 36000
     Src_Flow [     0,     1,     1,     1] [     0,     0,     0]***[   129,   128,     1,     1] [   192,   129, 24576]***[     0,     1,     1,     1] [     0,     0,     0]***[2]
     Snk_Flow [     0,     1,     1,     1] [     0,     0,     0]***[   129,   128,     1,     1] [   192,   129,     0]***[     0,     1,     1,     1] [     0,     0,     0]***[2]
 LINK_P                         33957086208 :  [2,1,1,1]
    FM_IN_PART     <251> ( L,U8b)[ 1, 1,    0, 1]:  L2( 0),  1728,  1728,   128,221184,[  0,  0],     0 |||| FM_FULL        <250> ( L,U8b)[ 1, 1,    0, 1]: MSMC( 0),  1728,  1723,   128,221226,[    42,     0], 7b156
    COEFF_IN_FINAL  <254> ( L,S8b)[ 1, 1,    0, 1]:  L2( 0),   192,   129,   128, 24576,[  0,  0], 36000
     Src_Flow [     0,     1,     1,     1] [     0,     0,     0]***[  1640,   128,     1,     1] [  1728,  1640,     0]***[     0,     1,     1,     1] [     0,     0,     0]***[2]
    Src2_Flow [     0,     1,     1,     1] [     0,     0,     0]***[   129,   128,     1,     1] [   192, 24576,     0]***[     0,     1,     1,     1] [     0,     0,     0]***[2]
     Snk_Flow [     0,     1,     1,     1] [     0,     0,     0]***[  1640,   128,     1,     1] [  1728,  1640,221184]***[     0,     1,     1,     1] [     0,     0,     0]***[2]
Padding Info [Row, Col]: Actual  IN -> OUT : [ 1,  1] -> [ 1,  1],  To fill zero OUT: [ 0,  0], Virtual Pad(T,L,B,R): [ 0,  0,  0,  0]

 ------------- 65( 0, 65, 0, 3, 0) [128 x 40 x  40] => [64 x 40 x  40] | TIDL_ConvolutionLayer
 LINK_X_FM_IN_FULL_TO_PART      34359739408 :  [1,1,1,1]
    FM_FULL        <250> ( L,U8b)[ 1, 1,    0, 1]: MSMC( 0),  1728,  1723,   128,221226,[ 42,  0], 7b156 |||| FM_IN_PART     <256> ( L,U8b)[ 1, 1,    0, 1]:  L2( 0),  1728,  1728,   128,221184,[     0,     0],     0
     Src_Flow [     0,     1,     1,     1] [     0,     0,     0]***[  1640,   128,     1,     1] [  1728,  1640,221184]***[     0,     1,     1,     1] [     0,     0,     0]***[2]
     Snk_Flow [     0,     1,     1,     1] [     0,     0,     0]***[  1640,   128,     1,     1] [  1728,  1640,     0]***[     0,     1,     1,     1] [     0,     0,     0]***[2]
 LINK_X_COEFF_IN_ANY_TO_FINAL   34410071056 :  [1,1,1,1]
    COEFF_IN_STAGE <258> ( L,S8b)[ 1, 1,    0, 1]: MSMC( 0),   192,   129,    64, 12288,[  0,  0],4d5100 |||| COEFF_IN_FINAL <259> ( L,S8b)[ 1, 1,    0, 1]:  L2( 0),   192,   129,    64, 12288,[     0,     0], 36000
     Src_Flow [     0,     1,     1,     1] [     0,     0,     0]***[   129,    64,     1,     1] [   192,   129, 12288]***[     0,     1,     1,     1] [     0,     0,     0]***[2]
     Snk_Flow [     0,     1,     1,     1] [     0,     0,     0]***[   129,    64,     1,     1] [   192,   129,     0]***[     0,     1,     1,     1] [     0,     0,     0]***[2]
 LINK_P                         34493957136 :  [2,1,1,1]
    FM_IN_PART     <256> ( L,U8b)[ 1, 1,    0, 1]:  L2( 0),  1728,  1728,   128,221184,[  0,  0],     0 |||| FM_FULL        <255> ( L,U8b)[ 1, 1,    0, 1]: MSMC( 0),  1728,  1723,    64,110634,[    42,     0], 7b156
    COEFF_IN_FINAL  <259> ( L,S8b)[ 1, 1,    0, 1]:  L2( 0),   192,   129,    64, 12288,[  0,  0], 36000
     Src_Flow [     0,     1,     1,     1] [     0,     0,     0]***[  1640,   128,     1,     1] [  1728,  1640,     0]***[     0,     1,     1,     1] [     0,     0,     0]***[2]
    Src2_Flow [     0,     1,     1,     1] [     0,     0,     0]***[   129,    64,     1,     1] [   192, 12288,     0]***[     0,     1,     1,     1] [     0,     0,     0]***[2]
     Snk_Flow [     0,     1,     1,     1] [     0,     0,     0]***[  1640,    64,     1,     1] [  1728,  1640,110592]***[     0,     1,     1,     1] [     0,     0,     0]***[2]
Padding Info [Row, Col]: Actual  IN -> OUT : [ 1,  1] -> [ 1,  1],  To fill zero OUT: [ 1,  1], Virtual Pad(T,L,B,R): [ 0,  0,  0,  0]

 ------------- 66( 0, 66, 0, 2, 0) [64 x 40 x  40] => [64 x 80 x  80] | TIDL_ResizeLayer
 LINK_X_FM_IN_FULL_TO_PART      34896610336 :  [0,1,1,1]
    FM_FULL        <255> ( L,U8b)[ 1, 1,    0, 1]: MSMC( 0),  1728,  1723,    64,110634,[  0,  0], 7b156 |||| FM_IN_PART     <261> (PP,U8b)[ 1, 1,    0, 1]:  L2( 0),  1763,  1763,    64,112896,[     0,     0],     0
     Src_Flow [     0,     1,     1,     1] [     0,     0,     0]***[  1723,    64,     1,     1] [  1728,  1723,110592]***[     0,     1,     1,     1] [     0,     0,     0]***[2]
     Snk_Flow [     0,     1,     1,     1] [     0,     0,     0]***[  1723,    64,     1,     1] [  1763, 56416,     0]***[     0,     1,     1,     1] [     0,     0,     0]***[2]
 LINK_P                         35030828064 :  [1,1,1,1]
    FM_IN_PART     <261> (PP,U8b)[ 1, 1,    0, 1]:  L2( 0),  1763,  1763,    64,112896,[  0,  0],     0 |||| FM_FULL        <260> ( L,U8b)[ 1, 1,    0, 1]: MSMC( 0),  6720,  6643,    64,430162,[    82,     0], 961ae
     Src_Flow [     0,     1,     1,     1] [     0,     0,     0]***[  1723,    64,     1,     1] [  1763, 56416,     0]***[     0,     1,     1,     1] [     0,     0,     0]***[2]
     Snk_Flow [     0,     1,     1,     1] [     0,     0,     0]***[  6642,    64,     1,     1] [  6720,  6642,430080]***[     0,     1,     1,     1] [     0,     0,     0]***[2]
Padding Info [Row, Col]: Actual  IN -> OUT : [ 1,  1] -> [ 1,  1],  To fill zero OUT: [ 0,  0], Virtual Pad(T,L,B,R): [ 0,  0,  0,  0]

 ------------- 67( 0, 67, 0, 5, 0) [128 x 80 x  80] => [128 x 80 x  80] | TIDL_ConcatLayer
 LINK_X_FM_IN_FULL_TO_PART      35433481264 :  [0,2,1,1]
    FM_FULL        <260> ( L,U8b)[ 2, 1,    0, 1]: MSMC( 0),  6720,  6643,    64,430162,[ 82,  0], 961ae |||| FM_IN_PART     <263> (PP,U8b)[ 2, 1,    0, 1]:  L2( 0),  6723,  6723,    64,430336,[     0,     0],     0
     Src_Flow [     0,     1,     1,     1] [     0,     0,     0]***[  6480,    32,     2,     1] [  6720,215040,215040]***[     0,     1,     1,     1] [     0,     0,     0]***[2]
     Snk_Flow [     0,     1,     1,     1] [     0,     0,     0]***[  6480,    32,     2,     1] [  6723,215136,     0]***[     0,     1,     1,     1] [     0,     0,     0]***[2]
 LINK_X_FM_IN_FULL_TO_PART      13421773872 :  [2,2,1,1]
    FM_FULL        <100> ( L,U8b)[ 2, 1,    0, 1]: MSMC( 0),  6720,  6643,    64,430162,[ 82,  0],    2e |||| FM_IN_PART     <263> (PP,U8b)[ 2, 1,    0, 1]:  L2( 0),  6723,  6723,    64,430336,[     0,     0],     0
     Src_Flow [     0,     1,     1,     1] [     0,     0,     0]***[  6480,    32,     2,     1] [  6720,215040,215040]***[     0,     1,     1,     1] [     0,     0,     0]***[2]
     Snk_Flow [     0,     1,     1,     1] [     0,     0,     0]***[  6480,    32,     2,     1] [  6723,215136,     0]***[     0,     1,     1,     1] [     0,     0,     0]***[2]
 LINK_P                         35567698992 :  [1,2,1,1]
    FM_IN_PART     <263> (PP,U8b)[ 2, 1,    0, 1]:  L2( 0),  6723,  6723,    64,430336,[  0,  0],     0 |||| FM_FULL        <262> ( L,U8b)[ 2, 1,    0, 1]: MSMC( 0),  6720,  6643,   128,860242,[    82,     0], 961ae
     Src_Flow [     0,     1,     1,     1] [     0,     0,     0]***[  6480,    32,     2,     1] [  6723,215136,     0]***[     0,     1,     1,     1] [     0,     0,     0]***[2]
     Snk_Flow [     0,     1,     1,     1] [     0,     0,     0]***[  6480,    32,     2,     1] [  6720,215040,215040]***[     0,     1,     1,     1] [     0,     0,     0]***[2]
 LINK_P                         13555991600 :  [3,2,1,1]
    FM_IN_PART     <263> (PP,U8b)[ 2, 1,    0, 1]:  L2( 0),  6723,  6723,    64,430336,[  0,  0],     0 |||| FM_FULL        <262> ( L,U8b)[ 2, 1,    0, 1]: MSMC( 0),  6720,  6643,   128,860242,[430162,     0], 961ae
     Src_Flow [     0,     1,     1,     1] [     0,     0,     0]***[  6480,    32,     2,     1] [  6723,215136,     0]***[     0,     1,     1,     1] [     0,     0,     0]***[2]
     Snk_Flow [     0,     1,     1,     1] [     0,     0,     0]***[  6480,    32,     2,     1] [  6720,215040,215040]***[     0,     1,     1,     1] [     0,     0,     0]***[2]
Padding Info [Row, Col]: Actual  IN -> OUT : [ 1,  1] -> [ 1,  1],  To fill zero OUT: [ 0,  0], Virtual Pad(T,L,B,R): [ 0,  0,  0,  0]

 ------------- 68( 0, 68, 0, 6, 0) [128 x 80 x  80] => [32 x 80 x  80] | TIDL_ConvolutionLayer
 LINK_X_FM_IN_FULL_TO_PART      35970352192 :  [1,4,1,1]
    FM_FULL        <262> ( L,U8b)[ 4, 1,    0, 1]: MSMC( 0),  6720,  6643,   128,860242,[ 82,  0], 961ae |||| FM_IN_PART     <265> ( L,U8b)[ 4, 1,    0, 1]:  L2( 0),  3392,  3392,   128,437504,[     0,     0],     0
     Src_Flow [     0,     1,     1,     1] [     0,     0,     0]***[  1664,   128,     3,     1] [  6720,  1664,860160]***[  1488,   128,     1,     1] [  6720,  1664,     0]***[2]
     Snk_Flow [     0,     1,     1,     1] [     0,     0,     0]***[  1664,   128,     3,     1] [  3392,  1664,     0]***[  1488,   128,     1,     1] [  3392,  1664,     0]***[2]
 LINK_X_COEFF_IN_ANY_TO_FINAL   36020683840 :  [1,1,1,1]
    COEFF_IN_STAGE <267> ( L,S8b)[ 1, 1,    0, 1]: MSMC( 0),   192,   129,    32,  6144,[  0,  0],4f5900 |||| COEFF_IN_FINAL <268> ( L,S8b)[ 1, 1,    0, 1]:  L2( 0),   192,   129,    32,  6144,[     0,     0], 6ad00
     Src_Flow [     0,     1,     1,     1] [     0,     0,     0]***[   129,    32,     1,     1] [   192,   129,  6144]***[     0,     1,     1,     1] [     0,     0,     0]***[2]
     Snk_Flow [     0,     1,     1,     1] [     0,     0,     0]***[   129,    32,     1,     1] [   192,   129,     0]***[     0,     1,     1,     1] [     0,     0,     0]***[2]
 LINK_P                         36104569920 :  [2,4,1,1]
    FM_IN_PART     <265> ( L,U8b)[ 4, 1,    0, 1]:  L2( 0),  3392,  3392,   128,437504,[  0,  0],     0 |||| FM_FULL        <264> ( L,U8b)[ 4, 1,    0, 1]: MSMC( 0),  6720,  6643,    32,215122,[    82,     0],    2e
    COEFF_IN_FINAL  <268> ( L,S8b)[ 1, 1,    0, 1]:  L2( 0),   192,   129,    32,  6144,[  0,  0], 6ad00
     Src_Flow [     0,     1,     1,     1] [     0,     0,     0]***[  1664,   128,     3,     1] [  3392,  1664,     0]***[  1488,   128,     1,     1] [  3392,  1664,     0]***[2]
    Src2_Flow [     0,     1,     1,     1] [     0,     0,     0]***[   129,    32,     1,     1] [   192,  6144,     0]***[     0,     1,     1,     1] [     0,     0,     0]***[2]
     Snk_Flow [     0,     1,     1,     1] [     0,     0,     0]***[  1664,    32,     3,     1] [  6720,  1664,215040]***[  1488,    32,     1,     1] [  6720,  1664,     0]***[2]
Padding Info [Row, Col]: Actual  IN -> OUT : [ 1,  1] -> [ 1,  1],  To fill zero OUT: [ 0,  0], Virtual Pad(T,L,B,R): [ 0,  0,  0,  0]

 ------------- 69( 0, 70, 0, 3, 0) [32 x 80 x  80] => [32 x 80 x  80] | TIDL_ConvolutionLayer
 LINK_X_FM_IN_FULL_TO_PART      36507223136 :  [1,1,1,1]
    FM_FULL        <264> ( L,U8b)[ 1, 1,    0, 1]: MSMC( 0),  6720,  6643,    32,215122,[ 82,  0],    2e |||| FM_IN_PART     <270> ( L,U8b)[ 1, 1,    0, 1]:  L2( 0),  6592,  6592,    32,210944,[     0,     0],     0
     Src_Flow [     0,     1,     1,     1] [     0,     0,     0]***[  6480,    32,     1,     1] [  6720,  6480,215040]***[     0,     1,     1,     1] [     0,     0,     0]***[2]
     Snk_Flow [     0,     1,     1,     1] [     0,     0,     0]***[  6480,    32,     1,     1] [  6592,  6480,     0]***[     0,     1,     1,     1] [     0,     0,     0]***[2]
 LINK_X_COEFF_IN_ANY_TO_FINAL   36557554784 :  [1,1,1,1]
    COEFF_IN_STAGE <272> ( L,S8b)[ 1, 1,    0, 1]: MSMC( 0),    33,    33,    32,  1152,[  0,  0],4fd580 |||| COEFF_IN_FINAL <273> ( L,S8b)[ 1, 1,    0, 1]:  L2( 0),    33,    33,    32,  1152,[     0,     0], 33800
     Src_Flow [     0,     1,     1,     1] [     0,     0,     0]***[    33,    32,     1,     1] [    33,    33,  1056]***[     0,     1,     1,     1] [     0,     0,     0]***[2]
     Snk_Flow [     0,     1,     1,     1] [     0,     0,     0]***[    33,    32,     1,     1] [    33,    33,     0]***[     0,     1,     1,     1] [     0,     0,     0]***[2]
 LINK_P                         36641440864 :  [2,1,1,1]
    FM_IN_PART     <270> ( L,U8b)[ 1, 1,    0, 1]:  L2( 0),  6592,  6592,    32,210944,[  0,  0],     0 |||| FM_FULL        <269> ( L,U8b)[ 1, 1,    0, 1]: MSMC( 0),  6720,  6643,    32,215122,[    82,     0],    2e
    COEFF_IN_FINAL  <273> ( L,S8b)[ 1, 1,    0, 1]:  L2( 0),    33,    33,    32,  1152,[  0,  0], 33800
     Src_Flow [     0,     1,     1,     1] [     0,     0,     0]***[  6480,    32,     1,     1] [  6592,  6480,     0]***[     0,     1,     1,     1] [     0,     0,     0]***[2]
    Src2_Flow [     0,     1,     1,     1] [     0,     0,     0]***[    33,    32,     1,     1] [    33,  1056,     0]***[     0,     1,     1,     1] [     0,     0,     0]***[2]
     Snk_Flow [     0,     1,     1,     1] [     0,     0,     0]***[  6480,    32,     1,     1] [  6720,  6480,215040]***[     0,     1,     1,     1] [     0,     0,     0]***[2]
Padding Info [Row, Col]: Actual  IN -> OUT : [ 1,  1] -> [ 1,  1],  To fill zero OUT: [ 1,  1], Virtual Pad(T,L,B,R): [ 0,  0,  0,  0]

 ------------- 70( 0, 71, 0, 3, 0) [32 x 80 x  80] => [32 x 80 x  80] | TIDL_ConvolutionLayer
 LINK_X_FM_IN_FULL_TO_PART      37580964976 :  [1,1,1,1]
    FM_FULL        <269> ( L,U8b)[ 1, 1,    0, 1]: MSMC( 0),  6720,  6643,    32,215122,[  0,  0],    2e |||| FM_IN_PART     <275> ( L,U8b)[ 1, 1,    0, 1]:  L2( 0),  6720,  6720,    32,215040,[     0,     0],     0
     Src_Flow [     0,     1,     1,     1] [     0,     0,     0]***[  6643,    32,     1,     1] [  6720,  6643,215040]***[     0,     1,     1,     1] [     0,     0,     0]***[2]
     Snk_Flow [     0,     1,     1,     1] [     0,     0,     0]***[  6643,    32,     1,     1] [  6720,  6643,     0]***[     0,     1,     1,     1] [     0,     0,     0]***[2]
 LINK_X_COEFF_IN_ANY_TO_FINAL   37631296624 :  [1,1,1,1]
    COEFF_IN_STAGE <277> ( L,S8b)[ 1, 1,    0, 1]: MSMC( 0),   320,   289,    32, 10240,[  0,  0],4ea100 |||| COEFF_IN_FINAL <278> ( L,S8b)[ 1, 1,    0, 1]:  L2( 0),   320,   289,    32, 10240,[     0,     0], 34800
     Src_Flow [     0,     1,     1,     1] [     0,     0,     0]***[   289,    32,     1,     1] [   320,   289, 10240]***[     0,     1,     1,     1] [     0,     0,     0]***[2]
     Snk_Flow [     0,     1,     1,     1] [     0,     0,     0]***[   289,    32,     1,     1] [   320,   289,     0]***[     0,     1,     1,     1] [     0,     0,     0]***[2]
 LINK_P                         37715182704 :  [2,1,1,1]
    FM_IN_PART     <275> ( L,U8b)[ 1, 1,    0, 1]:  L2( 0),  6720,  6720,    32,215040,[  0,  0],     0 |||| FM_FULL        <274> ( L,U8b)[ 1, 1,    0, 1]: MSMC( 0),  6720,  6643,    32,215122,[    82,     0],    2e
    COEFF_IN_FINAL  <278> ( L,S8b)[ 1, 1,    0, 1]:  L2( 0),   320,   289,    32, 10240,[  0,  0], 34800
     Src_Flow [     0,     1,     1,     1] [     0,     0,     0]***[  6643,    32,     1,     1] [  6720,  6643,     0]***[     0,     1,     1,     1] [     1,     1,     1]***[2]
    Src2_Flow [     0,     1,     1,     1] [     0,     0,     0]***[   289,    32,     1,     1] [   320, 10240,     0]***[     0,     1,     1,     1] [     0,     0,     0]***[2]
     Snk_Flow [     0,     1,     1,     1] [     0,     0,     0]***[  6479,    32,     1,     1] [  6720,  6479,215040]***[     0,     1,     1,     1] [     0,     0,     0]***[2]
Padding Info [Row, Col]: Actual  IN -> OUT : [ 1,  1] -> [ 1,  1],  To fill zero OUT: [ 0,  0], Virtual Pad(T,L,B,R): [ 0,  0,  0,  0]

 ------------- 71( 0, 69, 0, 6, 0) [128 x 80 x  80] => [32 x 80 x  80] | TIDL_ConvolutionLayer
 LINK_X_FM_IN_FULL_TO_PART      35970352208 :  [1,4,1,1]
    FM_FULL        <262> ( L,U8b)[ 4, 1,    0, 1]: MSMC( 0),  6720,  6643,   128,860242,[ 82,  0], 961ae |||| FM_IN_PART     <280> ( L,U8b)[ 4, 1,    0, 1]:  L2( 0),  3392,  3392,   128,437504,[     0,     0],     0
     Src_Flow [     0,     1,     1,     1] [     0,     0,     0]***[  1664,   128,     3,     1] [  6720,  1664,860160]***[  1488,   128,     1,     1] [  6720,  1664,     0]***[2]
     Snk_Flow [     0,     1,     1,     1] [     0,     0,     0]***[  1664,   128,     3,     1] [  3392,  1664,     0]***[  1488,   128,     1,     1] [  3392,  1664,     0]***[2]
 LINK_X_COEFF_IN_ANY_TO_FINAL   36020683856 :  [1,1,1,1]
    COEFF_IN_STAGE <282> ( L,S8b)[ 1, 1,    0, 1]: MSMC( 0),   192,   129,    32,  6144,[  0,  0],4f8900 |||| COEFF_IN_FINAL <283> ( L,S8b)[ 1, 1,    0, 1]:  L2( 0),   192,   129,    32,  6144,[     0,     0], 6ad00
     Src_Flow [     0,     1,     1,     1] [     0,     0,     0]***[   129,    32,     1,     1] [   192,   129,  6144]***[     0,     1,     1,     1] [     0,     0,     0]***[2]
     Snk_Flow [     0,     1,     1,     1] [     0,     0,     0]***[   129,    32,     1,     1] [   192,   129,     0]***[     0,     1,     1,     1] [     0,     0,     0]***[2]
 LINK_P                         36104569936 :  [2,4,1,1]
    FM_IN_PART     <280> ( L,U8b)[ 4, 1,    0, 1]:  L2( 0),  3392,  3392,   128,437504,[  0,  0],     0 |||| FM_FULL        <279> ( L,U8b)[ 4, 1,    0, 1]: MSMC( 0),  6720,  6643,    32,215122,[    82,     0], 961ae
    COEFF_IN_FINAL  <283> ( L,S8b)[ 1, 1,    0, 1]:  L2( 0),   192,   129,    32,  6144,[  0,  0], 6ad00
     Src_Flow [     0,     1,     1,     1] [     0,     0,     0]***[  1664,   128,     3,     1] [  3392,  1664,     0]***[  1488,   128,     1,     1] [  3392,  1664,     0]***[2]
    Src2_Flow [     0,     1,     1,     1] [     0,     0,     0]***[   129,    32,     1,     1] [   192,  6144,     0]***[     0,     1,     1,     1] [     0,     0,     0]***[2]
     Snk_Flow [     0,     1,     1,     1] [     0,     0,     0]***[  1664,    32,     3,     1] [  6720,  1664,215040]***[  1488,    32,     1,     1] [  6720,  1664,     0]***[2]
Padding Info [Row, Col]: Actual  IN -> OUT : [ 1,  1] -> [ 1,  1],  To fill zero OUT: [ 0,  0], Virtual Pad(T,L,B,R): [ 0,  0,  0,  0]

 ------------- 72( 0, 72, 0, 3, 0) [64 x 80 x  80] => [64 x 80 x  80] | TIDL_ConcatLayer
 LINK_X_FM_IN_FULL_TO_PART      38117835904 :  [0,1,1,1]
    FM_FULL        <274> ( L,U8b)[ 1, 1,    0, 1]: MSMC( 0),  6720,  6643,    32,215122,[ 82,  0],    2e |||| FM_IN_PART     <285> (PP,U8b)[ 1, 1,    0, 1]:  L2( 0),  6723,  6723,    64,430336,[     0,     0],     0
     Src_Flow [     0,     1,     1,     1] [     0,     0,     0]***[  6480,    32,     1,     1] [  6720,  6480,215040]***[     0,     1,     1,     1] [     0,     0,     0]***[2]
     Snk_Flow [     0,     1,     1,     1] [     0,     0,     0]***[  6480,    32,     1,     1] [  6723,215136,     0]***[     0,     1,     1,     1] [     0,     0,     0]***[2]
 LINK_X_FM_IN_FULL_TO_PART      37044094080 :  [1,1,1,1]
    FM_FULL        <279> ( L,U8b)[ 1, 1,    0, 1]: MSMC( 0),  6720,  6643,    32,215122,[ 82,  0], 961ae |||| FM_IN_PART     <285> (PP,U8b)[ 1, 1,    0, 1]:  L2( 0),  6723,  6723,    64,430336,[215136,     0],     0
     Src_Flow [     0,     1,     1,     1] [     0,     0,     0]***[  6480,    32,     1,     1] [  6720,  6480,215040]***[     0,     1,     1,     1] [     0,     0,     0]***[2]
     Snk_Flow [     0,     1,     1,     1] [     0,     0,     0]***[  6480,    32,     1,     1] [  6723,-215136,     0]***[     0,     1,     1,     1] [     0,     0,     0]***[2]
 LINK_P                         38252053632 :  [1,1,1,1]
    FM_IN_PART     <285> (PP,U8b)[ 1, 1,    0, 1]:  L2( 0),  6723,  6723,    64,430336,[  0,  0],     0 |||| FM_FULL        <284> ( L,U8b)[ 1, 1,    0, 1]: MSMC( 0),  6720,  6643,    64,430162,[    82,     0],    2e
     Src_Flow [     0,     1,     1,     1] [     0,     0,     0]***[  6480,    32,     1,     1] [  6723,215136,     0]***[     0,     1,     1,     1] [     0,     0,     0]***[2]
     Snk_Flow [     0,     1,     1,     1] [     0,     0,     0]***[  6480,    32,     1,     1] [  6720,  6480,215040]***[     0,     1,     1,     1] [     0,     0,     0]***[2]
 LINK_P                         37178311808 :  [2,1,1,1]
    FM_IN_PART     <285> (PP,U8b)[ 1, 1,    0, 1]:  L2( 0),  6723,  6723,    64,430336,[215136,  0],     0 |||| FM_FULL        <284> ( L,U8b)[ 1, 1,    0, 1]: MSMC( 0),  6720,  6643,    64,430162,[215122,     0],    2e
     Src_Flow [     0,     1,     1,     1] [     0,     0,     0]***[  6480,    32,     1,     1] [  6723,-215136,     0]***[     0,     1,     1,     1] [     0,     0,     0]***[2]
     Snk_Flow [     0,     1,     1,     1] [     0,     0,     0]***[  6480,    32,     1,     1] [  6720,  6480,215040]***[     0,     1,     1,     1] [     0,     0,     0]***[2]
Padding Info [Row, Col]: Actual  IN -> OUT : [ 1,  1] -> [ 1,  1],  To fill zero OUT: [ 0,  0], Virtual Pad(T,L,B,R): [ 0,  0,  0,  0]

 ------------- 73( 0, 73, 0, 4, 0) [64 x 80 x  80] => [64 x 80 x  80] | TIDL_ConvolutionLayer
 LINK_X_FM_IN_FULL_TO_PART      38654706832 :  [1,2,1,1]
    FM_FULL        <284> ( L,U8b)[ 2, 1,    0, 1]: MSMC( 0),  6720,  6643,    64,430162,[ 82,  0],    2e |||| FM_IN_PART     <287> ( L,U8b)[ 2, 1,    0, 1]:  L2( 0),  6848,  6848,    64,438272,[     0,     0],     0
     Src_Flow [     0,     1,     1,     1] [     0,     0,     0]***[  3392,    64,     1,     1] [  6720,  3392,430080]***[  3088,    64,     1,     1] [  6720,  3392,     0]***[2]
     Snk_Flow [     0,     1,     1,     1] [     0,     0,     0]***[  3392,    64,     1,     1] [  6848,  3392,     0]***[  3088,    64,     1,     1] [  6848,  3392,     0]***[2]
 LINK_X_COEFF_IN_ANY_TO_FINAL   38705038480 :  [1,1,1,1]
    COEFF_IN_STAGE <289> ( L,S8b)[ 1, 1,    0, 1]: MSMC( 0),   192,    65,    64, 12288,[  0,  0],4db100 |||| COEFF_IN_FINAL <290> ( L,S8b)[ 1, 1,    0, 1]:  L2( 0),   192,    65,    64, 12288,[     0,     0], 6b000
     Src_Flow [     0,     1,     1,     1] [     0,     0,     0]***[    65,    64,     1,     1] [   192,    65, 12288]***[     0,     1,     1,     1] [     0,     0,     0]***[2]
     Snk_Flow [     0,     1,     1,     1] [     0,     0,     0]***[    65,    64,     1,     1] [   192,    65,     0]***[     0,     1,     1,     1] [     0,     0,     0]***[2]
 LINK_P                         38788924560 :  [2,2,1,1]
    FM_IN_PART     <287> ( L,U8b)[ 2, 1,    0, 1]:  L2( 0),  6848,  6848,    64,438272,[  0,  0],     0 |||| FM_FULL        <286> ( L,U8b)[ 2, 1,    0, 1]: MSMC( 0),  6720,  6643,    64,430162,[    82,     0], 96dae
    COEFF_IN_FINAL  <290> ( L,S8b)[ 1, 1,    0, 1]:  L2( 0),   192,    65,    64, 12288,[  0,  0], 6b000
     Src_Flow [     0,     1,     1,     1] [     0,     0,     0]***[  3392,    64,     1,     1] [  6848,  3392,     0]***[  3088,    64,     1,     1] [  6848,  3392,     0]***[2]
    Src2_Flow [     0,     1,     1,     1] [     0,     0,     0]***[    65,    64,     1,     1] [   192, 12288,     0]***[     0,     1,     1,     1] [     0,     0,     0]***[2]
     Snk_Flow [     0,     1,     1,     1] [     0,     0,     0]***[  3392,    64,     1,     1] [  6720,  3392,430080]***[  3088,    64,     1,     1] [  6720,  3392,     0]***[2]
Padding Info [Row, Col]: Actual  IN -> OUT : [ 1,  1] -> [ 1,  1],  To fill zero OUT: [ 1,  1], Virtual Pad(T,L,B,R): [ 0,  0,  0,  0]

 ------------- 74( 0, 74, 0, 5, 0) [64 x 80 x  80] => [64 x 40 x  40] | TIDL_ConvolutionLayer
 LINK_X_FM_IN_FULL_TO_PART      39191577760 :  [1,3,1,1]
    FM_FULL        <286> ( L,U8b)[ 3, 1,    0, 1]: MSMC( 0),  6720,  6643,    64,430162,[  0,  0], 96dae |||| FM_IN_PART     <292> ( L,U8b)[ 3, 1,    0, 1]:  L2( 0),  6336,  6336,    64,408576,[     0,     0],     0
     Src_Flow [  3160,    64,     1,     1] [  6720,  3160,     0]***[  3078,    64,     1,     1] [  6720,  3078,430080]***[   324,    64,     1,     1] [  6720,  3078,     0]***[2]
     Snk_Flow [  3160,    64,     1,     1] [  6336,  3160,     0]***[  3078,    64,     1,     1] [  6336,  3078,     0]***[   324,    64,     1,     1] [  6336,  3078,     0]***[2]
 LINK_X_COEFF_IN_ANY_TO_FINAL   39241909408 :  [1,1,1,1]
    COEFF_IN_STAGE <294> ( L,S8b)[ 1, 1,    0, 1]: MSMC( 0),   704,   577,    64, 45056,[  0,  0],38bd00 |||| COEFF_IN_FINAL <295> ( L,S8b)[ 1, 1,    0, 1]:  L2( 0),   704,   577,    64, 45056,[     0,     0], 63c00
     Src_Flow [     0,     1,     1,     1] [     0,     0,     0]***[   577,    64,     1,     1] [   704,   577, 45056]***[     0,     1,     1,     1] [     0,     0,     0]***[2]
     Snk_Flow [     0,     1,     1,     1] [     0,     0,     0]***[   577,    64,     1,     1] [   704,   577,     0]***[     0,     1,     1,     1] [     0,     0,     0]***[2]
 LINK_P                         39325795488 :  [2,3,1,1]
    FM_IN_PART     <292> ( L,U8b)[ 3, 1,    0, 1]:  L2( 0),  6336,  6336,    64,408576,[  0,  0],     0 |||| FM_FULL        <291> ( L,U8b)[ 3, 1,    0, 1]: MSMC( 0),  1728,  1601,    64,110592,[     0,     0],     0
    COEFF_IN_FINAL  <295> ( L,S8b)[ 1, 1,    0, 1]:  L2( 0),   704,   577,    64, 45056,[  0,  0], 63c00
     Src_Flow [     0,     1,     1,     1] [     0,     0,     0]***[  3160,    64,     2,     1] [  6336,  3078,     0]***[   406,    64,     1,     1] [  6336,  3078,     0]***[2]
    Src2_Flow [     0,     1,     1,     1] [     0,     0,     0]***[   577,    64,     1,     1] [   704, 45056,     0]***[     0,     1,     1,     1] [     0,     0,     0]***[2]
     Snk_Flow [     0,     1,     1,     1] [     0,     0,     0]***[   760,    64,     2,     1] [  1728,   760,110592]***[    80,    64,     1,     1] [  1728,   760,     0]***[2]
Padding Info [Row, Col]: Actual  IN -> OUT : [ 1,  1] -> [ 0,  0],  To fill zero OUT: [ 0,  0], Virtual Pad(T,L,B,R): [ 0,  0,  0,  0]

 ------------- 75( 0, 76, 0, 3, 0) [128 x 40 x  40] => [128 x 40 x  40] | TIDL_ConcatLayer
 LINK_X_FM_IN_FULL_TO_PART      39728448704 :  [0,1,1,1]
    FM_FULL        <291> ( L,U8b)[ 1, 1,    0, 1]: MSMC( 0),  1728,  1601,    64,110592,[  0,  0],     0 |||| FM_IN_PART     <297> (PP,U8b)[ 1, 1,    0, 1]:  L2( 0),  1763,  1763,   128,225664,[     0,     0],     0
     Src_Flow [     0,     1,     1,     1] [     0,     0,     0]***[  1600,    64,     1,     1] [  1728,  1600,110592]***[     0,     1,     1,     1] [     0,     0,     0]***[2]
     Snk_Flow [     0,     1,     1,     1] [     0,     0,     0]***[  1600,    64,     1,     1] [  1763,112832,     0]***[     0,     1,     1,     1] [     0,     0,     0]***[2]
 LINK_X_FM_IN_FULL_TO_PART      34896610496 :  [1,1,1,1]
    FM_FULL        <255> ( L,U8b)[ 1, 1,    0, 1]: MSMC( 0),  1728,  1723,    64,110634,[ 42,  0], 7b156 |||| FM_IN_PART     <297> (PP,U8b)[ 1, 1,    0, 1]:  L2( 0),  1763,  1763,   128,225664,[112832,     0],     0
     Src_Flow [     0,     1,     1,     1] [     0,     0,     0]***[  1640,    64,     1,     1] [  1728,  1640,110592]***[     0,     1,     1,     1] [     0,     0,     0]***[2]
     Snk_Flow [     0,     1,     1,     1] [     0,     0,     0]***[  1640,    64,     1,     1] [  1763,-112832,     0]***[     0,     1,     1,     1] [     0,     0,     0]***[2]
 LINK_P                         39862666432 :  [1,1,1,1]
    FM_IN_PART     <297> (PP,U8b)[ 1, 1,    0, 1]:  L2( 0),  1763,  1763,   128,225664,[  0,  0],     0 |||| FM_FULL        <296> ( L,U8b)[ 1, 1,    0, 1]: MSMC( 0),  1728,  1723,   128,221226,[    42,     0], 1b056
     Src_Flow [     0,     1,     1,     1] [     0,     0,     0]***[  1600,    64,     1,     1] [  1763,112832,     0]***[     0,     1,     1,     1] [     0,     0,     0]***[2]
     Snk_Flow [     0,     1,     1,     1] [     0,     0,     0]***[  1640,    64,     1,     1] [  1728,  1640,110592]***[     0,     1,     1,     1] [     0,     0,     0]***[2]
 LINK_P                         35030828224 :  [2,1,1,1]
    FM_IN_PART     <297> (PP,U8b)[ 1, 1,    0, 1]:  L2( 0),  1763,  1763,   128,225664,[112832,  0],     0 |||| FM_FULL        <296> ( L,U8b)[ 1, 1,    0, 1]: MSMC( 0),  1728,  1723,   128,221226,[110634,     0], 1b056
     Src_Flow [     0,     1,     1,     1] [     0,     0,     0]***[  1640,    64,     1,     1] [  1763,-112832,     0]***[     0,     1,     1,     1] [     0,     0,     0]***[2]
     Snk_Flow [     0,     1,     1,     1] [     0,     0,     0]***[  1640,    64,     1,     1] [  1728,  1640,110592]***[     0,     1,     1,     1] [     0,     0,     0]***[2]
Padding Info [Row, Col]: Actual  IN -> OUT : [ 1,  1] -> [ 1,  1],  To fill zero OUT: [ 0,  0], Virtual Pad(T,L,B,R): [ 0,  0,  0,  0]

 ------------- 76( 0, 79, 0, 3, 0) [128 x 40 x  40] => [64 x 40 x  40] | TIDL_ConvolutionLayer
 LINK_X_FM_IN_FULL_TO_PART      40802190576 :  [1,1,1,1]
    FM_FULL        <296> ( L,U8b)[ 1, 1,    0, 1]: MSMC( 0),  1728,  1723,   128,221226,[ 42,  0], 1b056 |||| FM_IN_PART     <299> ( L,U8b)[ 1, 1,    0, 1]:  L2( 0),  1728,  1728,   128,221184,[     0,     0],     0
     Src_Flow [     0,     1,     1,     1] [     0,     0,     0]***[  1640,   128,     1,     1] [  1728,  1640,221184]***[     0,     1,     1,     1] [     0,     0,     0]***[2]
     Snk_Flow [     0,     1,     1,     1] [     0,     0,     0]***[  1640,   128,     1,     1] [  1728,  1640,     0]***[     0,     1,     1,     1] [     0,     0,     0]***[2]
 LINK_X_COEFF_IN_ANY_TO_FINAL   40852522224 :  [1,1,1,1]
    COEFF_IN_STAGE <301> ( L,S8b)[ 1, 1,    0, 1]: MSMC( 0),   192,   129,    64, 12288,[  0,  0],4e1100 |||| COEFF_IN_FINAL <302> ( L,S8b)[ 1, 1,    0, 1]:  L2( 0),   192,   129,    64, 12288,[     0,     0], 36000
     Src_Flow [     0,     1,     1,     1] [     0,     0,     0]***[   129,    64,     1,     1] [   192,   129, 12288]***[     0,     1,     1,     1] [     0,     0,     0]***[2]
     Snk_Flow [     0,     1,     1,     1] [     0,     0,     0]***[   129,    64,     1,     1] [   192,   129,     0]***[     0,     1,     1,     1] [     0,     0,     0]***[2]
 LINK_P                         40936408304 :  [2,1,1,1]
    FM_IN_PART     <299> ( L,U8b)[ 1, 1,    0, 1]:  L2( 0),  1728,  1728,   128,221184,[  0,  0],     0 |||| FM_FULL        <298> ( L,U8b)[ 1, 1,    0, 1]: MSMC( 0),  1728,  1723,    64,110634,[    42,     0], 7b156
    COEFF_IN_FINAL  <302> ( L,S8b)[ 1, 1,    0, 1]:  L2( 0),   192,   129,    64, 12288,[  0,  0], 36000
     Src_Flow [     0,     1,     1,     1] [     0,     0,     0]***[  1640,   128,     1,     1] [  1728,  1640,     0]***[     0,     1,     1,     1] [     0,     0,     0]***[2]
    Src2_Flow [     0,     1,     1,     1] [     0,     0,     0]***[   129,    64,     1,     1] [   192, 12288,     0]***[     0,     1,     1,     1] [     0,     0,     0]***[2]
     Snk_Flow [     0,     1,     1,     1] [     0,     0,     0]***[  1640,    64,     1,     1] [  1728,  1640,110592]***[     0,     1,     1,     1] [     0,     0,     0]***[2]
Padding Info [Row, Col]: Actual  IN -> OUT : [ 1,  1] -> [ 1,  1],  To fill zero OUT: [ 0,  0], Virtual Pad(T,L,B,R): [ 0,  0,  0,  0]

 ------------- 77( 0, 83, 0, 3, 0) [64 x 40 x  40] => [64 x 40 x  40] | TIDL_ConvolutionLayer
 LINK_X_FM_IN_FULL_TO_PART      42412803376 :  [1,1,1,1]
    FM_FULL        <298> ( L,U8b)[ 1, 1,    0, 1]: MSMC( 0),  1728,  1723,    64,110634,[ 42,  0], 7b156 |||| FM_IN_PART     <304> ( L,U8b)[ 1, 1,    0, 1]:  L2( 0),  1728,  1728,    64,110592,[     0,     0],     0
     Src_Flow [     0,     1,     1,     1] [     0,     0,     0]***[  1640,    64,     1,     1] [  1728,  1640,110592]***[     0,     1,     1,     1] [     0,     0,     0]***[2]
     Snk_Flow [     0,     1,     1,     1] [     0,     0,     0]***[  1640,    64,     1,     1] [  1728,  1640,     0]***[     0,     1,     1,     1] [     0,     0,     0]***[2]
 LINK_X_COEFF_IN_ANY_TO_FINAL   42463135024 :  [1,1,1,1]
    COEFF_IN_STAGE <306> ( L,S8b)[ 1, 1,    0, 1]: MSMC( 0),   192,    65,    64, 12288,[  0,  0],4e4100 |||| COEFF_IN_FINAL <307> ( L,S8b)[ 1, 1,    0, 1]:  L2( 0),   192,    65,    64, 12288,[     0,     0], 1b000
     Src_Flow [     0,     1,     1,     1] [     0,     0,     0]***[    65,    64,     1,     1] [   192,    65, 12288]***[     0,     1,     1,     1] [     0,     0,     0]***[2]
     Snk_Flow [     0,     1,     1,     1] [     0,     0,     0]***[    65,    64,     1,     1] [   192,    65,     0]***[     0,     1,     1,     1] [     0,     0,     0]***[2]
 LINK_P                         42547021104 :  [2,1,1,1]
    FM_IN_PART     <304> ( L,U8b)[ 1, 1,    0, 1]:  L2( 0),  1728,  1728,    64,110592,[  0,  0],     0 |||| FM_FULL        <303> ( L,U8b)[ 1, 1,    0, 1]: MSMC( 0),  1728,  1723,    64,110634,[    42,     0], 7b156
    COEFF_IN_FINAL  <307> ( L,S8b)[ 1, 1,    0, 1]:  L2( 0),   192,    65,    64, 12288,[  0,  0], 1b000
     Src_Flow [     0,     1,     1,     1] [     0,     0,     0]***[  1640,    64,     1,     1] [  1728,  1640,     0]***[     0,     1,     1,     1] [     0,     0,     0]***[2]
    Src2_Flow [     0,     1,     1,     1] [     0,     0,     0]***[    65,    64,     1,     1] [   192, 12288,     0]***[     0,     1,     1,     1] [     0,     0,     0]***[2]
     Snk_Flow [     0,     1,     1,     1] [     0,     0,     0]***[  1640,    64,     1,     1] [  1728,  1640,110592]***[     0,     1,     1,     1] [     0,     0,     0]***[2]
Padding Info [Row, Col]: Actual  IN -> OUT : [ 1,  1] -> [ 1,  1],  To fill zero OUT: [ 1,  1], Virtual Pad(T,L,B,R): [ 0,  0,  0,  0]

 ------------- 78( 0, 87, 0, 3, 0) [64 x 40 x  40] => [64 x 40 x  40] | TIDL_ConvolutionLayer
 LINK_X_FM_IN_FULL_TO_PART      44560287088 :  [1,1,1,1]
    FM_FULL        <303> ( L,U8b)[ 1, 1,    0, 1]: MSMC( 0),  1728,  1723,    64,110634,[  0,  0], 7b156 |||| FM_IN_PART     <309> ( L,U8b)[ 1, 1,    0, 1]:  L2( 0),  1728,  1728,    64,110592,[     0,     0],     0
     Src_Flow [     0,     1,     1,     1] [     0,     0,     0]***[  1723,    64,     1,     1] [  1728,  1723,110592]***[     0,     1,     1,     1] [     0,     0,     0]***[2]
     Snk_Flow [     0,     1,     1,     1] [     0,     0,     0]***[  1723,    64,     1,     1] [  1728,  1723,     0]***[     0,     1,     1,     1] [     0,     0,     0]***[2]
 LINK_X_COEFF_IN_ANY_TO_FINAL   44610618736 :  [1,1,1,1]
    COEFF_IN_STAGE <311> ( L,S8b)[ 1, 1,    0, 1]: MSMC( 0),   704,   577,    64, 45056,[  0,  0],396d00 |||| COEFF_IN_FINAL <312> ( L,S8b)[ 1, 1,    0, 1]:  L2( 0),   704,   577,    64, 45056,[     0,     0], 1b000
     Src_Flow [     0,     1,     1,     1] [     0,     0,     0]***[   577,    64,     1,     1] [   704,   577, 45056]***[     0,     1,     1,     1] [     0,     0,     0]***[2]
     Snk_Flow [     0,     1,     1,     1] [     0,     0,     0]***[   577,    64,     1,     1] [   704,   577,     0]***[     0,     1,     1,     1] [     0,     0,     0]***[2]
 LINK_P                         44694504816 :  [2,1,1,1]
    FM_IN_PART     <309> ( L,U8b)[ 1, 1,    0, 1]:  L2( 0),  1728,  1728,    64,110592,[  0,  0],     0 |||| FM_FULL        <308> ( L,U8b)[ 1, 1,    0, 1]: MSMC( 0),  1728,  1723,    64,110634,[    42,     0], 7b156
    COEFF_IN_FINAL  <312> ( L,S8b)[ 1, 1,    0, 1]:  L2( 0),   704,   577,    64, 45056,[  0,  0], 1b000
     Src_Flow [     0,     1,     1,     1] [     0,     0,     0]***[  1723,    64,     1,     1] [  1728,  1723,     0]***[     0,     1,     1,     1] [     1,     1,     1]***[2]
    Src2_Flow [     0,     1,     1,     1] [     0,     0,     0]***[   577,    64,     1,     1] [   704, 45056,     0]***[     0,     1,     1,     1] [     0,     0,     0]***[2]
     Snk_Flow [     0,     1,     1,     1] [     0,     0,     0]***[  1639,    64,     1,     1] [  1728,  1639,110592]***[     0,     1,     1,     1] [     0,     0,     0]***[2]
Padding Info [Row, Col]: Actual  IN -> OUT : [ 1,  1] -> [ 1,  1],  To fill zero OUT: [ 0,  0], Virtual Pad(T,L,B,R): [ 0,  0,  0,  0]

 ------------- 79( 0, 80, 0, 3, 0) [128 x 40 x  40] => [64 x 40 x  40] | TIDL_ConvolutionLayer
 LINK_X_FM_IN_FULL_TO_PART      40802190592 :  [1,1,1,1]
    FM_FULL        <296> ( L,U8b)[ 1, 1,    0, 1]: MSMC( 0),  1728,  1723,   128,221226,[ 42,  0], 1b056 |||| FM_IN_PART     <314> ( L,U8b)[ 1, 1,    0, 1]:  L2( 0),  1728,  1728,   128,221184,[     0,     0],     0
     Src_Flow [     0,     1,     1,     1] [     0,     0,     0]***[  1640,   128,     1,     1] [  1728,  1640,221184]***[     0,     1,     1,     1] [     0,     0,     0]***[2]
     Snk_Flow [     0,     1,     1,     1] [     0,     0,     0]***[  1640,   128,     1,     1] [  1728,  1640,     0]***[     0,     1,     1,     1] [     0,     0,     0]***[2]
 LINK_X_COEFF_IN_ANY_TO_FINAL   40852522240 :  [1,1,1,1]
    COEFF_IN_STAGE <316> ( L,S8b)[ 1, 1,    0, 1]: MSMC( 0),   192,   129,    64, 12288,[  0,  0],4c0100 |||| COEFF_IN_FINAL <317> ( L,S8b)[ 1, 1,    0, 1]:  L2( 0),   192,   129,    64, 12288,[     0,     0], 36000
     Src_Flow [     0,     1,     1,     1] [     0,     0,     0]***[   129,    64,     1,     1] [   192,   129, 12288]***[     0,     1,     1,     1] [     0,     0,     0]***[2]
     Snk_Flow [     0,     1,     1,     1] [     0,     0,     0]***[   129,    64,     1,     1] [   192,   129,     0]***[     0,     1,     1,     1] [     0,     0,     0]***[2]
 LINK_P                         40936408320 :  [2,1,1,1]
    FM_IN_PART     <314> ( L,U8b)[ 1, 1,    0, 1]:  L2( 0),  1728,  1728,   128,221184,[  0,  0],     0 |||| FM_FULL        <313> ( L,U8b)[ 1, 1,    0, 1]: MSMC( 0),  1728,  1723,    64,110634,[    42,     0],    56
    COEFF_IN_FINAL  <317> ( L,S8b)[ 1, 1,    0, 1]:  L2( 0),   192,   129,    64, 12288,[  0,  0], 36000
     Src_Flow [     0,     1,     1,     1] [     0,     0,     0]***[  1640,   128,     1,     1] [  1728,  1640,     0]***[     0,     1,     1,     1] [     0,     0,     0]***[2]
    Src2_Flow [     0,     1,     1,     1] [     0,     0,     0]***[   129,    64,     1,     1] [   192, 12288,     0]***[     0,     1,     1,     1] [     0,     0,     0]***[2]
     Snk_Flow [     0,     1,     1,     1] [     0,     0,     0]***[  1640,    64,     1,     1] [  1728,  1640,110592]***[     0,     1,     1,     1] [     0,     0,     0]***[2]
Padding Info [Row, Col]: Actual  IN -> OUT : [ 1,  1] -> [ 1,  1],  To fill zero OUT: [ 0,  0], Virtual Pad(T,L,B,R): [ 0,  0,  0,  0]

 ------------- 80( 0, 89, 0, 3, 0) [128 x 40 x  40] => [128 x 40 x  40] | TIDL_ConcatLayer
 LINK_X_FM_IN_FULL_TO_PART      46707770768 :  [0,1,1,1]
    FM_FULL        <308> ( L,U8b)[ 1, 1,    0, 1]: MSMC( 0),  1728,  1723,    64,110634,[ 42,  0], 7b156 |||| FM_IN_PART     <319> (PP,U8b)[ 1, 1,    0, 1]:  L2( 0),  1763,  1763,   128,225664,[     0,     0],     0
     Src_Flow [     0,     1,     1,     1] [     0,     0,     0]***[  1640,    64,     1,     1] [  1728,  1640,110592]***[     0,     1,     1,     1] [     0,     0,     0]***[2]
     Snk_Flow [     0,     1,     1,     1] [     0,     0,     0]***[  1640,    64,     1,     1] [  1763,112832,     0]***[     0,     1,     1,     1] [     0,     0,     0]***[2]
 LINK_X_FM_IN_FULL_TO_PART      42949674384 :  [1,1,1,1]
    FM_FULL        <313> ( L,U8b)[ 1, 1,    0, 1]: MSMC( 0),  1728,  1723,    64,110634,[ 42,  0],    56 |||| FM_IN_PART     <319> (PP,U8b)[ 1, 1,    0, 1]:  L2( 0),  1763,  1763,   128,225664,[112832,     0],     0
     Src_Flow [     0,     1,     1,     1] [     0,     0,     0]***[  1640,    64,     1,     1] [  1728,  1640,110592]***[     0,     1,     1,     1] [     0,     0,     0]***[2]
     Snk_Flow [     0,     1,     1,     1] [     0,     0,     0]***[  1640,    64,     1,     1] [  1763,-112832,     0]***[     0,     1,     1,     1] [     0,     0,     0]***[2]
 LINK_P                         46841988496 :  [1,1,1,1]
    FM_IN_PART     <319> (PP,U8b)[ 1, 1,    0, 1]:  L2( 0),  1763,  1763,   128,225664,[  0,  0],     0 |||| FM_FULL        <318> ( L,U8b)[ 1, 1,    0, 1]: MSMC( 0),  1728,  1723,   128,221226,[    42,     0], 1b0d6
     Src_Flow [     0,     1,     1,     1] [     0,     0,     0]***[  1640,    64,     1,     1] [  1763,112832,     0]***[     0,     1,     1,     1] [     0,     0,     0]***[2]
     Snk_Flow [     0,     1,     1,     1] [     0,     0,     0]***[  1640,    64,     1,     1] [  1728,  1640,110592]***[     0,     1,     1,     1] [     0,     0,     0]***[2]
 LINK_P                         43083892112 :  [2,1,1,1]
    FM_IN_PART     <319> (PP,U8b)[ 1, 1,    0, 1]:  L2( 0),  1763,  1763,   128,225664,[112832,  0],     0 |||| FM_FULL        <318> ( L,U8b)[ 1, 1,    0, 1]: MSMC( 0),  1728,  1723,   128,221226,[110634,     0], 1b0d6
     Src_Flow [     0,     1,     1,     1] [     0,     0,     0]***[  1640,    64,     1,     1] [  1763,-112832,     0]***[     0,     1,     1,     1] [     0,     0,     0]***[2]
     Snk_Flow [     0,     1,     1,     1] [     0,     0,     0]***[  1640,    64,     1,     1] [  1728,  1640,110592]***[     0,     1,     1,     1] [     0,     0,     0]***[2]
Padding Info [Row, Col]: Actual  IN -> OUT : [ 1,  1] -> [ 1,  1],  To fill zero OUT: [ 0,  0], Virtual Pad(T,L,B,R): [ 0,  0,  0,  0]

 ------------- 81( 0, 90, 0, 3, 0) [128 x 40 x  40] => [128 x 40 x  40] | TIDL_ConvolutionLayer
 LINK_X_FM_IN_FULL_TO_PART      47781512608 :  [1,1,1,1]
    FM_FULL        <318> ( L,U8b)[ 1, 1,    0, 1]: MSMC( 0),  1728,  1723,   128,221226,[ 42,  0], 1b0d6 |||| FM_IN_PART     <321> ( L,U8b)[ 1, 1,    0, 1]:  L2( 0),  1728,  1728,   128,221184,[     0,     0],     0
     Src_Flow [     0,     1,     1,     1] [     0,     0,     0]***[  1640,   128,     1,     1] [  1728,  1640,221184]***[     0,     1,     1,     1] [     0,     0,     0]***[2]
     Snk_Flow [     0,     1,     1,     1] [     0,     0,     0]***[  1640,   128,     1,     1] [  1728,  1640,     0]***[     0,     1,     1,     1] [     0,     0,     0]***[2]
 LINK_X_COEFF_IN_ANY_TO_FINAL   47831844256 :  [1,1,1,1]
    COEFF_IN_STAGE <323> ( L,S8b)[ 1, 1,    0, 1]: MSMC( 0),   192,   129,   128, 24576,[  0,  0],488d00 |||| COEFF_IN_FINAL <324> ( L,S8b)[ 1, 1,    0, 1]:  L2( 0),   192,   129,   128, 24576,[     0,     0], 36000
     Src_Flow [     0,     1,     1,     1] [     0,     0,     0]***[   129,   128,     1,     1] [   192,   129, 24576]***[     0,     1,     1,     1] [     0,     0,     0]***[2]
     Snk_Flow [     0,     1,     1,     1] [     0,     0,     0]***[   129,   128,     1,     1] [   192,   129,     0]***[     0,     1,     1,     1] [     0,     0,     0]***[2]
 LINK_P                         47915730336 :  [2,1,1,1]
    FM_IN_PART     <321> ( L,U8b)[ 1, 1,    0, 1]:  L2( 0),  1728,  1728,   128,221184,[  0,  0],     0 |||| FM_FULL        <320> ( L,U8b)[ 1, 1,    0, 1]: MSMC( 0),  1728,  1723,   128,221226,[    42,     0],  9556
    COEFF_IN_FINAL  <324> ( L,S8b)[ 1, 1,    0, 1]:  L2( 0),   192,   129,   128, 24576,[  0,  0], 36000
     Src_Flow [     0,     1,     1,     1] [     0,     0,     0]***[  1640,   128,     1,     1] [  1728,  1640,     0]***[     0,     1,     1,     1] [     0,     0,     0]***[2]
    Src2_Flow [     0,     1,     1,     1] [     0,     0,     0]***[   129,   128,     1,     1] [   192, 24576,     0]***[     0,     1,     1,     1] [     0,     0,     0]***[2]
     Snk_Flow [     0,     1,     1,     1] [     0,     0,     0]***[  1640,   128,     1,     1] [  1728,  1640,221184]***[     0,     1,     1,     1] [     0,     0,     0]***[2]
Padding Info [Row, Col]: Actual  IN -> OUT : [ 1,  1] -> [ 1,  1],  To fill zero OUT: [ 1,  1], Virtual Pad(T,L,B,R): [ 0,  0,  0,  0]

 ------------- 82( 0, 91, 0, 4, 0) [128 x 40 x  40] => [128 x 20 x  20] | TIDL_ConvolutionLayer
 LINK_X_FM_IN_FULL_TO_PART      48318383536 :  [1,2,1,1]
    FM_FULL        <320> ( L,U8b)[ 2, 1,    0, 1]: MSMC( 0),  1728,  1723,   128,221226,[  0,  0],  9556 |||| FM_IN_PART     <326> ( L,U8b)[ 2, 1,    0, 1]:  L2( 0),  2240,  2240,   128,286720,[     0,     0],     0
     Src_Flow [  1108,   128,     1,     1] [  1728,  1108,     0]***[   574,   128,     1,     1] [  1728,  1066,     0]***[     0,     1,     1,     1] [     1,     1,     1]***[2]
     Snk_Flow [  1108,   128,     1,     1] [  2240,  1108,     0]***[   574,   128,     1,     1] [  2240,  1066,     0]***[     0,     1,     1,     1] [     1,     1,     1]***[2]
 LINK_X_COEFF_IN_ANY_TO_FINAL   48368715184 :  [1,1,1,1]
    COEFF_IN_STAGE <328> ( L,S8b)[ 1, 1,    0, 1]: MSMC( 0),  1216,  1153,   128,155648,[  0,  0],2d2d00 |||| COEFF_IN_FINAL <329> ( L,S8b)[ 1, 1,    0, 1]:  L2( 0),  1216,  1153,   128,155648,[     0,     0], 46000
     Src_Flow [     0,     1,     1,     1] [     0,     0,     0]***[  1153,   128,     1,     1] [  1216,  1153,155648]***[     0,     1,     1,     1] [     0,     0,     0]***[2]
     Snk_Flow [     0,     1,     1,     1] [     0,     0,     0]***[  1153,   128,     1,     1] [  1216,  1153,     0]***[     0,     1,     1,     1] [     0,     0,     0]***[2]
 LINK_P                         48452601264 :  [2,2,1,1]
    FM_IN_PART     <326> ( L,U8b)[ 2, 1,    0, 1]:  L2( 0),  2240,  2240,   128,286720,[  0,  0],     0 |||| FM_FULL        <325> ( L,U8b)[ 2, 1,    0, 1]: MSMC( 0),   448,   401,   128, 57344,[     0,     0], 3f580
    COEFF_IN_FINAL  <329> ( L,S8b)[ 1, 1,    0, 1]:  L2( 0),  1216,  1153,   128,155648,[  0,  0], 46000
     Src_Flow [     0,     1,     1,     1] [     0,     0,     0]***[  1108,   128,     1,     1] [  2240,  1066,     0]***[   616,   128,     1,     1] [  2240,  1066,     0]***[2]
    Src2_Flow [     0,     1,     1,     1] [     0,     0,     0]***[  1153,   128,     1,     1] [  1216,155648,     0]***[     0,     1,     1,     1] [     0,     0,     0]***[2]
     Snk_Flow [     0,     1,     1,     1] [     0,     0,     0]***[   260,   128,     1,     1] [   448,   260, 57344]***[   140,   128,     1,     1] [   448,   260,     0]***[2]
Padding Info [Row, Col]: Actual  IN -> OUT : [ 1,  1] -> [ 0,  0],  To fill zero OUT: [ 0,  0], Virtual Pad(T,L,B,R): [ 0,  0,  0,  0]

 ------------- 83( 0, 93, 0, 3, 0) [256 x 20 x  20] => [256 x 20 x  20] | TIDL_ConcatLayer
 LINK_X_FM_IN_FULL_TO_PART      48855254480 :  [0,1,1,1]
    FM_FULL        <325> ( L,U8b)[ 1, 1,    0, 1]: MSMC( 0),   448,   401,   128, 57344,[  0,  0], 3f580 |||| FM_IN_PART     <331> (PP,U8b)[ 1, 1,    0, 1]:  L2( 0),   588,   588,   256,150528,[     0,     0],     0
     Src_Flow [     0,     1,     1,     1] [     0,     0,     0]***[   400,   128,     1,     1] [   448,   400, 57344]***[     0,     1,     1,     1] [     0,     0,     0]***[2]
     Snk_Flow [     0,     1,     1,     1] [     0,     0,     0]***[   400,   128,     1,     1] [   588, 75264,     0]***[     0,     1,     1,     1] [     0,     0,     0]***[2]
 LINK_X_FM_IN_FULL_TO_PART      30064772560 :  [1,1,1,1]
    FM_FULL        <219> ( L,U8b)[ 1, 1,    0, 1]: MSMC( 0),   576,   463,   128, 73750,[ 22,  0], 690ea |||| FM_IN_PART     <331> (PP,U8b)[ 1, 1,    0, 1]:  L2( 0),   588,   588,   256,150528,[ 75264,     0],     0
     Src_Flow [     0,     1,     1,     1] [     0,     0,     0]***[   420,   128,     1,     1] [   576,   420, 73728]***[     0,     1,     1,     1] [     0,     0,     0]***[2]
     Snk_Flow [     0,     1,     1,     1] [     0,     0,     0]***[   420,   128,     1,     1] [   588,-75264,     0]***[     0,     1,     1,     1] [     0,     0,     0]***[2]
 LINK_P                         48989472208 :  [1,1,1,1]
    FM_IN_PART     <331> (PP,U8b)[ 1, 1,    0, 1]:  L2( 0),   588,   588,   256,150528,[  0,  0],     0 |||| FM_FULL        <330> ( L,U8b)[ 1, 1,    0, 1]: MSMC( 0),   576,   463,   256,147478,[    22,     0], ffe6a
     Src_Flow [     0,     1,     1,     1] [     0,     0,     0]***[   400,   128,     1,     1] [   588, 75264,     0]***[     0,     1,     1,     1] [     0,     0,     0]***[2]
     Snk_Flow [     0,     1,     1,     1] [     0,     0,     0]***[   420,   128,     1,     1] [   576,   420, 73728]***[     0,     1,     1,     1] [     0,     0,     0]***[2]
 LINK_P                         30198990288 :  [2,1,1,1]
    FM_IN_PART     <331> (PP,U8b)[ 1, 1,    0, 1]:  L2( 0),   588,   588,   256,150528,[75264,  0],     0 |||| FM_FULL        <330> ( L,U8b)[ 1, 1,    0, 1]: MSMC( 0),   576,   463,   256,147478,[ 73750,     0], ffe6a
     Src_Flow [     0,     1,     1,     1] [     0,     0,     0]***[   420,   128,     1,     1] [   588,-75264,     0]***[     0,     1,     1,     1] [     0,     0,     0]***[2]
     Snk_Flow [     0,     1,     1,     1] [     0,     0,     0]***[   420,   128,     1,     1] [   576,   420, 73728]***[     0,     1,     1,     1] [     0,     0,     0]***[2]
Padding Info [Row, Col]: Actual  IN -> OUT : [ 1,  1] -> [ 1,  1],  To fill zero OUT: [ 0,  0], Virtual Pad(T,L,B,R): [ 0,  0,  0,  0]

 ------------- 84( 0, 96, 0, 3, 0) [256 x 20 x  20] => [128 x 20 x  20] | TIDL_ConvolutionLayer
 LINK_X_FM_IN_FULL_TO_PART      49928996352 :  [1,1,1,1]
    FM_FULL        <330> ( L,U8b)[ 1, 1,    0, 1]: MSMC( 0),   576,   463,   256,147478,[ 22,  0], ffe6a |||| FM_IN_PART     <333> ( L,U8b)[ 1, 1,    0, 1]:  L2( 0),   448,   448,   256,114688,[     0,     0],     0
     Src_Flow [     0,     1,     1,     1] [     0,     0,     0]***[   420,   256,     1,     1] [   576,   420,147456]***[     0,     1,     1,     1] [     0,     0,     0]***[2]
     Snk_Flow [     0,     1,     1,     1] [     0,     0,     0]***[   420,   256,     1,     1] [   448,   420,     0]***[     0,     1,     1,     1] [     0,     0,     0]***[2]
 LINK_X_COEFF_IN_ANY_TO_FINAL   49979328000 :  [1,1,1,1]
    COEFF_IN_STAGE <335> ( L,S8b)[ 1, 1,    0, 1]: MSMC( 0),   320,   257,   128, 40960,[  0,  0],45ad00 |||| COEFF_IN_FINAL <336> ( L,S8b)[ 1, 1,    0, 1]:  L2( 0),   320,   257,   128, 40960,[     0,     0], 1c000
     Src_Flow [     0,     1,     1,     1] [     0,     0,     0]***[   257,   128,     1,     1] [   320,   257, 40960]***[     0,     1,     1,     1] [     0,     0,     0]***[2]
     Snk_Flow [     0,     1,     1,     1] [     0,     0,     0]***[   257,   128,     1,     1] [   320,   257,     0]***[     0,     1,     1,     1] [     0,     0,     0]***[2]
 LINK_P                         50063214080 :  [2,1,1,1]
    FM_IN_PART     <333> ( L,U8b)[ 1, 1,    0, 1]:  L2( 0),   448,   448,   256,114688,[  0,  0],     0 |||| FM_FULL        <332> ( L,U8b)[ 1, 1,    0, 1]: MSMC( 0),   576,   463,   128, 73750,[    22,     0], 3f5ea
    COEFF_IN_FINAL  <336> ( L,S8b)[ 1, 1,    0, 1]:  L2( 0),   320,   257,   128, 40960,[  0,  0], 1c000
     Src_Flow [     0,     1,     1,     1] [     0,     0,     0]***[   420,   256,     1,     1] [   448,   420,     0]***[     0,     1,     1,     1] [     0,     0,     0]***[2]
    Src2_Flow [     0,     1,     1,     1] [     0,     0,     0]***[   257,   128,     1,     1] [   320, 40960,     0]***[     0,     1,     1,     1] [     0,     0,     0]***[2]
     Snk_Flow [     0,     1,     1,     1] [     0,     0,     0]***[   420,   128,     1,     1] [   576,   420, 73728]***[     0,     1,     1,     1] [     0,     0,     0]***[2]
Padding Info [Row, Col]: Actual  IN -> OUT : [ 1,  1] -> [ 1,  1],  To fill zero OUT: [ 0,  0], Virtual Pad(T,L,B,R): [ 0,  0,  0,  0]

 ------------- 85( 0, 100, 0, 3, 0) [128 x 20 x  20] => [128 x 20 x  20] | TIDL_ConvolutionLayer
 LINK_X_FM_IN_FULL_TO_PART      51539609152 :  [1,1,1,1]
    FM_FULL        <332> ( L,U8b)[ 1, 1,    0, 1]: MSMC( 0),   576,   463,   128, 73750,[ 22,  0], 3f5ea |||| FM_IN_PART     <338> ( L,U8b)[ 1, 1,    0, 1]:  L2( 0),   448,   448,   128, 57344,[     0,     0],     0
     Src_Flow [     0,     1,     1,     1] [     0,     0,     0]***[   420,   128,     1,     1] [   576,   420, 73728]***[     0,     1,     1,     1] [     0,     0,     0]***[2]
     Snk_Flow [     0,     1,     1,     1] [     0,     0,     0]***[   420,   128,     1,     1] [   448,   420,     0]***[     0,     1,     1,     1] [     0,     0,     0]***[2]
 LINK_X_COEFF_IN_ANY_TO_FINAL   51589940800 :  [1,1,1,1]
    COEFF_IN_STAGE <340> ( L,S8b)[ 1, 1,    0, 1]: MSMC( 0),   192,   129,   128, 24576,[  0,  0],49ad00 |||| COEFF_IN_FINAL <341> ( L,S8b)[ 1, 1,    0, 1]:  L2( 0),   192,   129,   128, 24576,[     0,     0],  e000
     Src_Flow [     0,     1,     1,     1] [     0,     0,     0]***[   129,   128,     1,     1] [   192,   129, 24576]***[     0,     1,     1,     1] [     0,     0,     0]***[2]
     Snk_Flow [     0,     1,     1,     1] [     0,     0,     0]***[   129,   128,     1,     1] [   192,   129,     0]***[     0,     1,     1,     1] [     0,     0,     0]***[2]
 LINK_P                         51673826880 :  [2,1,1,1]
    FM_IN_PART     <338> ( L,U8b)[ 1, 1,    0, 1]:  L2( 0),   448,   448,   128, 57344,[  0,  0],     0 |||| FM_FULL        <337> ( L,U8b)[ 1, 1,    0, 1]: MSMC( 0),   576,   463,   128, 73750,[    22,     0], 3f5ea
    COEFF_IN_FINAL  <341> ( L,S8b)[ 1, 1,    0, 1]:  L2( 0),   192,   129,   128, 24576,[  0,  0],  e000
     Src_Flow [     0,     1,     1,     1] [     0,     0,     0]***[   420,   128,     1,     1] [   448,   420,     0]***[     0,     1,     1,     1] [     0,     0,     0]***[2]
    Src2_Flow [     0,     1,     1,     1] [     0,     0,     0]***[   129,   128,     1,     1] [   192, 24576,     0]***[     0,     1,     1,     1] [     0,     0,     0]***[2]
     Snk_Flow [     0,     1,     1,     1] [     0,     0,     0]***[   420,   128,     1,     1] [   576,   420, 73728]***[     0,     1,     1,     1] [     0,     0,     0]***[2]
Padding Info [Row, Col]: Actual  IN -> OUT : [ 1,  1] -> [ 1,  1],  To fill zero OUT: [ 1,  1], Virtual Pad(T,L,B,R): [ 0,  0,  0,  0]

 ------------- 86( 0, 104, 0, 3, 0) [128 x 20 x  20] => [128 x 20 x  20] | TIDL_ConvolutionLayer
 LINK_X_FM_IN_FULL_TO_PART      53687092864 :  [1,1,1,1]
    FM_FULL        <337> ( L,U8b)[ 1, 1,    0, 1]: MSMC( 0),   576,   463,   128, 73750,[  0,  0], 3f5ea |||| FM_IN_PART     <343> ( L,U8b)[ 1, 1,    0, 1]:  L2( 0),   576,   576,   128, 73728,[     0,     0],     0
     Src_Flow [     0,     1,     1,     1] [     0,     0,     0]***[   463,   128,     1,     1] [   576,   463, 73728]***[     0,     1,     1,     1] [     0,     0,     0]***[2]
     Snk_Flow [     0,     1,     1,     1] [     0,     0,     0]***[   463,   128,     1,     1] [   576,   463,     0]***[     0,     1,     1,     1] [     0,     0,     0]***[2]
 LINK_X_COEFF_IN_ANY_TO_FINAL   53737424512 :  [1,1,1,1]
    COEFF_IN_STAGE <345> ( L,S8b)[ 1, 1,    0, 1]: MSMC( 0),  1216,  1153,   128,155648,[  0,  0],2f8d00 |||| COEFF_IN_FINAL <346> ( L,S8b)[ 1, 1,    0, 1]:  L2( 0),  1216,  1153,   128,155648,[     0,     0], 12000
     Src_Flow [     0,     1,     1,     1] [     0,     0,     0]***[  1153,   128,     1,     1] [  1216,  1153,155648]***[     0,     1,     1,     1] [     0,     0,     0]***[2]
     Snk_Flow [     0,     1,     1,     1] [     0,     0,     0]***[  1153,   128,     1,     1] [  1216,  1153,     0]***[     0,     1,     1,     1] [     0,     0,     0]***[2]
 LINK_P                         53821310592 :  [2,1,1,1]
    FM_IN_PART     <343> ( L,U8b)[ 1, 1,    0, 1]:  L2( 0),   576,   576,   128, 73728,[  0,  0],     0 |||| FM_FULL        <342> ( L,U8b)[ 1, 1,    0, 1]: MSMC( 0),   576,   463,   128, 73750,[    22,     0], 3f5ea
    COEFF_IN_FINAL  <346> ( L,S8b)[ 1, 1,    0, 1]:  L2( 0),  1216,  1153,   128,155648,[  0,  0], 12000
     Src_Flow [     0,     1,     1,     1] [     0,     0,     0]***[   463,   128,     1,     1] [   576,   463,     0]***[     0,     1,     1,     1] [     1,     1,     1]***[2]
    Src2_Flow [     0,     1,     1,     1] [     0,     0,     0]***[  1153,   128,     1,     1] [  1216,155648,     0]***[     0,     1,     1,     1] [     0,     0,     0]***[2]
     Snk_Flow [     0,     1,     1,     1] [     0,     0,     0]***[   419,   128,     1,     1] [   576,   419, 73728]***[     0,     1,     1,     1] [     0,     0,     0]***[2]
Padding Info [Row, Col]: Actual  IN -> OUT : [ 1,  1] -> [ 1,  1],  To fill zero OUT: [ 0,  0], Virtual Pad(T,L,B,R): [ 0,  0,  0,  0]

 ------------- 87( 0, 97, 0, 3, 0) [256 x 20 x  20] => [128 x 20 x  20] | TIDL_ConvolutionLayer
 LINK_X_FM_IN_FULL_TO_PART      49928996368 :  [1,1,1,1]
    FM_FULL        <330> ( L,U8b)[ 1, 1,    0, 1]: MSMC( 0),   576,   463,   256,147478,[ 22,  0], ffe6a |||| FM_IN_PART     <348> ( L,U8b)[ 1, 1,    0, 1]:  L2( 0),   448,   448,   256,114688,[     0,     0],     0
     Src_Flow [     0,     1,     1,     1] [     0,     0,     0]***[   420,   256,     1,     1] [   576,   420,147456]***[     0,     1,     1,     1] [     0,     0,     0]***[2]
     Snk_Flow [     0,     1,     1,     1] [     0,     0,     0]***[   420,   256,     1,     1] [   448,   420,     0]***[     0,     1,     1,     1] [     0,     0,     0]***[2]
 LINK_X_COEFF_IN_ANY_TO_FINAL   49979328016 :  [1,1,1,1]
    COEFF_IN_STAGE <350> ( L,S8b)[ 1, 1,    0, 1]: MSMC( 0),   320,   257,   128, 40960,[  0,  0],46ed00 |||| COEFF_IN_FINAL <351> ( L,S8b)[ 1, 1,    0, 1]:  L2( 0),   320,   257,   128, 40960,[     0,     0], 1c000
     Src_Flow [     0,     1,     1,     1] [     0,     0,     0]***[   257,   128,     1,     1] [   320,   257, 40960]***[     0,     1,     1,     1] [     0,     0,     0]***[2]
     Snk_Flow [     0,     1,     1,     1] [     0,     0,     0]***[   257,   128,     1,     1] [   320,   257,     0]***[     0,     1,     1,     1] [     0,     0,     0]***[2]
 LINK_P                         50063214096 :  [2,1,1,1]
    FM_IN_PART     <348> ( L,U8b)[ 1, 1,    0, 1]:  L2( 0),   448,   448,   256,114688,[  0,  0],     0 |||| FM_FULL        <347> ( L,U8b)[ 1, 1,    0, 1]: MSMC( 0),   576,   463,   128, 73750,[    22,     0], 5166a
    COEFF_IN_FINAL  <351> ( L,S8b)[ 1, 1,    0, 1]:  L2( 0),   320,   257,   128, 40960,[  0,  0], 1c000
     Src_Flow [     0,     1,     1,     1] [     0,     0,     0]***[   420,   256,     1,     1] [   448,   420,     0]***[     0,     1,     1,     1] [     0,     0,     0]***[2]
    Src2_Flow [     0,     1,     1,     1] [     0,     0,     0]***[   257,   128,     1,     1] [   320, 40960,     0]***[     0,     1,     1,     1] [     0,     0,     0]***[2]
     Snk_Flow [     0,     1,     1,     1] [     0,     0,     0]***[   420,   128,     1,     1] [   576,   420, 73728]***[     0,     1,     1,     1] [     0,     0,     0]***[2]
Padding Info [Row, Col]: Actual  IN -> OUT : [ 1,  1] -> [ 1,  1],  To fill zero OUT: [ 0,  0], Virtual Pad(T,L,B,R): [ 0,  0,  0,  0]

 ------------- 88( 0, 106, 0, 3, 0) [256 x 20 x  20] => [256 x 20 x  20] | TIDL_ConcatLayer
 LINK_X_FM_IN_FULL_TO_PART      55834576544 :  [0,1,1,1]
    FM_FULL        <342> ( L,U8b)[ 1, 1,    0, 1]: MSMC( 0),   576,   463,   128, 73750,[ 22,  0], 3f5ea |||| FM_IN_PART     <353> (PP,U8b)[ 1, 1,    0, 1]:  L2( 0),   588,   588,   256,150528,[     0,     0],     0
     Src_Flow [     0,     1,     1,     1] [     0,     0,     0]***[   420,   128,     1,     1] [   576,   420, 73728]***[     0,     1,     1,     1] [     0,     0,     0]***[2]
     Snk_Flow [     0,     1,     1,     1] [     0,     0,     0]***[   420,   128,     1,     1] [   588, 75264,     0]***[     0,     1,     1,     1] [     0,     0,     0]***[2]
 LINK_X_FM_IN_FULL_TO_PART      52076480160 :  [1,1,1,1]
    FM_FULL        <347> ( L,U8b)[ 1, 1,    0, 1]: MSMC( 0),   576,   463,   128, 73750,[ 22,  0], 5166a |||| FM_IN_PART     <353> (PP,U8b)[ 1, 1,    0, 1]:  L2( 0),   588,   588,   256,150528,[ 75264,     0],     0
     Src_Flow [     0,     1,     1,     1] [     0,     0,     0]***[   420,   128,     1,     1] [   576,   420, 73728]***[     0,     1,     1,     1] [     0,     0,     0]***[2]
     Snk_Flow [     0,     1,     1,     1] [     0,     0,     0]***[   420,   128,     1,     1] [   588,-75264,     0]***[     0,     1,     1,     1] [     0,     0,     0]***[2]
 LINK_P                         55968794272 :  [1,1,1,1]
    FM_IN_PART     <353> (PP,U8b)[ 1, 1,    0, 1]:  L2( 0),   588,   588,   256,150528,[  0,  0],     0 |||| FM_FULL        <352> ( L,U8b)[ 1, 1,    0, 1]: MSMC( 0),   576,   463,   256,147478,[    22,     0], 636ea
     Src_Flow [     0,     1,     1,     1] [     0,     0,     0]***[   420,   128,     1,     1] [   588, 75264,     0]***[     0,     1,     1,     1] [     0,     0,     0]***[2]
     Snk_Flow [     0,     1,     1,     1] [     0,     0,     0]***[   420,   128,     1,     1] [   576,   420, 73728]***[     0,     1,     1,     1] [     0,     0,     0]***[2]
 LINK_P                         52210697888 :  [2,1,1,1]
    FM_IN_PART     <353> (PP,U8b)[ 1, 1,    0, 1]:  L2( 0),   588,   588,   256,150528,[75264,  0],     0 |||| FM_FULL        <352> ( L,U8b)[ 1, 1,    0, 1]: MSMC( 0),   576,   463,   256,147478,[ 73750,     0], 636ea
     Src_Flow [     0,     1,     1,     1] [     0,     0,     0]***[   420,   128,     1,     1] [   588,-75264,     0]***[     0,     1,     1,     1] [     0,     0,     0]***[2]
     Snk_Flow [     0,     1,     1,     1] [     0,     0,     0]***[   420,   128,     1,     1] [   576,   420, 73728]***[     0,     1,     1,     1] [     0,     0,     0]***[2]
Padding Info [Row, Col]: Actual  IN -> OUT : [ 1,  1] -> [ 1,  1],  To fill zero OUT: [ 0,  0], Virtual Pad(T,L,B,R): [ 0,  0,  0,  0]

 ------------- 89( 0, 107, 0, 3, 0) [256 x 20 x  20] => [256 x 20 x  20] | TIDL_ConvolutionLayer
 LINK_X_FM_IN_FULL_TO_PART      56908318384 :  [1,1,1,1]
    FM_FULL        <352> ( L,U8b)[ 1, 1,    0, 1]: MSMC( 0),   576,   463,   256,147478,[ 22,  0], 636ea |||| FM_IN_PART     <355> ( L,U8b)[ 1, 1,    0, 1]:  L2( 0),   448,   448,   256,114688,[     0,     0],     0
     Src_Flow [     0,     1,     1,     1] [     0,     0,     0]***[   420,   256,     1,     1] [   576,   420,147456]***[     0,     1,     1,     1] [     0,     0,     0]***[2]
     Snk_Flow [     0,     1,     1,     1] [     0,     0,     0]***[   420,   256,     1,     1] [   448,   420,     0]***[     0,     1,     1,     1] [     0,     0,     0]***[2]
 LINK_X_COEFF_IN_ANY_TO_FINAL   56958650032 :  [1,1,1,1]
    COEFF_IN_STAGE <357> ( L,S8b)[ 1, 1,    0, 1]: MSMC( 0),   320,   257,   256, 81920,[  0,  0],36cd00 |||| COEFF_IN_FINAL <358> ( L,S8b)[ 1, 1,    0, 1]:  L2( 0),   320,   257,   256, 81920,[     0,     0], 1c000
     Src_Flow [     0,     1,     1,     1] [     0,     0,     0]***[   257,   256,     1,     1] [   320,   257, 81920]***[     0,     1,     1,     1] [     0,     0,     0]***[2]
     Snk_Flow [     0,     1,     1,     1] [     0,     0,     0]***[   257,   256,     1,     1] [   320,   257,     0]***[     0,     1,     1,     1] [     0,     0,     0]***[2]
 LINK_P                         57042536112 :  [2,1,1,1]
    FM_IN_PART     <355> ( L,U8b)[ 1, 1,    0, 1]:  L2( 0),   448,   448,   256,114688,[  0,  0],     0 |||| FM_FULL        <354> ( L,U8b)[ 1, 1,    0, 1]: MSMC( 0),   576,   463,   256,147478,[    22,     0], 3f5ea
    COEFF_IN_FINAL  <358> ( L,S8b)[ 1, 1,    0, 1]:  L2( 0),   320,   257,   256, 81920,[  0,  0], 1c000
     Src_Flow [     0,     1,     1,     1] [     0,     0,     0]***[   420,   256,     1,     1] [   448,   420,     0]***[     0,     1,     1,     1] [     0,     0,     0]***[2]
    Src2_Flow [     0,     1,     1,     1] [     0,     0,     0]***[   257,   256,     1,     1] [   320, 81920,     0]***[     0,     1,     1,     1] [     0,     0,     0]***[2]
     Snk_Flow [     0,     1,     1,     1] [     0,     0,     0]***[   420,   256,     1,     1] [   576,   420,147456]***[     0,     1,     1,     1] [     0,     0,     0]***[2]
Padding Info [Row, Col]: Actual  IN -> OUT : [ 1,  1] -> [ 1,  1],  To fill zero OUT: [ 0,  0], Virtual Pad(T,L,B,R): [ 0,  0,  0,  0]

 ------------- 90( 0, 108, 0, 3, 0) [256 x 20 x  20] => [64 x 20 x  20] | TIDL_ConvolutionLayer
 LINK_X_FM_IN_FULL_TO_PART      57445189312 :  [1,1,1,1]
    FM_FULL        <354> ( L,U8b)[ 1, 1,    0, 1]: MSMC( 0),   576,   463,   256,147478,[ 22,  0], 3f5ea |||| FM_IN_PART     <360> ( L,U8b)[ 1, 1,    0, 1]:  L2( 0),   448,   448,   256,114688,[     0,     0],     0
     Src_Flow [     0,     1,     1,     1] [     0,     0,     0]***[   420,   256,     1,     1] [   576,   420,147456]***[     0,     1,     1,     1] [     0,     0,     0]***[2]
     Snk_Flow [     0,     1,     1,     1] [     0,     0,     0]***[   420,   256,     1,     1] [   448,   420,     0]***[     0,     1,     1,     1] [     0,     0,     0]***[2]
 LINK_X_COEFF_IN_ANY_TO_FINAL   57495520960 :  [1,1,1,1]
    COEFF_IN_STAGE <362> ( L,S8b)[ 1, 1,    0, 1]: MSMC( 0),   320,   257,    64, 20480,[  0,  0],4afd00 |||| COEFF_IN_FINAL <363> ( L,S8b)[ 1, 1,    0, 1]:  L2( 0),   320,   257,    64, 20480,[     0,     0], 1c000
     Src_Flow [     0,     1,     1,     1] [     0,     0,     0]***[   257,    64,     1,     1] [   320,   257, 20480]***[     0,     1,     1,     1] [     0,     0,     0]***[2]
     Snk_Flow [     0,     1,     1,     1] [     0,     0,     0]***[   257,    64,     1,     1] [   320,   257,     0]***[     0,     1,     1,     1] [     0,     0,     0]***[2]
 LINK_P                         57579407040 :  [2,1,1,1]
    FM_IN_PART     <360> ( L,U8b)[ 1, 1,    0, 1]:  L2( 0),   448,   448,   256,114688,[  0,  0],     0 |||| FM_FULL        <359> ( L,U8b)[ 1, 1,    0, 1]: MSMC( 0),   576,   463,    64, 36886,[    22,     0],    6a
    COEFF_IN_FINAL  <363> ( L,S8b)[ 1, 1,    0, 1]:  L2( 0),   320,   257,    64, 20480,[  0,  0], 1c000
     Src_Flow [     0,     1,     1,     1] [     0,     0,     0]***[   420,   256,     1,     1] [   448,   420,     0]***[     0,     1,     1,     1] [     0,     0,     0]***[2]
    Src2_Flow [     0,     1,     1,     1] [     0,     0,     0]***[   257,    64,     1,     1] [   320, 20480,     0]***[     0,     1,     1,     1] [     0,     0,     0]***[2]
     Snk_Flow [     0,     1,     1,     1] [     0,     0,     0]***[   420,    64,     1,     1] [   576,   420, 36864]***[     0,     1,     1,     1] [     0,     0,     0]***[2]
Padding Info [Row, Col]: Actual  IN -> OUT : [ 1,  1] -> [ 1,  1],  To fill zero OUT: [ 1,  1], Virtual Pad(T,L,B,R): [ 0,  0,  0,  0]

 ------------- 91( 0, 109, 0, 3, 0) [64 x 20 x  20] => [64 x 20 x  20] | TIDL_ConvolutionLayer
 LINK_X_FM_IN_FULL_TO_PART      57982060240 :  [1,1,1,1]
    FM_FULL        <359> ( L,U8b)[ 1, 1,    0, 1]: MSMC( 0),   576,   463,    64, 36886,[  0,  0],    6a |||| FM_IN_PART     <365> ( L,U8b)[ 1, 1,    0, 1]:  L2( 0),   576,   576,    64, 36864,[     0,     0],     0
     Src_Flow [     0,     1,     1,     1] [     0,     0,     0]***[   463,    64,     1,     1] [   576,   463, 36864]***[     0,     1,     1,     1] [     0,     0,     0]***[2]
     Snk_Flow [     0,     1,     1,     1] [     0,     0,     0]***[   463,    64,     1,     1] [   576,   463,     0]***[     0,     1,     1,     1] [     0,     0,     0]***[2]
 LINK_X_COEFF_IN_ANY_TO_FINAL   58032391888 :  [1,1,1,1]
    COEFF_IN_STAGE <367> ( L,S8b)[ 1, 1,    0, 1]: MSMC( 0),   704,   577,    64, 45056,[  0,  0],3c2d00 |||| COEFF_IN_FINAL <368> ( L,S8b)[ 1, 1,    0, 1]:  L2( 0),   704,   577,    64, 45056,[     0,     0],  9000
     Src_Flow [     0,     1,     1,     1] [     0,     0,     0]***[   577,    64,     1,     1] [   704,   577, 45056]***[     0,     1,     1,     1] [     0,     0,     0]***[2]
     Snk_Flow [     0,     1,     1,     1] [     0,     0,     0]***[   577,    64,     1,     1] [   704,   577,     0]***[     0,     1,     1,     1] [     0,     0,     0]***[2]
 LINK_P                         58116277968 :  [2,1,1,1]
    FM_IN_PART     <365> ( L,U8b)[ 1, 1,    0, 1]:  L2( 0),   576,   576,    64, 36864,[  0,  0],     0 |||| FM_FULL        <364> ( L,U8b)[ 1, 1,    0, 1]: MSMC( 0),   576,   463,    64, 36886,[    22,     0], 3f5ea
    COEFF_IN_FINAL  <368> ( L,S8b)[ 1, 1,    0, 1]:  L2( 0),   704,   577,    64, 45056,[  0,  0],  9000
     Src_Flow [     0,     1,     1,     1] [     0,     0,     0]***[   463,    64,     1,     1] [   576,   463,     0]***[     0,     1,     1,     1] [     1,     1,     1]***[2]
    Src2_Flow [     0,     1,     1,     1] [     0,     0,     0]***[   577,    64,     1,     1] [   704, 45056,     0]***[     0,     1,     1,     1] [     0,     0,     0]***[2]
     Snk_Flow [     0,     1,     1,     1] [     0,     0,     0]***[   419,    64,     1,     1] [   576,   419, 36864]***[     0,     1,     1,     1] [     0,     0,     0]***[2]
Padding Info [Row, Col]: Actual  IN -> OUT : [ 1,  1] -> [ 1,  1],  To fill zero OUT: [ 1,  1], Virtual Pad(T,L,B,R): [ 0,  0,  0,  0]

 ------------- 92( 0, 111, 0, 3, 0) [64 x 20 x  20] => [64 x 20 x  20] | TIDL_ConvolutionLayer
 LINK_X_FM_IN_FULL_TO_PART      58518931184 :  [1,1,1,1]
    FM_FULL        <364> ( L,U8b)[ 1, 1,    0, 1]: MSMC( 0),   576,   463,    64, 36886,[  0,  0], 3f5ea |||| FM_IN_PART     <370> ( L,U8b)[ 1, 1,    0, 1]:  L2( 0),   576,   576,    64, 36864,[     0,     0],     0
     Src_Flow [     0,     1,     1,     1] [     0,     0,     0]***[   463,    64,     1,     1] [   576,   463, 36864]***[     0,     1,     1,     1] [     0,     0,     0]***[2]
     Snk_Flow [     0,     1,     1,     1] [     0,     0,     0]***[   463,    64,     1,     1] [   576,   463,     0]***[     0,     1,     1,     1] [     0,     0,     0]***[2]
 LINK_X_COEFF_IN_ANY_TO_FINAL   58569262832 :  [1,1,1,1]
    COEFF_IN_STAGE <372> ( L,S8b)[ 1, 1,    0, 1]: MSMC( 0),   704,   577,    64, 45056,[  0,  0],3cdd00 |||| COEFF_IN_FINAL <373> ( L,S8b)[ 1, 1,    0, 1]:  L2( 0),   704,   577,    64, 45056,[     0,     0],  9000
     Src_Flow [     0,     1,     1,     1] [     0,     0,     0]***[   577,    64,     1,     1] [   704,   577, 45056]***[     0,     1,     1,     1] [     0,     0,     0]***[2]
     Snk_Flow [     0,     1,     1,     1] [     0,     0,     0]***[   577,    64,     1,     1] [   704,   577,     0]***[     0,     1,     1,     1] [     0,     0,     0]***[2]
 LINK_P                         58653148912 :  [2,1,1,1]
    FM_IN_PART     <370> ( L,U8b)[ 1, 1,    0, 1]:  L2( 0),   576,   576,    64, 36864,[  0,  0],     0 |||| FM_FULL        <369> ( L,U8b)[ 1, 1,    0, 1]: MSMC( 0),   576,   463,    64, 36886,[    22,     0], 3f5ea
    COEFF_IN_FINAL  <373> ( L,S8b)[ 1, 1,    0, 1]:  L2( 0),   704,   577,    64, 45056,[  0,  0],  9000
     Src_Flow [     0,     1,     1,     1] [     0,     0,     0]***[   463,    64,     1,     1] [   576,   463,     0]***[     0,     1,     1,     1] [     1,     1,     1]***[2]
    Src2_Flow [     0,     1,     1,     1] [     0,     0,     0]***[   577,    64,     1,     1] [   704, 45056,     0]***[     0,     1,     1,     1] [     0,     0,     0]***[2]
     Snk_Flow [     0,     1,     1,     1] [     0,     0,     0]***[   419,    64,     1,     1] [   576,   419, 36864]***[     0,     1,     1,     1] [     0,     0,     0]***[2]
Padding Info [Row, Col]: Actual  IN -> OUT : [ 1,  1] -> [ 1,  1],  To fill zero OUT: [ 0,  0], Virtual Pad(T,L,B,R): [ 0,  0,  0,  0]

 ------------- 93( 0, 113, 0, 3, 0) [64 x 20 x  20] => [80 x 20 x  20] | TIDL_ConvolutionLayer
 LINK_X_FM_IN_FULL_TO_PART      59592673040 :  [1,1,1,1]
    FM_FULL        <369> ( L,U8b)[ 1, 1,    0, 1]: MSMC( 0),   576,   463,    64, 36886,[ 22,  0], 3f5ea |||| FM_IN_PART     <375> ( L,U8b)[ 1, 1,    0, 1]:  L2( 0),   448,   448,    64, 28672,[     0,     0],     0
     Src_Flow [     0,     1,     1,     1] [     0,     0,     0]***[   420,    64,     1,     1] [   576,   420, 36864]***[     0,     1,     1,     1] [     0,     0,     0]***[2]
     Snk_Flow [     0,     1,     1,     1] [     0,     0,     0]***[   420,    64,     1,     1] [   448,   420,     0]***[     0,     1,     1,     1] [     0,     0,     0]***[2]
 LINK_X_COEFF_IN_ANY_TO_FINAL   59643004688 :  [1,1,1,1]
    COEFF_IN_STAGE <377> ( L,S8b)[ 1, 1,    0, 1]: MSMC( 0),   192,    65,    80, 15360,[  0,  0],4b8900 |||| COEFF_IN_FINAL <378> ( L,S8b)[ 1, 1,    0, 1]:  L2( 0),   192,    65,    80, 15360,[     0,     0],  7000
     Src_Flow [     0,     1,     1,     1] [     0,     0,     0]***[    65,    80,     1,     1] [   192,    65, 15360]***[     0,     1,     1,     1] [     0,     0,     0]***[2]
     Snk_Flow [     0,     1,     1,     1] [     0,     0,     0]***[    65,    80,     1,     1] [   192,    65,     0]***[     0,     1,     1,     1] [     0,     0,     0]***[2]
 LINK_P                         59726890768 :  [2,1,1,1]
    FM_IN_PART     <375> ( L,U8b)[ 1, 1,    0, 1]:  L2( 0),   448,   448,    64, 28672,[  0,  0],     0 |||| FM_FULL        <374> ( L,S8b)[ 1, 1,    0, 1]: MSMC( 0),   576,   463,    80, 46102,[    22,     0], 3f5ea
    COEFF_IN_FINAL  <378> ( L,S8b)[ 1, 1,    0, 1]:  L2( 0),   192,    65,    80, 15360,[  0,  0],  7000
     Src_Flow [     0,     1,     1,     1] [     0,     0,     0]***[   420,    64,     1,     1] [   448,   420,     0]***[     0,     1,     1,     1] [     0,     0,     0]***[2]
    Src2_Flow [     0,     1,     1,     1] [     0,     0,     0]***[    65,    80,     1,     1] [   192, 15360,     0]***[     0,     1,     1,     1] [     0,     0,     0]***[2]
     Snk_Flow [     0,     1,     1,     1] [     0,     0,     0]***[   420,    80,     1,     1] [   576,   420, 46080]***[     0,     1,     1,     1] [     0,     0,     0]***[2]
Padding Info [Row, Col]: Actual  IN -> OUT : [ 1,  1] -> [ 1,  1],  To fill zero OUT: [ 0,  0], Virtual Pad(T,L,B,R): [ 0,  0,  0,  0]

 ------------- 94( 0, 110, 0, 3, 0) [64 x 20 x  20] => [64 x 20 x  20] | TIDL_ConvolutionLayer
 LINK_X_FM_IN_FULL_TO_PART      57982060256 :  [1,1,1,1]
    FM_FULL        <359> ( L,U8b)[ 1, 1,    0, 1]: MSMC( 0),   576,   463,    64, 36886,[  0,  0],    6a |||| FM_IN_PART     <380> ( L,U8b)[ 1, 1,    0, 1]:  L2( 0),   576,   576,    64, 36864,[     0,     0],     0
     Src_Flow [     0,     1,     1,     1] [     0,     0,     0]***[   463,    64,     1,     1] [   576,   463, 36864]***[     0,     1,     1,     1] [     0,     0,     0]***[2]
     Snk_Flow [     0,     1,     1,     1] [     0,     0,     0]***[   463,    64,     1,     1] [   576,   463,     0]***[     0,     1,     1,     1] [     0,     0,     0]***[2]
 LINK_X_COEFF_IN_ANY_TO_FINAL   58032391904 :  [1,1,1,1]
    COEFF_IN_STAGE <382> ( L,S8b)[ 1, 1,    0, 1]: MSMC( 0),   704,   577,    64, 45056,[  0,  0],3d8d00 |||| COEFF_IN_FINAL <383> ( L,S8b)[ 1, 1,    0, 1]:  L2( 0),   704,   577,    64, 45056,[     0,     0],  9000
     Src_Flow [     0,     1,     1,     1] [     0,     0,     0]***[   577,    64,     1,     1] [   704,   577, 45056]***[     0,     1,     1,     1] [     0,     0,     0]***[2]
     Snk_Flow [     0,     1,     1,     1] [     0,     0,     0]***[   577,    64,     1,     1] [   704,   577,     0]***[     0,     1,     1,     1] [     0,     0,     0]***[2]
 LINK_P                         58116277984 :  [2,1,1,1]
    FM_IN_PART     <380> ( L,U8b)[ 1, 1,    0, 1]:  L2( 0),   576,   576,    64, 36864,[  0,  0],     0 |||| FM_FULL        <379> ( L,U8b)[ 1, 1,    0, 1]: MSMC( 0),   576,   463,    64, 36886,[    22,     0],    6a
    COEFF_IN_FINAL  <383> ( L,S8b)[ 1, 1,    0, 1]:  L2( 0),   704,   577,    64, 45056,[  0,  0],  9000
     Src_Flow [     0,     1,     1,     1] [     0,     0,     0]***[   463,    64,     1,     1] [   576,   463,     0]***[     0,     1,     1,     1] [     1,     1,     1]***[2]
    Src2_Flow [     0,     1,     1,     1] [     0,     0,     0]***[   577,    64,     1,     1] [   704, 45056,     0]***[     0,     1,     1,     1] [     0,     0,     0]***[2]
     Snk_Flow [     0,     1,     1,     1] [     0,     0,     0]***[   419,    64,     1,     1] [   576,   419, 36864]***[     0,     1,     1,     1] [     0,     0,     0]***[2]
Padding Info [Row, Col]: Actual  IN -> OUT : [ 1,  1] -> [ 1,  1],  To fill zero OUT: [ 1,  1], Virtual Pad(T,L,B,R): [ 0,  0,  0,  0]

 ------------- 95( 0, 112, 0, 3, 0) [64 x 20 x  20] => [64 x 20 x  20] | TIDL_ConvolutionLayer
 LINK_X_FM_IN_FULL_TO_PART      59055802112 :  [1,1,1,1]
    FM_FULL        <379> ( L,U8b)[ 1, 1,    0, 1]: MSMC( 0),   576,   463,    64, 36886,[  0,  0],    6a |||| FM_IN_PART     <385> ( L,U8b)[ 1, 1,    0, 1]:  L2( 0),   576,   576,    64, 36864,[     0,     0],     0
     Src_Flow [     0,     1,     1,     1] [     0,     0,     0]***[   463,    64,     1,     1] [   576,   463, 36864]***[     0,     1,     1,     1] [     0,     0,     0]***[2]
     Snk_Flow [     0,     1,     1,     1] [     0,     0,     0]***[   463,    64,     1,     1] [   576,   463,     0]***[     0,     1,     1,     1] [     0,     0,     0]***[2]
 LINK_X_COEFF_IN_ANY_TO_FINAL   59106133760 :  [1,1,1,1]
    COEFF_IN_STAGE <387> ( L,S8b)[ 1, 1,    0, 1]: MSMC( 0),   704,   577,    64, 45056,[  0,  0],3e3d00 |||| COEFF_IN_FINAL <388> ( L,S8b)[ 1, 1,    0, 1]:  L2( 0),   704,   577,    64, 45056,[     0,     0],  9000
     Src_Flow [     0,     1,     1,     1] [     0,     0,     0]***[   577,    64,     1,     1] [   704,   577, 45056]***[     0,     1,     1,     1] [     0,     0,     0]***[2]
     Snk_Flow [     0,     1,     1,     1] [     0,     0,     0]***[   577,    64,     1,     1] [   704,   577,     0]***[     0,     1,     1,     1] [     0,     0,     0]***[2]
 LINK_P                         59190019840 :  [2,1,1,1]
    FM_IN_PART     <385> ( L,U8b)[ 1, 1,    0, 1]:  L2( 0),   576,   576,    64, 36864,[  0,  0],     0 |||| FM_FULL        <384> ( L,U8b)[ 1, 1,    0, 1]: MSMC( 0),   576,   463,    64, 36886,[    22,     0],    6a
    COEFF_IN_FINAL  <388> ( L,S8b)[ 1, 1,    0, 1]:  L2( 0),   704,   577,    64, 45056,[  0,  0],  9000
     Src_Flow [     0,     1,     1,     1] [     0,     0,     0]***[   463,    64,     1,     1] [   576,   463,     0]***[     0,     1,     1,     1] [     1,     1,     1]***[2]
    Src2_Flow [     0,     1,     1,     1] [     0,     0,     0]***[   577,    64,     1,     1] [   704, 45056,     0]***[     0,     1,     1,     1] [     0,     0,     0]***[2]
     Snk_Flow [     0,     1,     1,     1] [     0,     0,     0]***[   419,    64,     1,     1] [   576,   419, 36864]***[     0,     1,     1,     1] [     0,     0,     0]***[2]
Padding Info [Row, Col]: Actual  IN -> OUT : [ 1,  1] -> [ 1,  1],  To fill zero OUT: [ 0,  0], Virtual Pad(T,L,B,R): [ 0,  0,  0,  0]

 ------------- 96( 0, 114, 0, 3, 0) [64 x 20 x  20] => [4 x 20 x  20] | TIDL_ConvolutionLayer
 LINK_X_FM_IN_FULL_TO_PART      60129543968 :  [1,1,1,1]
    FM_FULL        <384> ( L,U8b)[ 1, 1,    0, 1]: MSMC( 0),   576,   463,    64, 36886,[ 22,  0],    6a |||| FM_IN_PART     <390> ( L,U8b)[ 1, 1,    0, 1]:  L2( 0),   448,   448,    64, 28672,[     0,     0],     0
     Src_Flow [     0,     1,     1,     1] [     0,     0,     0]***[   420,    64,     1,     1] [   576,   420, 36864]***[     0,     1,     1,     1] [     0,     0,     0]***[2]
     Snk_Flow [     0,     1,     1,     1] [     0,     0,     0]***[   420,    64,     1,     1] [   448,   420,     0]***[     0,     1,     1,     1] [     0,     0,     0]***[2]
 LINK_X_COEFF_IN_ANY_TO_FINAL   60179875616 :  [1,1,1,1]
    COEFF_IN_STAGE <392> ( L,S8b)[ 1, 1,    0, 1]: MSMC( 0),   192,    65,     4,   768,[  0,  0],4fe780 |||| COEFF_IN_FINAL <393> ( L,S8b)[ 1, 1,    0, 1]:  L2( 0),   192,    65,     4,   768,[     0,     0],  7000
     Src_Flow [     0,     1,     1,     1] [     0,     0,     0]***[    65,     4,     1,     1] [   192,    65,   768]***[     0,     1,     1,     1] [     0,     0,     0]***[2]
     Snk_Flow [     0,     1,     1,     1] [     0,     0,     0]***[    65,     4,     1,     1] [   192,    65,     0]***[     0,     1,     1,     1] [     0,     0,     0]***[2]
 LINK_P                         60263761696 :  [2,1,1,1]
    FM_IN_PART     <390> ( L,U8b)[ 1, 1,    0, 1]:  L2( 0),   448,   448,    64, 28672,[  0,  0],     0 |||| FM_FULL        <389> ( L,S8b)[ 1, 1,    0, 1]: MSMC( 0),   576,   463,     4,  2326,[    22,     0], 4aa6a
    COEFF_IN_FINAL  <393> ( L,S8b)[ 1, 1,    0, 1]:  L2( 0),   192,    65,     4,   768,[  0,  0],  7000
     Src_Flow [     0,     1,     1,     1] [     0,     0,     0]***[   420,    64,     1,     1] [   448,   420,     0]***[     0,     1,     1,     1] [     0,     0,     0]***[2]
    Src2_Flow [     0,     1,     1,     1] [     0,     0,     0]***[    65,     4,     1,     1] [   192,   768,     0]***[     0,     1,     1,     1] [     0,     0,     0]***[2]
     Snk_Flow [     0,     1,     1,     1] [     0,     0,     0]***[   420,     4,     1,     1] [   576,   420,  2304]***[     0,     1,     1,     1] [     0,     0,     0]***[2]
Padding Info [Row, Col]: Actual  IN -> OUT : [ 1,  1] -> [ 1,  1],  To fill zero OUT: [ 0,  0], Virtual Pad(T,L,B,R): [ 0,  0,  0,  0]

 ------------- 97( 0, 115, 0, 3, 0) [64 x 20 x  20] => [1 x 20 x  20] | TIDL_ConvolutionLayer
 LINK_X_FM_IN_FULL_TO_PART      60129543984 :  [1,1,1,1]
    FM_FULL        <384> ( L,U8b)[ 1, 1,    0, 1]: MSMC( 0),   576,   463,    64, 36886,[ 22,  0],    6a |||| FM_IN_PART     <395> ( L,U8b)[ 1, 1,    0, 1]:  L2( 0),   448,   448,    64, 28672,[     0,     0],     0
     Src_Flow [     0,     1,     1,     1] [     0,     0,     0]***[   420,    64,     1,     1] [   576,   420, 36864]***[     0,     1,     1,     1] [     0,     0,     0]***[2]
     Snk_Flow [     0,     1,     1,     1] [     0,     0,     0]***[   420,    64,     1,     1] [   448,   420,     0]***[     0,     1,     1,     1] [     0,     0,     0]***[2]
 LINK_X_COEFF_IN_ANY_TO_FINAL   60179875632 :  [1,1,1,1]
    COEFF_IN_STAGE <397> ( L,S8b)[ 1, 1,    0, 1]: MSMC( 0),   192,    65,     1,   256,[  0,  0],4ff980 |||| COEFF_IN_FINAL <398> ( L,S8b)[ 1, 1,    0, 1]:  L2( 0),   192,    65,     1,   256,[     0,     0],  7000
     Src_Flow [     0,     1,     1,     1] [     0,     0,     0]***[    65,     1,     1,     1] [   192,    65,   192]***[     0,     1,     1,     1] [     0,     0,     0]***[2]
     Snk_Flow [     0,     1,     1,     1] [     0,     0,     0]***[    65,     1,     1,     1] [   192,    65,     0]***[     0,     1,     1,     1] [     0,     0,     0]***[2]
 LINK_P                         60263761712 :  [2,1,1,1]
    FM_IN_PART     <395> ( L,U8b)[ 1, 1,    0, 1]:  L2( 0),   448,   448,    64, 28672,[  0,  0],     0 |||| FM_FULL        <394> ( L,S8b)[ 1, 1,    0, 1]: MSMC( 0),   576,   463,     1,   662,[    22,     0], 4b3ea
    COEFF_IN_FINAL  <398> ( L,S8b)[ 1, 1,    0, 1]:  L2( 0),   192,    65,     1,   256,[  0,  0],  7000
     Src_Flow [     0,     1,     1,     1] [     0,     0,     0]***[   420,    64,     1,     1] [   448,   420,     0]***[     0,     1,     1,     1] [     0,     0,     0]***[2]
    Src2_Flow [     0,     1,     1,     1] [     0,     0,     0]***[    65,     1,     1,     1] [   192,   192,     0]***[     0,     1,     1,     1] [     0,     0,     0]***[2]
     Snk_Flow [     0,     1,     1,     1] [     0,     0,     0]***[   420,     1,     1,     1] [   576,   420,   576]***[     0,     1,     1,     1] [     0,     0,     0]***[2]
Padding Info [Row, Col]: Actual  IN -> OUT : [ 1,  1] -> [ 1,  1],  To fill zero OUT: [ 0,  0], Virtual Pad(T,L,B,R): [ 0,  0,  0,  0]

 ------------- 98( 0, 116, 0, 86, 0) [85 x 20 x  20] => [85 x 20 x  20] | TIDL_ConcatLayer
 LINK_X_FM_IN_FULL_TO_PART      61203285824 :  [0,4,1,1]
    FM_FULL        <389> ( L,S8b)[ 4, 1,    0, 1]: MSMC( 0),   576,   463,     4,  2326,[ 22,  0], 4aa6a |||| FM_IN_PART     <400> (PP,S8b)[ 4, 1,    0, 1]:  L2( 0),   588,   588,     2,  1280,[     0,     0],     0
     Src_Flow [     0,     1,     1,     1] [     0,     0,     0]***[   420,     1,     4,     1] [   576,   576,   576]***[     0,     1,     1,     1] [     0,     0,     0]***[2]
     Snk_Flow [     0,     1,     1,     1] [     0,     0,     0]***[   420,     1,     2,     2] [   588,   588,     0]***[     0,     1,     1,     1] [     0,     0,     0]***[2]
 LINK_X_FM_IN_FULL_TO_PART      61740156736 :  [4,1,1,1]
    FM_FULL        <394> ( L,S8b)[ 1, 1,    0, 1]: MSMC( 0),   576,   463,     1,   662,[ 22,  0], 4b3ea |||| FM_IN_PART     <400> (PP,S8b)[ 1, 1,    0, 1]:  L2( 0),   588,   588,     2,  1280,[     0,     0],     0
     Src_Flow [     0,     1,     1,     1] [     0,     0,     0]***[   420,     1,     1,     1] [   576,   420,   576]***[     0,     1,     1,     1] [     0,     0,     0]***[2]
     Snk_Flow [     0,     1,     1,     1] [     0,     0,     0]***[   420,     1,     1,     1] [   588,   588,     0]***[     0,     1,     1,     1] [     0,     0,     0]***[2]
 LINK_X_FM_IN_FULL_TO_PART      60666414912 :  [5,80,1,1]
    FM_FULL        <374> ( L,S8b)[80, 1,    0, 1]: MSMC( 0),   576,   463,    80, 46102,[ 22,  0], 3f5ea |||| FM_IN_PART     <400> (PP,S8b)[80, 1,    0, 1]:  L2( 0),   588,   588,     2,  1280,[   588,     0],     0
     Src_Flow [     0,     1,     1,     1] [     0,     0,     0]***[   420,     1,    80,     1] [   576,   576,   576]***[     0,     1,     1,     1] [     0,     0,     0]***[2]
     Snk_Flow [     0,     1,     1,     1] [     0,     0,     0]***[   420,     1,     2,    40] [   588,  -588,     0]***[     0,     1,     1,     1] [     0,     0,     0]***[2]
 LINK_P                         61337503552 :  [1,4,1,1]
    FM_IN_PART     <400> (PP,S8b)[ 4, 1,    0, 1]:  L2( 0),   588,   588,     2,  1280,[  0,  0],     0 |||| FM_FULL        <399> ( L,S8b)[ 4, 1,    0, 1]: MSMC( 0),   448,   400,    85, 38144,[     0,     0],     0
     Src_Flow [     0,     1,     1,     1] [     0,     0,     0]***[   420,     1,     2,     2] [   588,   588,     0]***[     0,     1,     1,     1] [     0,     0,     0]***[2]
     Snk_Flow [     0,     1,     1,     1] [     0,     0,     0]***[   400,     1,     4,     1] [   448,   448,   448]***[     0,     1,     1,     1] [     0,     0,     0]***[2]
 LINK_P                         61874374464 :  [5,1,1,1]
    FM_IN_PART     <400> (PP,S8b)[ 1, 1,    0, 1]:  L2( 0),   588,   588,     2,  1280,[  0,  0],     0 |||| FM_FULL        <399> ( L,S8b)[ 1, 1,    0, 1]: MSMC( 0),   448,   400,    85, 38144,[  1792,     0],     0
     Src_Flow [     0,     1,     1,     1] [     0,     0,     0]***[   420,     1,     1,     1] [   588,   588,     0]***[     0,     1,     1,     1] [     0,     0,     0]***[2]
     Snk_Flow [     0,     1,     1,     1] [     0,     0,     0]***[   400,     1,     1,     1] [   448,   400,   448]***[     0,     1,     1,     1] [     0,     0,     0]***[2]
 LINK_P                         60800632640 :  [6,80,1,1]
    FM_IN_PART     <400> (PP,S8b)[80, 1,    0, 1]:  L2( 0),   588,   588,     2,  1280,[588,  0],     0 |||| FM_FULL        <399> ( L,S8b)[80, 1,    0, 1]: MSMC( 0),   448,   400,    85, 38144,[  2240,     0],     0
     Src_Flow [     0,     1,     1,     1] [     0,     0,     0]***[   420,     1,     2,    40] [   588,  -588,     0]***[     0,     1,     1,     1] [     0,     0,     0]***[2]
     Snk_Flow [     0,     1,     1,     1] [     0,     0,     0]***[   400,     1,    80,     1] [   448,   448,   448]***[     0,     1,     1,     1] [     0,     0,     0]***[2]
Padding Info [Row, Col]: Actual  IN -> OUT : [ 1,  1] -> [ 0,  0],  To fill zero OUT: [ 0,  0], Virtual Pad(T,L,B,R): [ 0,  0,  0,  0]

 ------------- 99( 0, 92, 0, 3, 0) [128 x 40 x  40] => [64 x 40 x  40] | TIDL_ConvolutionLayer
 LINK_X_FM_IN_FULL_TO_PART      48318383552 :  [1,1,1,1]
    FM_FULL        <320> ( L,U8b)[ 1, 1,    0, 1]: MSMC( 0),  1728,  1723,   128,221226,[ 42,  0],  9556 |||| FM_IN_PART     <402> ( L,U8b)[ 1, 1,    0, 1]:  L2( 0),  1728,  1728,   128,221184,[     0,     0],     0
     Src_Flow [     0,     1,     1,     1] [     0,     0,     0]***[  1640,   128,     1,     1] [  1728,  1640,221184]***[     0,     1,     1,     1] [     0,     0,     0]***[2]
     Snk_Flow [     0,     1,     1,     1] [     0,     0,     0]***[  1640,   128,     1,     1] [  1728,  1640,     0]***[     0,     1,     1,     1] [     0,     0,     0]***[2]
 LINK_X_COEFF_IN_ANY_TO_FINAL   48368715200 :  [1,1,1,1]
    COEFF_IN_STAGE <404> ( L,S8b)[ 1, 1,    0, 1]: MSMC( 0),   192,   129,    64, 12288,[  0,  0],4c6100 |||| COEFF_IN_FINAL <405> ( L,S8b)[ 1, 1,    0, 1]:  L2( 0),   192,   129,    64, 12288,[     0,     0], 36000
     Src_Flow [     0,     1,     1,     1] [     0,     0,     0]***[   129,    64,     1,     1] [   192,   129, 12288]***[     0,     1,     1,     1] [     0,     0,     0]***[2]
     Snk_Flow [     0,     1,     1,     1] [     0,     0,     0]***[   129,    64,     1,     1] [   192,   129,     0]***[     0,     1,     1,     1] [     0,     0,     0]***[2]
 LINK_P                         48452601280 :  [2,1,1,1]
    FM_IN_PART     <402> ( L,U8b)[ 1, 1,    0, 1]:  L2( 0),  1728,  1728,   128,221184,[  0,  0],     0 |||| FM_FULL        <401> ( L,U8b)[ 1, 1,    0, 1]: MSMC( 0),  1728,  1723,    64,110634,[    42,     0],  9556
    COEFF_IN_FINAL  <405> ( L,S8b)[ 1, 1,    0, 1]:  L2( 0),   192,   129,    64, 12288,[  0,  0], 36000
     Src_Flow [     0,     1,     1,     1] [     0,     0,     0]***[  1640,   128,     1,     1] [  1728,  1640,     0]***[     0,     1,     1,     1] [     0,     0,     0]***[2]
    Src2_Flow [     0,     1,     1,     1] [     0,     0,     0]***[   129,    64,     1,     1] [   192, 12288,     0]***[     0,     1,     1,     1] [     0,     0,     0]***[2]
     Snk_Flow [     0,     1,     1,     1] [     0,     0,     0]***[  1640,    64,     1,     1] [  1728,  1640,110592]***[     0,     1,     1,     1] [     0,     0,     0]***[2]
Padding Info [Row, Col]: Actual  IN -> OUT : [ 1,  1] -> [ 1,  1],  To fill zero OUT: [ 1,  1], Virtual Pad(T,L,B,R): [ 0,  0,  0,  0]

 ------------- 100( 0, 94, 0, 3, 0) [64 x 40 x  40] => [64 x 40 x  40] | TIDL_ConvolutionLayer
 LINK_X_FM_IN_FULL_TO_PART      49392125408 :  [1,1,1,1]
    FM_FULL        <401> ( L,U8b)[ 1, 1,    0, 1]: MSMC( 0),  1728,  1723,    64,110634,[  0,  0],  9556 |||| FM_IN_PART     <407> ( L,U8b)[ 1, 1,    0, 1]:  L2( 0),  1728,  1728,    64,110592,[     0,     0],     0
     Src_Flow [     0,     1,     1,     1] [     0,     0,     0]***[  1723,    64,     1,     1] [  1728,  1723,110592]***[     0,     1,     1,     1] [     0,     0,     0]***[2]
     Snk_Flow [     0,     1,     1,     1] [     0,     0,     0]***[  1723,    64,     1,     1] [  1728,  1723,     0]***[     0,     1,     1,     1] [     0,     0,     0]***[2]
 LINK_X_COEFF_IN_ANY_TO_FINAL   49442457056 :  [1,1,1,1]
    COEFF_IN_STAGE <409> ( L,S8b)[ 1, 1,    0, 1]: MSMC( 0),   704,   577,    64, 45056,[  0,  0],3eed00 |||| COEFF_IN_FINAL <410> ( L,S8b)[ 1, 1,    0, 1]:  L2( 0),   704,   577,    64, 45056,[     0,     0], 1b000
     Src_Flow [     0,     1,     1,     1] [     0,     0,     0]***[   577,    64,     1,     1] [   704,   577, 45056]***[     0,     1,     1,     1] [     0,     0,     0]***[2]
     Snk_Flow [     0,     1,     1,     1] [     0,     0,     0]***[   577,    64,     1,     1] [   704,   577,     0]***[     0,     1,     1,     1] [     0,     0,     0]***[2]
 LINK_P                         49526343136 :  [2,1,1,1]
    FM_IN_PART     <407> ( L,U8b)[ 1, 1,    0, 1]:  L2( 0),  1728,  1728,    64,110592,[  0,  0],     0 |||| FM_FULL        <406> ( L,U8b)[ 1, 1,    0, 1]: MSMC( 0),  1728,  1723,    64,110634,[    42,     0], 245d6
    COEFF_IN_FINAL  <410> ( L,S8b)[ 1, 1,    0, 1]:  L2( 0),   704,   577,    64, 45056,[  0,  0], 1b000
     Src_Flow [     0,     1,     1,     1] [     0,     0,     0]***[  1723,    64,     1,     1] [  1728,  1723,     0]***[     0,     1,     1,     1] [     1,     1,     1]***[2]
    Src2_Flow [     0,     1,     1,     1] [     0,     0,     0]***[   577,    64,     1,     1] [   704, 45056,     0]***[     0,     1,     1,     1] [     0,     0,     0]***[2]
     Snk_Flow [     0,     1,     1,     1] [     0,     0,     0]***[  1639,    64,     1,     1] [  1728,  1639,110592]***[     0,     1,     1,     1] [     0,     0,     0]***[2]
Padding Info [Row, Col]: Actual  IN -> OUT : [ 1,  1] -> [ 1,  1],  To fill zero OUT: [ 1,  1], Virtual Pad(T,L,B,R): [ 0,  0,  0,  0]

 ------------- 101( 0, 98, 0, 3, 0) [64 x 40 x  40] => [64 x 40 x  40] | TIDL_ConvolutionLayer
 LINK_X_FM_IN_FULL_TO_PART      50465867296 :  [1,1,1,1]
    FM_FULL        <406> ( L,U8b)[ 1, 1,    0, 1]: MSMC( 0),  1728,  1723,    64,110634,[  0,  0], 245d6 |||| FM_IN_PART     <412> ( L,U8b)[ 1, 1,    0, 1]:  L2( 0),  1728,  1728,    64,110592,[     0,     0],     0
     Src_Flow [     0,     1,     1,     1] [     0,     0,     0]***[  1723,    64,     1,     1] [  1728,  1723,110592]***[     0,     1,     1,     1] [     0,     0,     0]***[2]
     Snk_Flow [     0,     1,     1,     1] [     0,     0,     0]***[  1723,    64,     1,     1] [  1728,  1723,     0]***[     0,     1,     1,     1] [     0,     0,     0]***[2]
 LINK_X_COEFF_IN_ANY_TO_FINAL   50516198944 :  [1,1,1,1]
    COEFF_IN_STAGE <414> ( L,S8b)[ 1, 1,    0, 1]: MSMC( 0),   704,   577,    64, 45056,[  0,  0],3f9d00 |||| COEFF_IN_FINAL <415> ( L,S8b)[ 1, 1,    0, 1]:  L2( 0),   704,   577,    64, 45056,[     0,     0], 1b000
     Src_Flow [     0,     1,     1,     1] [     0,     0,     0]***[   577,    64,     1,     1] [   704,   577, 45056]***[     0,     1,     1,     1] [     0,     0,     0]***[2]
     Snk_Flow [     0,     1,     1,     1] [     0,     0,     0]***[   577,    64,     1,     1] [   704,   577,     0]***[     0,     1,     1,     1] [     0,     0,     0]***[2]
 LINK_P                         50600085024 :  [2,1,1,1]
    FM_IN_PART     <412> ( L,U8b)[ 1, 1,    0, 1]:  L2( 0),  1728,  1728,    64,110592,[  0,  0],     0 |||| FM_FULL        <411> ( L,U8b)[ 1, 1,    0, 1]: MSMC( 0),  1728,  1723,    64,110634,[    42,     0], 3fa56
    COEFF_IN_FINAL  <415> ( L,S8b)[ 1, 1,    0, 1]:  L2( 0),   704,   577,    64, 45056,[  0,  0], 1b000
     Src_Flow [     0,     1,     1,     1] [     0,     0,     0]***[  1723,    64,     1,     1] [  1728,  1723,     0]***[     0,     1,     1,     1] [     1,     1,     1]***[2]
    Src2_Flow [     0,     1,     1,     1] [     0,     0,     0]***[   577,    64,     1,     1] [   704, 45056,     0]***[     0,     1,     1,     1] [     0,     0,     0]***[2]
     Snk_Flow [     0,     1,     1,     1] [     0,     0,     0]***[  1639,    64,     1,     1] [  1728,  1639,110592]***[     0,     1,     1,     1] [     0,     0,     0]***[2]
Padding Info [Row, Col]: Actual  IN -> OUT : [ 1,  1] -> [ 1,  1],  To fill zero OUT: [ 0,  0], Virtual Pad(T,L,B,R): [ 0,  0,  0,  0]

 ------------- 102( 0, 101, 0, 3, 0) [64 x 40 x  40] => [80 x 40 x  40] | TIDL_ConvolutionLayer
 LINK_X_FM_IN_FULL_TO_PART      52613350992 :  [1,1,1,1]
    FM_FULL        <411> ( L,U8b)[ 1, 1,    0, 1]: MSMC( 0),  1728,  1723,    64,110634,[ 42,  0], 3fa56 |||| FM_IN_PART     <417> ( L,U8b)[ 1, 1,    0, 1]:  L2( 0),  1728,  1728,    64,110592,[     0,     0],     0
     Src_Flow [     0,     1,     1,     1] [     0,     0,     0]***[  1640,    64,     1,     1] [  1728,  1640,110592]***[     0,     1,     1,     1] [     0,     0,     0]***[2]
     Snk_Flow [     0,     1,     1,     1] [     0,     0,     0]***[  1640,    64,     1,     1] [  1728,  1640,     0]***[     0,     1,     1,     1] [     0,     0,     0]***[2]
 LINK_X_COEFF_IN_ANY_TO_FINAL   52663682640 :  [1,1,1,1]
    COEFF_IN_STAGE <419> ( L,S8b)[ 1, 1,    0, 1]: MSMC( 0),   192,    65,    80, 15360,[  0,  0],4bc500 |||| COEFF_IN_FINAL <420> ( L,S8b)[ 1, 1,    0, 1]:  L2( 0),   192,    65,    80, 15360,[     0,     0], 1b000
     Src_Flow [     0,     1,     1,     1] [     0,     0,     0]***[    65,    80,     1,     1] [   192,    65, 15360]***[     0,     1,     1,     1] [     0,     0,     0]***[2]
     Snk_Flow [     0,     1,     1,     1] [     0,     0,     0]***[    65,    80,     1,     1] [   192,    65,     0]***[     0,     1,     1,     1] [     0,     0,     0]***[2]
 LINK_P                         52747568720 :  [2,1,1,1]
    FM_IN_PART     <417> ( L,U8b)[ 1, 1,    0, 1]:  L2( 0),  1728,  1728,    64,110592,[  0,  0],     0 |||| FM_FULL        <416> ( L,S8b)[ 1, 1,    0, 1]: MSMC( 0),  1728,  1723,    80,138282,[    42,     0], 2a8d6
    COEFF_IN_FINAL  <420> ( L,S8b)[ 1, 1,    0, 1]:  L2( 0),   192,    65,    80, 15360,[  0,  0], 1b000
     Src_Flow [     0,     1,     1,     1] [     0,     0,     0]***[  1640,    64,     1,     1] [  1728,  1640,     0]***[     0,     1,     1,     1] [     0,     0,     0]***[2]
    Src2_Flow [     0,     1,     1,     1] [     0,     0,     0]***[    65,    80,     1,     1] [   192, 15360,     0]***[     0,     1,     1,     1] [     0,     0,     0]***[2]
     Snk_Flow [     0,     1,     1,     1] [     0,     0,     0]***[  1640,    80,     1,     1] [  1728,  1640,138240]***[     0,     1,     1,     1] [     0,     0,     0]***[2]
Padding Info [Row, Col]: Actual  IN -> OUT : [ 1,  1] -> [ 1,  1],  To fill zero OUT: [ 0,  0], Virtual Pad(T,L,B,R): [ 0,  0,  0,  0]

 ------------- 103( 0, 95, 0, 3, 0) [64 x 40 x  40] => [64 x 40 x  40] | TIDL_ConvolutionLayer
 LINK_X_FM_IN_FULL_TO_PART      49392125424 :  [1,1,1,1]
    FM_FULL        <401> ( L,U8b)[ 1, 1,    0, 1]: MSMC( 0),  1728,  1723,    64,110634,[  0,  0],  9556 |||| FM_IN_PART     <422> ( L,U8b)[ 1, 1,    0, 1]:  L2( 0),  1728,  1728,    64,110592,[     0,     0],     0
     Src_Flow [     0,     1,     1,     1] [     0,     0,     0]***[  1723,    64,     1,     1] [  1728,  1723,110592]***[     0,     1,     1,     1] [     0,     0,     0]***[2]
     Snk_Flow [     0,     1,     1,     1] [     0,     0,     0]***[  1723,    64,     1,     1] [  1728,  1723,     0]***[     0,     1,     1,     1] [     0,     0,     0]***[2]
 LINK_X_COEFF_IN_ANY_TO_FINAL   49442457072 :  [1,1,1,1]
    COEFF_IN_STAGE <424> ( L,S8b)[ 1, 1,    0, 1]: MSMC( 0),   704,   577,    64, 45056,[  0,  0],404d00 |||| COEFF_IN_FINAL <425> ( L,S8b)[ 1, 1,    0, 1]:  L2( 0),   704,   577,    64, 45056,[     0,     0], 1b000
     Src_Flow [     0,     1,     1,     1] [     0,     0,     0]***[   577,    64,     1,     1] [   704,   577, 45056]***[     0,     1,     1,     1] [     0,     0,     0]***[2]
     Snk_Flow [     0,     1,     1,     1] [     0,     0,     0]***[   577,    64,     1,     1] [   704,   577,     0]***[     0,     1,     1,     1] [     0,     0,     0]***[2]
 LINK_P                         49526343152 :  [2,1,1,1]
    FM_IN_PART     <422> ( L,U8b)[ 1, 1,    0, 1]:  L2( 0),  1728,  1728,    64,110592,[  0,  0],     0 |||| FM_FULL        <421> ( L,U8b)[ 1, 1,    0, 1]: MSMC( 0),  1728,  1723,    64,110634,[    42,     0],  9556
    COEFF_IN_FINAL  <425> ( L,S8b)[ 1, 1,    0, 1]:  L2( 0),   704,   577,    64, 45056,[  0,  0], 1b000
     Src_Flow [     0,     1,     1,     1] [     0,     0,     0]***[  1723,    64,     1,     1] [  1728,  1723,     0]***[     0,     1,     1,     1] [     1,     1,     1]***[2]
    Src2_Flow [     0,     1,     1,     1] [     0,     0,     0]***[   577,    64,     1,     1] [   704, 45056,     0]***[     0,     1,     1,     1] [     0,     0,     0]***[2]
     Snk_Flow [     0,     1,     1,     1] [     0,     0,     0]***[  1639,    64,     1,     1] [  1728,  1639,110592]***[     0,     1,     1,     1] [     0,     0,     0]***[2]
Padding Info [Row, Col]: Actual  IN -> OUT : [ 1,  1] -> [ 1,  1],  To fill zero OUT: [ 1,  1], Virtual Pad(T,L,B,R): [ 0,  0,  0,  0]

 ------------- 104( 0, 99, 0, 3, 0) [64 x 40 x  40] => [64 x 40 x  40] | TIDL_ConvolutionLayer
 LINK_X_FM_IN_FULL_TO_PART      51002738224 :  [1,1,1,1]
    FM_FULL        <421> ( L,U8b)[ 1, 1,    0, 1]: MSMC( 0),  1728,  1723,    64,110634,[  0,  0],  9556 |||| FM_IN_PART     <427> ( L,U8b)[ 1, 1,    0, 1]:  L2( 0),  1728,  1728,    64,110592,[     0,     0],     0
     Src_Flow [     0,     1,     1,     1] [     0,     0,     0]***[  1723,    64,     1,     1] [  1728,  1723,110592]***[     0,     1,     1,     1] [     0,     0,     0]***[2]
     Snk_Flow [     0,     1,     1,     1] [     0,     0,     0]***[  1723,    64,     1,     1] [  1728,  1723,     0]***[     0,     1,     1,     1] [     0,     0,     0]***[2]
 LINK_X_COEFF_IN_ANY_TO_FINAL   51053069872 :  [1,1,1,1]
    COEFF_IN_STAGE <429> ( L,S8b)[ 1, 1,    0, 1]: MSMC( 0),   704,   577,    64, 45056,[  0,  0],40fd00 |||| COEFF_IN_FINAL <430> ( L,S8b)[ 1, 1,    0, 1]:  L2( 0),   704,   577,    64, 45056,[     0,     0], 1b000
     Src_Flow [     0,     1,     1,     1] [     0,     0,     0]***[   577,    64,     1,     1] [   704,   577, 45056]***[     0,     1,     1,     1] [     0,     0,     0]***[2]
     Snk_Flow [     0,     1,     1,     1] [     0,     0,     0]***[   577,    64,     1,     1] [   704,   577,     0]***[     0,     1,     1,     1] [     0,     0,     0]***[2]
 LINK_P                         51136955952 :  [2,1,1,1]
    FM_IN_PART     <427> ( L,U8b)[ 1, 1,    0, 1]:  L2( 0),  1728,  1728,    64,110592,[  0,  0],     0 |||| FM_FULL        <426> ( L,U8b)[ 1, 1,    0, 1]: MSMC( 0),  1728,  1723,    64,110634,[    42,     0],  9556
    COEFF_IN_FINAL  <430> ( L,S8b)[ 1, 1,    0, 1]:  L2( 0),   704,   577,    64, 45056,[  0,  0], 1b000
     Src_Flow [     0,     1,     1,     1] [     0,     0,     0]***[  1723,    64,     1,     1] [  1728,  1723,     0]***[     0,     1,     1,     1] [     1,     1,     1]***[2]
    Src2_Flow [     0,     1,     1,     1] [     0,     0,     0]***[   577,    64,     1,     1] [   704, 45056,     0]***[     0,     1,     1,     1] [     0,     0,     0]***[2]
     Snk_Flow [     0,     1,     1,     1] [     0,     0,     0]***[  1639,    64,     1,     1] [  1728,  1639,110592]***[     0,     1,     1,     1] [     0,     0,     0]***[2]
Padding Info [Row, Col]: Actual  IN -> OUT : [ 1,  1] -> [ 1,  1],  To fill zero OUT: [ 0,  0], Virtual Pad(T,L,B,R): [ 0,  0,  0,  0]

 ------------- 105( 0, 102, 0, 3, 0) [64 x 40 x  40] => [4 x 40 x  40] | TIDL_ConvolutionLayer
 LINK_X_FM_IN_FULL_TO_PART      53150221920 :  [1,1,1,1]
    FM_FULL        <426> ( L,U8b)[ 1, 1,    0, 1]: MSMC( 0),  1728,  1723,    64,110634,[ 42,  0],  9556 |||| FM_IN_PART     <432> ( L,U8b)[ 1, 1,    0, 1]:  L2( 0),  1728,  1728,    64,110592,[     0,     0],     0
     Src_Flow [     0,     1,     1,     1] [     0,     0,     0]***[  1640,    64,     1,     1] [  1728,  1640,110592]***[     0,     1,     1,     1] [     0,     0,     0]***[2]
     Snk_Flow [     0,     1,     1,     1] [     0,     0,     0]***[  1640,    64,     1,     1] [  1728,  1640,     0]***[     0,     1,     1,     1] [     0,     0,     0]***[2]
 LINK_X_COEFF_IN_ANY_TO_FINAL   53200553568 :  [1,1,1,1]
    COEFF_IN_STAGE <434> ( L,S8b)[ 1, 1,    0, 1]: MSMC( 0),   192,    65,     4,   768,[  0,  0],4fea80 |||| COEFF_IN_FINAL <435> ( L,S8b)[ 1, 1,    0, 1]:  L2( 0),   192,    65,     4,   768,[     0,     0], 1b000
     Src_Flow [     0,     1,     1,     1] [     0,     0,     0]***[    65,     4,     1,     1] [   192,    65,   768]***[     0,     1,     1,     1] [     0,     0,     0]***[2]
     Snk_Flow [     0,     1,     1,     1] [     0,     0,     0]***[    65,     4,     1,     1] [   192,    65,     0]***[     0,     1,     1,     1] [     0,     0,     0]***[2]
 LINK_P                         53284439648 :  [2,1,1,1]
    FM_IN_PART     <432> ( L,U8b)[ 1, 1,    0, 1]:  L2( 0),  1728,  1728,    64,110592,[  0,  0],     0 |||| FM_FULL        <431> ( L,S8b)[ 1, 1,    0, 1]: MSMC( 0),  1728,  1723,     4,  6954,[    42,     0], 245d6
    COEFF_IN_FINAL  <435> ( L,S8b)[ 1, 1,    0, 1]:  L2( 0),   192,    65,     4,   768,[  0,  0], 1b000
     Src_Flow [     0,     1,     1,     1] [     0,     0,     0]***[  1640,    64,     1,     1] [  1728,  1640,     0]***[     0,     1,     1,     1] [     0,     0,     0]***[2]
    Src2_Flow [     0,     1,     1,     1] [     0,     0,     0]***[    65,     4,     1,     1] [   192,   768,     0]***[     0,     1,     1,     1] [     0,     0,     0]***[2]
     Snk_Flow [     0,     1,     1,     1] [     0,     0,     0]***[  1640,     4,     1,     1] [  1728,  1640,  6912]***[     0,     1,     1,     1] [     0,     0,     0]***[2]
Padding Info [Row, Col]: Actual  IN -> OUT : [ 1,  1] -> [ 1,  1],  To fill zero OUT: [ 0,  0], Virtual Pad(T,L,B,R): [ 0,  0,  0,  0]

 ------------- 106( 0, 103, 0, 3, 0) [64 x 40 x  40] => [1 x 40 x  40] | TIDL_ConvolutionLayer
 LINK_X_FM_IN_FULL_TO_PART      53150221936 :  [1,1,1,1]
    FM_FULL        <426> ( L,U8b)[ 1, 1,    0, 1]: MSMC( 0),  1728,  1723,    64,110634,[ 42,  0],  9556 |||| FM_IN_PART     <437> ( L,U8b)[ 1, 1,    0, 1]:  L2( 0),  1728,  1728,    64,110592,[     0,     0],     0
     Src_Flow [     0,     1,     1,     1] [     0,     0,     0]***[  1640,    64,     1,     1] [  1728,  1640,110592]***[     0,     1,     1,     1] [     0,     0,     0]***[2]
     Snk_Flow [     0,     1,     1,     1] [     0,     0,     0]***[  1640,    64,     1,     1] [  1728,  1640,     0]***[     0,     1,     1,     1] [     0,     0,     0]***[2]
 LINK_X_COEFF_IN_ANY_TO_FINAL   53200553584 :  [1,1,1,1]
    COEFF_IN_STAGE <439> ( L,S8b)[ 1, 1,    0, 1]: MSMC( 0),   192,    65,     1,   256,[  0,  0],4ff880 |||| COEFF_IN_FINAL <440> ( L,S8b)[ 1, 1,    0, 1]:  L2( 0),   192,    65,     1,   256,[     0,     0], 1b000
     Src_Flow [     0,     1,     1,     1] [     0,     0,     0]***[    65,     1,     1,     1] [   192,    65,   192]***[     0,     1,     1,     1] [     0,     0,     0]***[2]
     Snk_Flow [     0,     1,     1,     1] [     0,     0,     0]***[    65,     1,     1,     1] [   192,    65,     0]***[     0,     1,     1,     1] [     0,     0,     0]***[2]
 LINK_P                         53284439664 :  [2,1,1,1]
    FM_IN_PART     <437> ( L,U8b)[ 1, 1,    0, 1]:  L2( 0),  1728,  1728,    64,110592,[  0,  0],     0 |||| FM_FULL        <436> ( L,S8b)[ 1, 1,    0, 1]: MSMC( 0),  1728,  1723,     1,  1834,[    42,     0], 4c556
    COEFF_IN_FINAL  <440> ( L,S8b)[ 1, 1,    0, 1]:  L2( 0),   192,    65,     1,   256,[  0,  0], 1b000
     Src_Flow [     0,     1,     1,     1] [     0,     0,     0]***[  1640,    64,     1,     1] [  1728,  1640,     0]***[     0,     1,     1,     1] [     0,     0,     0]***[2]
    Src2_Flow [     0,     1,     1,     1] [     0,     0,     0]***[    65,     1,     1,     1] [   192,   192,     0]***[     0,     1,     1,     1] [     0,     0,     0]***[2]
     Snk_Flow [     0,     1,     1,     1] [     0,     0,     0]***[  1640,     1,     1,     1] [  1728,  1640,  1728]***[     0,     1,     1,     1] [     0,     0,     0]***[2]
Padding Info [Row, Col]: Actual  IN -> OUT : [ 1,  1] -> [ 1,  1],  To fill zero OUT: [ 0,  0], Virtual Pad(T,L,B,R): [ 0,  0,  0,  0]

 ------------- 107( 0, 105, 0, 86, 0) [85 x 40 x  40] => [85 x 40 x  40] | TIDL_ConcatLayer
 LINK_X_FM_IN_FULL_TO_PART      54760834704 :  [0,4,1,1]
    FM_FULL        <431> ( L,S8b)[ 4, 1,    0, 1]: MSMC( 0),  1728,  1723,     4,  6954,[ 42,  0], 245d6 |||| FM_IN_PART     <442> (PP,S8b)[ 4, 1,    0, 1]:  L2( 0),  1763,  1763,     2,  3584,[     0,     0],     0
     Src_Flow [     0,     1,     1,     1] [     0,     0,     0]***[  1640,     1,     4,     1] [  1728,  1728,  1728]***[     0,     1,     1,     1] [     0,     0,     0]***[2]
     Snk_Flow [     0,     1,     1,     1] [     0,     0,     0]***[  1640,     1,     2,     2] [  1763,  1763,     0]***[     0,     1,     1,     1] [     0,     0,     0]***[2]
 LINK_X_FM_IN_FULL_TO_PART      55297705616 :  [4,1,1,1]
    FM_FULL        <436> ( L,S8b)[ 1, 1,    0, 1]: MSMC( 0),  1728,  1723,     1,  1834,[ 42,  0], 4c556 |||| FM_IN_PART     <442> (PP,S8b)[ 1, 1,    0, 1]:  L2( 0),  1763,  1763,     2,  3584,[     0,     0],     0
     Src_Flow [     0,     1,     1,     1] [     0,     0,     0]***[  1640,     1,     1,     1] [  1728,  1640,  1728]***[     0,     1,     1,     1] [     0,     0,     0]***[2]
     Snk_Flow [     0,     1,     1,     1] [     0,     0,     0]***[  1640,     1,     1,     1] [  1763,  1763,     0]***[     0,     1,     1,     1] [     0,     0,     0]***[2]
 LINK_X_FM_IN_FULL_TO_PART      54223963792 :  [5,80,1,1]
    FM_FULL        <416> ( L,S8b)[80, 1,    0, 1]: MSMC( 0),  1728,  1723,    80,138282,[ 42,  0], 2a8d6 |||| FM_IN_PART     <442> (PP,S8b)[80, 1,    0, 1]:  L2( 0),  1763,  1763,     2,  3584,[  1763,     0],     0
     Src_Flow [     0,     1,     1,     1] [     0,     0,     0]***[  1640,     1,    80,     1] [  1728,  1728,  1728]***[     0,     1,     1,     1] [     0,     0,     0]***[2]
     Snk_Flow [     0,     1,     1,     1] [     0,     0,     0]***[  1640,     1,     2,    40] [  1763, -1763,     0]***[     0,     1,     1,     1] [     0,     0,     0]***[2]
 LINK_P                         54895052432 :  [1,4,1,1]
    FM_IN_PART     <442> (PP,S8b)[ 4, 1,    0, 1]:  L2( 0),  1763,  1763,     2,  3584,[  0,  0],     0 |||| FM_FULL        <441> ( L,S8b)[ 4, 1,    0, 1]: MSMC( 0),  1600,  1600,    85,136064,[     0,     0],  9500
     Src_Flow [     0,     1,     1,     1] [     0,     0,     0]***[  1640,     1,     2,     2] [  1763,  1763,     0]***[     0,     1,     1,     1] [     0,     0,     0]***[2]
     Snk_Flow [     0,     1,     1,     1] [     0,     0,     0]***[  1600,     1,     4,     1] [  1600,  1600,  1600]***[     0,     1,     1,     1] [     0,     0,     0]***[2]
 LINK_P                         55431923344 :  [5,1,1,1]
    FM_IN_PART     <442> (PP,S8b)[ 1, 1,    0, 1]:  L2( 0),  1763,  1763,     2,  3584,[  0,  0],     0 |||| FM_FULL        <441> ( L,S8b)[ 1, 1,    0, 1]: MSMC( 0),  1600,  1600,    85,136064,[  6400,     0],  9500
     Src_Flow [     0,     1,     1,     1] [     0,     0,     0]***[  1640,     1,     1,     1] [  1763,  1763,     0]***[     0,     1,     1,     1] [     0,     0,     0]***[2]
     Snk_Flow [     0,     1,     1,     1] [     0,     0,     0]***[  1600,     1,     1,     1] [  1600,  1600,  1600]***[     0,     1,     1,     1] [     0,     0,     0]***[2]
 LINK_P                         54358181520 :  [6,80,1,1]
    FM_IN_PART     <442> (PP,S8b)[80, 1,    0, 1]:  L2( 0),  1763,  1763,     2,  3584,[1763,  0],     0 |||| FM_FULL        <441> ( L,S8b)[80, 1,    0, 1]: MSMC( 0),  1600,  1600,    85,136064,[  8000,     0],  9500
     Src_Flow [     0,     1,     1,     1] [     0,     0,     0]***[  1640,     1,     2,    40] [  1763, -1763,     0]***[     0,     1,     1,     1] [     0,     0,     0]***[2]
     Snk_Flow [     0,     1,     1,     1] [     0,     0,     0]***[  1600,     1,    80,     1] [  1600,  1600,  1600]***[     0,     1,     1,     1] [     0,     0,     0]***[2]
Padding Info [Row, Col]: Actual  IN -> OUT : [ 1,  1] -> [ 0,  0],  To fill zero OUT: [ 0,  0], Virtual Pad(T,L,B,R): [ 0,  0,  0,  0]

 ------------- 108( 0, 75, 0, 4, 0) [64 x 80 x  80] => [64 x 80 x  80] | TIDL_ConvolutionLayer
 LINK_X_FM_IN_FULL_TO_PART      39191577776 :  [1,2,1,1]
    FM_FULL        <286> ( L,U8b)[ 2, 1,    0, 1]: MSMC( 0),  6720,  6643,    64,430162,[ 82,  0], 96dae |||| FM_IN_PART     <444> ( L,U8b)[ 2, 1,    0, 1]:  L2( 0),  6848,  6848,    64,438272,[     0,     0],     0
     Src_Flow [     0,     1,     1,     1] [     0,     0,     0]***[  3392,    64,     1,     1] [  6720,  3392,430080]***[  3088,    64,     1,     1] [  6720,  3392,     0]***[2]
     Snk_Flow [     0,     1,     1,     1] [     0,     0,     0]***[  3392,    64,     1,     1] [  6848,  3392,     0]***[  3088,    64,     1,     1] [  6848,  3392,     0]***[2]
 LINK_X_COEFF_IN_ANY_TO_FINAL   39241909424 :  [1,1,1,1]
    COEFF_IN_STAGE <446> ( L,S8b)[ 1, 1,    0, 1]: MSMC( 0),   192,    65,    64, 12288,[  0,  0],4d8100 |||| COEFF_IN_FINAL <447> ( L,S8b)[ 1, 1,    0, 1]:  L2( 0),   192,    65,    64, 12288,[     0,     0], 6b000
     Src_Flow [     0,     1,     1,     1] [     0,     0,     0]***[    65,    64,     1,     1] [   192,    65, 12288]***[     0,     1,     1,     1] [     0,     0,     0]***[2]
     Snk_Flow [     0,     1,     1,     1] [     0,     0,     0]***[    65,    64,     1,     1] [   192,    65,     0]***[     0,     1,     1,     1] [     0,     0,     0]***[2]
 LINK_P                         39325795504 :  [2,2,1,1]
    FM_IN_PART     <444> ( L,U8b)[ 2, 1,    0, 1]:  L2( 0),  6848,  6848,    64,438272,[  0,  0],     0 |||| FM_FULL        <443> ( L,U8b)[ 2, 1,    0, 1]: MSMC( 0),  6720,  6643,    64,430162,[    82,     0], add2e
    COEFF_IN_FINAL  <447> ( L,S8b)[ 1, 1,    0, 1]:  L2( 0),   192,    65,    64, 12288,[  0,  0], 6b000
     Src_Flow [     0,     1,     1,     1] [     0,     0,     0]***[  3392,    64,     1,     1] [  6848,  3392,     0]***[  3088,    64,     1,     1] [  6848,  3392,     0]***[2]
    Src2_Flow [     0,     1,     1,     1] [     0,     0,     0]***[    65,    64,     1,     1] [   192, 12288,     0]***[     0,     1,     1,     1] [     0,     0,     0]***[2]
     Snk_Flow [     0,     1,     1,     1] [     0,     0,     0]***[  3392,    64,     1,     1] [  6720,  3392,430080]***[  3088,    64,     1,     1] [  6720,  3392,     0]***[2]
Padding Info [Row, Col]: Actual  IN -> OUT : [ 1,  1] -> [ 1,  1],  To fill zero OUT: [ 1,  1], Virtual Pad(T,L,B,R): [ 0,  0,  0,  0]

 ------------- 109( 0, 77, 0, 5, 0) [64 x 80 x  80] => [64 x 80 x  80] | TIDL_ConvolutionLayer
 LINK_X_FM_IN_FULL_TO_PART      40265319632 :  [1,3,1,1]
    FM_FULL        <443> ( L,U8b)[ 3, 1,    0, 1]: MSMC( 0),  6720,  6643,    64,430162,[  0,  0], add2e |||| FM_IN_PART     <449> ( L,U8b)[ 3, 1,    0, 1]:  L2( 0),  6336,  6336,    64,408576,[     0,     0],     0
     Src_Flow [  3264,    64,     1,     1] [  6720,  3264,     0]***[  3072,    64,     1,     1] [  6720,  3072,430080]***[   307,    64,     1,     1] [  6720,  3072,     0]***[2]
     Snk_Flow [  3264,    64,     1,     1] [  6336,  3264,     0]***[  3072,    64,     1,     1] [  6336,  3072,     0]***[   307,    64,     1,     1] [  6336,  3072,     0]***[2]
 LINK_X_COEFF_IN_ANY_TO_FINAL   40315651280 :  [1,1,1,1]
    COEFF_IN_STAGE <451> ( L,S8b)[ 1, 1,    0, 1]: MSMC( 0),   704,   577,    64, 45056,[  0,  0],41ad00 |||| COEFF_IN_FINAL <452> ( L,S8b)[ 1, 1,    0, 1]:  L2( 0),   704,   577,    64, 45056,[     0,     0], 63c00
     Src_Flow [     0,     1,     1,     1] [     0,     0,     0]***[   577,    64,     1,     1] [   704,   577, 45056]***[     0,     1,     1,     1] [     0,     0,     0]***[2]
     Snk_Flow [     0,     1,     1,     1] [     0,     0,     0]***[   577,    64,     1,     1] [   704,   577,     0]***[     0,     1,     1,     1] [     0,     0,     0]***[2]
 LINK_P                         40399537360 :  [2,3,1,1]
    FM_IN_PART     <449> ( L,U8b)[ 3, 1,    0, 1]:  L2( 0),  6336,  6336,    64,408576,[  0,  0],     0 |||| FM_FULL        <448> ( L,U8b)[ 3, 1,    0, 1]: MSMC( 0),  6720,  6643,    64,430162,[    82,     0], 2a8ae
    COEFF_IN_FINAL  <452> ( L,S8b)[ 1, 1,    0, 1]:  L2( 0),   704,   577,    64, 45056,[  0,  0], 63c00
     Src_Flow [     0,     1,     1,     1] [     0,     0,     0]***[  3236,    64,     2,     1] [  6336,  3072,     0]***[   499,    64,     1,     1] [  6336,  3072,     0]***[2]
    Src2_Flow [     0,     1,     1,     1] [     0,     0,     0]***[   577,    64,     1,     1] [   704, 45056,     0]***[     0,     1,     1,     1] [     0,     0,     0]***[2]
     Snk_Flow [     0,     1,     1,     1] [     0,     0,     0]***[  3072,    64,     2,     1] [  6720,  3072,430080]***[   335,    64,     1,     1] [  6720,  3072,     0]***[2]
Padding Info [Row, Col]: Actual  IN -> OUT : [ 1,  1] -> [ 1,  1],  To fill zero OUT: [ 1,  1], Virtual Pad(T,L,B,R): [ 0,  0,  0,  0]

 ------------- 110( 0, 81, 0, 5, 0) [64 x 80 x  80] => [64 x 80 x  80] | TIDL_ConvolutionLayer
 LINK_X_FM_IN_FULL_TO_PART      41339061520 :  [1,3,1,1]
    FM_FULL        <448> ( L,U8b)[ 3, 1,    0, 1]: MSMC( 0),  6720,  6643,    64,430162,[  0,  0], 2a8ae |||| FM_IN_PART     <454> ( L,U8b)[ 3, 1,    0, 1]:  L2( 0),  6336,  6336,    64,408576,[     0,     0],     0
     Src_Flow [  3264,    64,     1,     1] [  6720,  3264,     0]***[  3072,    64,     1,     1] [  6720,  3072,430080]***[   307,    64,     1,     1] [  6720,  3072,     0]***[2]
     Snk_Flow [  3264,    64,     1,     1] [  6336,  3264,     0]***[  3072,    64,     1,     1] [  6336,  3072,     0]***[   307,    64,     1,     1] [  6336,  3072,     0]***[2]
 LINK_X_COEFF_IN_ANY_TO_FINAL   41389393168 :  [1,1,1,1]
    COEFF_IN_STAGE <456> ( L,S8b)[ 1, 1,    0, 1]: MSMC( 0),   704,   577,    64, 45056,[  0,  0],425d00 |||| COEFF_IN_FINAL <457> ( L,S8b)[ 1, 1,    0, 1]:  L2( 0),   704,   577,    64, 45056,[     0,     0], 63c00
     Src_Flow [     0,     1,     1,     1] [     0,     0,     0]***[   577,    64,     1,     1] [   704,   577, 45056]***[     0,     1,     1,     1] [     0,     0,     0]***[2]
     Snk_Flow [     0,     1,     1,     1] [     0,     0,     0]***[   577,    64,     1,     1] [   704,   577,     0]***[     0,     1,     1,     1] [     0,     0,     0]***[2]
 LINK_P                         41473279248 :  [2,3,1,1]
    FM_IN_PART     <454> ( L,U8b)[ 3, 1,    0, 1]:  L2( 0),  6336,  6336,    64,408576,[  0,  0],     0 |||| FM_FULL        <453> ( L,U8b)[ 3, 1,    0, 1]: MSMC( 0),  6720,  6643,    64,430162,[    82,     0], 2a8ae
    COEFF_IN_FINAL  <457> ( L,S8b)[ 1, 1,    0, 1]:  L2( 0),   704,   577,    64, 45056,[  0,  0], 63c00
     Src_Flow [     0,     1,     1,     1] [     0,     0,     0]***[  3236,    64,     2,     1] [  6336,  3072,     0]***[   499,    64,     1,     1] [  6336,  3072,     0]***[2]
    Src2_Flow [     0,     1,     1,     1] [     0,     0,     0]***[   577,    64,     1,     1] [   704, 45056,     0]***[     0,     1,     1,     1] [     0,     0,     0]***[2]
     Snk_Flow [     0,     1,     1,     1] [     0,     0,     0]***[  3072,    64,     2,     1] [  6720,  3072,430080]***[   335,    64,     1,     1] [  6720,  3072,     0]***[2]
Padding Info [Row, Col]: Actual  IN -> OUT : [ 1,  1] -> [ 1,  1],  To fill zero OUT: [ 0,  0], Virtual Pad(T,L,B,R): [ 0,  0,  0,  0]

 ------------- 111( 0, 84, 0, 4, 0) [64 x 80 x  80] => [80 x 80 x  80] | TIDL_ConvolutionLayer
 LINK_X_FM_IN_FULL_TO_PART      43486545216 :  [1,2,1,1]
    FM_FULL        <453> ( L,U8b)[ 2, 1,    0, 1]: MSMC( 0),  6720,  6643,    64,430162,[ 82,  0], 2a8ae |||| FM_IN_PART     <459> ( L,U8b)[ 2, 1,    0, 1]:  L2( 0),  6848,  6848,    64,438272,[     0,     0],     0
     Src_Flow [     0,     1,     1,     1] [     0,     0,     0]***[  3392,    64,     1,     1] [  6720,  3392,430080]***[  3088,    64,     1,     1] [  6720,  3392,     0]***[2]
     Snk_Flow [     0,     1,     1,     1] [     0,     0,     0]***[  3392,    64,     1,     1] [  6848,  3392,     0]***[  3088,    64,     1,     1] [  6848,  3392,     0]***[2]
 LINK_X_COEFF_IN_ANY_TO_FINAL   43536876864 :  [1,1,1,1]
    COEFF_IN_STAGE <461> ( L,S8b)[ 1, 1,    0, 1]: MSMC( 0),   192,    65,    80, 15360,[  0,  0],4b4d00 |||| COEFF_IN_FINAL <462> ( L,S8b)[ 1, 1,    0, 1]:  L2( 0),   192,    65,    80, 15360,[     0,     0], 6b000
     Src_Flow [     0,     1,     1,     1] [     0,     0,     0]***[    65,    80,     1,     1] [   192,    65, 15360]***[     0,     1,     1,     1] [     0,     0,     0]***[2]
     Snk_Flow [     0,     1,     1,     1] [     0,     0,     0]***[    65,    80,     1,     1] [   192,    65,     0]***[     0,     1,     1,     1] [     0,     0,     0]***[2]
 LINK_P                         43620762944 :  [2,2,1,1]
    FM_IN_PART     <459> ( L,U8b)[ 2, 1,    0, 1]:  L2( 0),  6848,  6848,    64,438272,[  0,  0],     0 |||| FM_FULL        <458> ( L,S8b)[ 2, 1,    0, 1]: MSMC( 0),  6720,  6643,    80,537682,[    82,     0], 2a8ae
    COEFF_IN_FINAL  <462> ( L,S8b)[ 1, 1,    0, 1]:  L2( 0),   192,    65,    80, 15360,[  0,  0], 6b000
     Src_Flow [     0,     1,     1,     1] [     0,     0,     0]***[  3392,    64,     1,     1] [  6848,  3392,     0]***[  3088,    64,     1,     1] [  6848,  3392,     0]***[2]
    Src2_Flow [     0,     1,     1,     1] [     0,     0,     0]***[    65,    80,     1,     1] [   192, 15360,     0]***[     0,     1,     1,     1] [     0,     0,     0]***[2]
     Snk_Flow [     0,     1,     1,     1] [     0,     0,     0]***[  3392,    80,     1,     1] [  6720,  3392,537600]***[  3088,    80,     1,     1] [  6720,  3392,     0]***[2]
Padding Info [Row, Col]: Actual  IN -> OUT : [ 1,  1] -> [ 1,  1],  To fill zero OUT: [ 0,  0], Virtual Pad(T,L,B,R): [ 0,  0,  0,  0]

 ------------- 112( 0, 78, 0, 5, 0) [64 x 80 x  80] => [64 x 80 x  80] | TIDL_ConvolutionLayer
 LINK_X_FM_IN_FULL_TO_PART      40265319648 :  [1,3,1,1]
    FM_FULL        <443> ( L,U8b)[ 3, 1,    0, 1]: MSMC( 0),  6720,  6643,    64,430162,[  0,  0], add2e |||| FM_IN_PART     <464> ( L,U8b)[ 3, 1,    0, 1]:  L2( 0),  6336,  6336,    64,408576,[     0,     0],     0
     Src_Flow [  3264,    64,     1,     1] [  6720,  3264,     0]***[  3072,    64,     1,     1] [  6720,  3072,430080]***[   307,    64,     1,     1] [  6720,  3072,     0]***[2]
     Snk_Flow [  3264,    64,     1,     1] [  6336,  3264,     0]***[  3072,    64,     1,     1] [  6336,  3072,     0]***[   307,    64,     1,     1] [  6336,  3072,     0]***[2]
 LINK_X_COEFF_IN_ANY_TO_FINAL   40315651296 :  [1,1,1,1]
    COEFF_IN_STAGE <466> ( L,S8b)[ 1, 1,    0, 1]: MSMC( 0),   704,   577,    64, 45056,[  0,  0],430d00 |||| COEFF_IN_FINAL <467> ( L,S8b)[ 1, 1,    0, 1]:  L2( 0),   704,   577,    64, 45056,[     0,     0], 63c00
     Src_Flow [     0,     1,     1,     1] [     0,     0,     0]***[   577,    64,     1,     1] [   704,   577, 45056]***[     0,     1,     1,     1] [     0,     0,     0]***[2]
     Snk_Flow [     0,     1,     1,     1] [     0,     0,     0]***[   577,    64,     1,     1] [   704,   577,     0]***[     0,     1,     1,     1] [     0,     0,     0]***[2]
 LINK_P                         40399537376 :  [2,3,1,1]
    FM_IN_PART     <464> ( L,U8b)[ 3, 1,    0, 1]:  L2( 0),  6336,  6336,    64,408576,[  0,  0],     0 |||| FM_FULL        <463> ( L,U8b)[ 3, 1,    0, 1]: MSMC( 0),  6720,  6643,    64,430162,[    82,     0], add2e
    COEFF_IN_FINAL  <467> ( L,S8b)[ 1, 1,    0, 1]:  L2( 0),   704,   577,    64, 45056,[  0,  0], 63c00
     Src_Flow [     0,     1,     1,     1] [     0,     0,     0]***[  3236,    64,     2,     1] [  6336,  3072,     0]***[   499,    64,     1,     1] [  6336,  3072,     0]***[2]
    Src2_Flow [     0,     1,     1,     1] [     0,     0,     0]***[   577,    64,     1,     1] [   704, 45056,     0]***[     0,     1,     1,     1] [     0,     0,     0]***[2]
     Snk_Flow [     0,     1,     1,     1] [     0,     0,     0]***[  3072,    64,     2,     1] [  6720,  3072,430080]***[   335,    64,     1,     1] [  6720,  3072,     0]***[2]
Padding Info [Row, Col]: Actual  IN -> OUT : [ 1,  1] -> [ 1,  1],  To fill zero OUT: [ 1,  1], Virtual Pad(T,L,B,R): [ 0,  0,  0,  0]

 ------------- 113( 0, 82, 0, 5, 0) [64 x 80 x  80] => [64 x 80 x  80] | TIDL_ConvolutionLayer
 LINK_X_FM_IN_FULL_TO_PART      41875932448 :  [1,3,1,1]
    FM_FULL        <463> ( L,U8b)[ 3, 1,    0, 1]: MSMC( 0),  6720,  6643,    64,430162,[  0,  0], add2e |||| FM_IN_PART     <469> ( L,U8b)[ 3, 1,    0, 1]:  L2( 0),  6336,  6336,    64,408576,[     0,     0],     0
     Src_Flow [  3264,    64,     1,     1] [  6720,  3264,     0]***[  3072,    64,     1,     1] [  6720,  3072,430080]***[   307,    64,     1,     1] [  6720,  3072,     0]***[2]
     Snk_Flow [  3264,    64,     1,     1] [  6336,  3264,     0]***[  3072,    64,     1,     1] [  6336,  3072,     0]***[   307,    64,     1,     1] [  6336,  3072,     0]***[2]
 LINK_X_COEFF_IN_ANY_TO_FINAL   41926264096 :  [1,1,1,1]
    COEFF_IN_STAGE <471> ( L,S8b)[ 1, 1,    0, 1]: MSMC( 0),   704,   577,    64, 45056,[  0,  0],43bd00 |||| COEFF_IN_FINAL <472> ( L,S8b)[ 1, 1,    0, 1]:  L2( 0),   704,   577,    64, 45056,[     0,     0], 63c00
     Src_Flow [     0,     1,     1,     1] [     0,     0,     0]***[   577,    64,     1,     1] [   704,   577, 45056]***[     0,     1,     1,     1] [     0,     0,     0]***[2]
     Snk_Flow [     0,     1,     1,     1] [     0,     0,     0]***[   577,    64,     1,     1] [   704,   577,     0]***[     0,     1,     1,     1] [     0,     0,     0]***[2]
 LINK_P                         42010150176 :  [2,3,1,1]
    FM_IN_PART     <469> ( L,U8b)[ 3, 1,    0, 1]:  L2( 0),  6336,  6336,    64,408576,[  0,  0],     0 |||| FM_FULL        <468> ( L,U8b)[ 3, 1,    0, 1]: MSMC( 0),  6720,  6643,    64,430162,[    82,     0], add2e
    COEFF_IN_FINAL  <472> ( L,S8b)[ 1, 1,    0, 1]:  L2( 0),   704,   577,    64, 45056,[  0,  0], 63c00
     Src_Flow [     0,     1,     1,     1] [     0,     0,     0]***[  3236,    64,     2,     1] [  6336,  3072,     0]***[   499,    64,     1,     1] [  6336,  3072,     0]***[2]
    Src2_Flow [     0,     1,     1,     1] [     0,     0,     0]***[   577,    64,     1,     1] [   704, 45056,     0]***[     0,     1,     1,     1] [     0,     0,     0]***[2]
     Snk_Flow [     0,     1,     1,     1] [     0,     0,     0]***[  3072,    64,     2,     1] [  6720,  3072,430080]***[   335,    64,     1,     1] [  6720,  3072,     0]***[2]
Padding Info [Row, Col]: Actual  IN -> OUT : [ 1,  1] -> [ 1,  1],  To fill zero OUT: [ 0,  0], Virtual Pad(T,L,B,R): [ 0,  0,  0,  0]

 ------------- 114( 0, 85, 0, 4, 0) [64 x 80 x  80] => [4 x 80 x  80] | TIDL_ConvolutionLayer
 LINK_X_FM_IN_FULL_TO_PART      44023416144 :  [1,2,1,1]
    FM_FULL        <468> ( L,U8b)[ 2, 1,    0, 1]: MSMC( 0),  6720,  6643,    64,430162,[ 82,  0], add2e |||| FM_IN_PART     <474> ( L,U8b)[ 2, 1,    0, 1]:  L2( 0),  7104,  7104,    64,454656,[     0,     0],     0
     Src_Flow [     0,     1,     1,     1] [     0,     0,     0]***[  3520,    64,     1,     1] [  6720,  3520,430080]***[  2960,    64,     1,     1] [  6720,  3520,     0]***[2]
     Snk_Flow [     0,     1,     1,     1] [     0,     0,     0]***[  3520,    64,     1,     1] [  7104,  3520,     0]***[  2960,    64,     1,     1] [  7104,  3520,     0]***[2]
 LINK_X_COEFF_IN_ANY_TO_FINAL   44073747792 :  [1,1,1,1]
    COEFF_IN_STAGE <476> ( L,S8b)[ 1, 1,    0, 1]: MSMC( 0),   192,    65,     4,   768,[  0,  0],4fed80 |||| COEFF_IN_FINAL <477> ( L,S8b)[ 1, 1,    0, 1]:  L2( 0),   192,    65,     4,   768,[     0,     0], 6f000
     Src_Flow [     0,     1,     1,     1] [     0,     0,     0]***[    65,     4,     1,     1] [   192,    65,   768]***[     0,     1,     1,     1] [     0,     0,     0]***[2]
     Snk_Flow [     0,     1,     1,     1] [     0,     0,     0]***[    65,     4,     1,     1] [   192,    65,     0]***[     0,     1,     1,     1] [     0,     0,     0]***[2]
 LINK_P                         44157633872 :  [2,2,1,1]
    FM_IN_PART     <474> ( L,U8b)[ 2, 1,    0, 1]:  L2( 0),  7104,  7104,    64,454656,[  0,  0],     0 |||| FM_FULL        <473> ( L,S8b)[ 2, 1,    0, 1]: MSMC( 0),  6720,  6643,     4, 26962,[    82,     0],116dae
    COEFF_IN_FINAL  <477> ( L,S8b)[ 1, 1,    0, 1]:  L2( 0),   192,    65,     4,   768,[  0,  0], 6f000
     Src_Flow [     0,     1,     1,     1] [     0,     0,     0]***[  3520,    64,     1,     1] [  7104,  3520,     0]***[  2960,    64,     1,     1] [  7104,  3520,     0]***[2]
    Src2_Flow [     0,     1,     1,     1] [     0,     0,     0]***[    65,     4,     1,     1] [   192,   768,     0]***[     0,     1,     1,     1] [     0,     0,     0]***[2]
     Snk_Flow [     0,     1,     1,     1] [     0,     0,     0]***[  3520,     4,     1,     1] [  6720,  3520, 26880]***[  2960,     4,     1,     1] [  6720,  3520,     0]***[2]
Padding Info [Row, Col]: Actual  IN -> OUT : [ 1,  1] -> [ 1,  1],  To fill zero OUT: [ 0,  0], Virtual Pad(T,L,B,R): [ 0,  0,  0,  0]

 ------------- 115( 0, 86, 0, 4, 0) [64 x 80 x  80] => [1 x 80 x  80] | TIDL_ConvolutionLayer
 LINK_X_FM_IN_FULL_TO_PART      44023416160 :  [1,2,1,1]
    FM_FULL        <468> ( L,U8b)[ 2, 1,    0, 1]: MSMC( 0),  6720,  6643,    64,430162,[ 82,  0], add2e |||| FM_IN_PART     <479> ( L,U8b)[ 2, 1,    0, 1]:  L2( 0),  7104,  7104,    64,454656,[     0,     0],     0
     Src_Flow [     0,     1,     1,     1] [     0,     0,     0]***[  3520,    64,     1,     1] [  6720,  3520,430080]***[  2960,    64,     1,     1] [  6720,  3520,     0]***[2]
     Snk_Flow [     0,     1,     1,     1] [     0,     0,     0]***[  3520,    64,     1,     1] [  7104,  3520,     0]***[  2960,    64,     1,     1] [  7104,  3520,     0]***[2]
 LINK_X_COEFF_IN_ANY_TO_FINAL   44073747808 :  [1,1,1,1]
    COEFF_IN_STAGE <481> ( L,S8b)[ 1, 1,    0, 1]: MSMC( 0),   192,    65,     1,   256,[  0,  0],4ffa80 |||| COEFF_IN_FINAL <482> ( L,S8b)[ 1, 1,    0, 1]:  L2( 0),   192,    65,     1,   256,[     0,     0], 6f000
     Src_Flow [     0,     1,     1,     1] [     0,     0,     0]***[    65,     1,     1,     1] [   192,    65,   192]***[     0,     1,     1,     1] [     0,     0,     0]***[2]
     Snk_Flow [     0,     1,     1,     1] [     0,     0,     0]***[    65,     1,     1,     1] [   192,    65,     0]***[     0,     1,     1,     1] [     0,     0,     0]***[2]
 LINK_P                         44157633888 :  [2,2,1,1]
    FM_IN_PART     <479> ( L,U8b)[ 2, 1,    0, 1]:  L2( 0),  7104,  7104,    64,454656,[  0,  0],     0 |||| FM_FULL        <478> ( L,S8b)[ 2, 1,    0, 1]: MSMC( 0),  6720,  6643,     1,  6866,[    82,     0], add2e
    COEFF_IN_FINAL  <482> ( L,S8b)[ 1, 1,    0, 1]:  L2( 0),   192,    65,     1,   256,[  0,  0], 6f000
     Src_Flow [     0,     1,     1,     1] [     0,     0,     0]***[  3520,    64,     1,     1] [  7104,  3520,     0]***[  2960,    64,     1,     1] [  7104,  3520,     0]***[2]
    Src2_Flow [     0,     1,     1,     1] [     0,     0,     0]***[    65,     1,     1,     1] [   192,   192,     0]***[     0,     1,     1,     1] [     0,     0,     0]***[2]
     Snk_Flow [     0,     1,     1,     1] [     0,     0,     0]***[  3520,     1,     1,     1] [  6720,  3520,  6720]***[  2960,     1,     1,     1] [  6720,  3520,     0]***[2]
Padding Info [Row, Col]: Actual  IN -> OUT : [ 1,  1] -> [ 1,  1],  To fill zero OUT: [ 0,  0], Virtual Pad(T,L,B,R): [ 0,  0,  0,  0]

 ------------- 116( 0, 88, 0, 86, 0) [85 x 80 x  80] => [85 x 80 x  80] | TIDL_ConcatLayer
 LINK_X_FM_IN_FULL_TO_PART      45634028928 :  [0,4,1,1]
    FM_FULL        <473> ( L,S8b)[ 4, 1,    0, 1]: MSMC( 0),  6720,  6643,     4, 26962,[ 82,  0],116dae |||| FM_IN_PART     <484> (PP,S8b)[ 4, 1,    0, 1]:  L2( 0),  6723,  6723,     2, 13568,[     0,     0],     0
     Src_Flow [     0,     1,     1,     1] [     0,     0,     0]***[  6480,     1,     4,     1] [  6720,  6720,  6720]***[     0,     1,     1,     1] [     0,     0,     0]***[2]
     Snk_Flow [     0,     1,     1,     1] [     0,     0,     0]***[  6480,     1,     2,     2] [  6723,  6723,     0]***[     0,     1,     1,     1] [     0,     0,     0]***[2]
 LINK_X_FM_IN_FULL_TO_PART      46170899840 :  [4,1,1,1]
    FM_FULL        <478> ( L,S8b)[ 1, 1,    0, 1]: MSMC( 0),  6720,  6643,     1,  6866,[ 82,  0], add2e |||| FM_IN_PART     <484> (PP,S8b)[ 1, 1,    0, 1]:  L2( 0),  6723,  6723,     2, 13568,[     0,     0],     0
     Src_Flow [     0,     1,     1,     1] [     0,     0,     0]***[  6480,     1,     1,     1] [  6720,  6480,  6720]***[     0,     1,     1,     1] [     0,     0,     0]***[2]
     Snk_Flow [     0,     1,     1,     1] [     0,     0,     0]***[  6480,     1,     1,     1] [  6723,  6723,     0]***[     0,     1,     1,     1] [     0,     0,     0]***[2]
 LINK_X_FM_IN_FULL_TO_PART      45097158016 :  [5,80,1,1]
    FM_FULL        <458> ( L,S8b)[80, 1,    0, 1]: MSMC( 0),  6720,  6643,    80,537682,[ 82,  0], 2a8ae |||| FM_IN_PART     <484> (PP,S8b)[80, 1,    0, 1]:  L2( 0),  6723,  6723,     2, 13568,[  6723,     0],     0
     Src_Flow [     0,     1,     1,     1] [     0,     0,     0]***[  6480,     1,    80,     1] [  6720,  6720,  6720]***[     0,     1,     1,     1] [     0,     0,     0]***[2]
     Snk_Flow [     0,     1,     1,     1] [     0,     0,     0]***[  6480,     1,     2,    40] [  6723, -6723,     0]***[     0,     1,     1,     1] [     0,     0,     0]***[2]
 LINK_P                         45768246656 :  [1,4,1,1]
    FM_IN_PART     <484> (PP,S8b)[ 4, 1,    0, 1]:  L2( 0),  6723,  6723,     2, 13568,[  0,  0],     0 |||| FM_FULL        <483> ( L,S8b)[ 4, 1,    0, 1]: MSMC( 0),  6464,  6400,    85,549504,[     0,     0], af800
     Src_Flow [     0,     1,     1,     1] [     0,     0,     0]***[  6480,     1,     2,     2] [  6723,  6723,     0]***[     0,     1,     1,     1] [     0,     0,     0]***[2]
     Snk_Flow [     0,     1,     1,     1] [     0,     0,     0]***[  6400,     1,     4,     1] [  6464,  6464,  6464]***[     0,     1,     1,     1] [     0,     0,     0]***[2]
 LINK_P                         46305117568 :  [5,1,1,1]
    FM_IN_PART     <484> (PP,S8b)[ 1, 1,    0, 1]:  L2( 0),  6723,  6723,     2, 13568,[  0,  0],     0 |||| FM_FULL        <483> ( L,S8b)[ 1, 1,    0, 1]: MSMC( 0),  6464,  6400,    85,549504,[ 25856,     0], af800
     Src_Flow [     0,     1,     1,     1] [     0,     0,     0]***[  6480,     1,     1,     1] [  6723,  6723,     0]***[     0,     1,     1,     1] [     0,     0,     0]***[2]
     Snk_Flow [     0,     1,     1,     1] [     0,     0,     0]***[  6400,     1,     1,     1] [  6464,  6400,  6464]***[     0,     1,     1,     1] [     0,     0,     0]***[2]
 LINK_P                         45231375744 :  [6,80,1,1]
    FM_IN_PART     <484> (PP,S8b)[80, 1,    0, 1]:  L2( 0),  6723,  6723,     2, 13568,[6723,  0],     0 |||| FM_FULL        <483> ( L,S8b)[80, 1,    0, 1]: MSMC( 0),  6464,  6400,    85,549504,[ 32320,     0], af800
     Src_Flow [     0,     1,     1,     1] [     0,     0,     0]***[  6480,     1,     2,    40] [  6723, -6723,     0]***[     0,     1,     1,     1] [     0,     0,     0]***[2]
     Snk_Flow [     0,     1,     1,     1] [     0,     0,     0]***[  6400,     1,    80,     1] [  6464,  6464,  6464]***[     0,     1,     1,     1] [     0,     0,     0]***[2]
Padding Info [Row, Col]: Actual  IN -> OUT : [ 1,  1] -> [ 0,  0],  To fill zero OUT: [ 0,  0], Virtual Pad(T,L,B,R): [ 0,  0,  0,  0]

 ------------- 117( 0, 117, 0, 6, 0) [85 x 80 x  80] => [1 x 1405 x  1] | TIDL_DetectionOutputLayer
 LINK_X_FM_IN_FULL_TO_PART      47244642128 :  [0,5,1,1]
    FM_FULL        <483> ( L,S8b)[ 5, 1,    0, 1]: MSMC( 0),  6464,  6400,    85,549504,[  0,  0], af800 |||| FM_IN_PART     <486> (PP,S8b)[ 5, 1,    0, 1]:  L2( 0),  6480,  6480,    34,220416,[     0,     0],     0
     Src_Flow [     0,     1,     1,     1] [     0,     0,     0]***[  6400,    17,     5,     1] [  6464,109888,109888]***[     0,     1,     1,     1] [     0,     0,     0]***[2]
     Snk_Flow [     0,     1,     1,     1] [     0,     0,     0]***[  6400,    17,     2,     3] [  6480,110160,     0]***[     0,     1,     1,     1] [     0,     0,     0]***[2]
 LINK_X_FM_IN_FULL_TO_PART      47244642128 :  [0,5,1,1]
    FM_FULL        <441> ( L,S8b)[ 5, 1,    0, 1]: MSMC( 0),  1600,  1600,    85,136064,[  0,  0],  9500 |||| FM_IN_PART     <486> (PP,S8b)[ 5, 1,    0, 1]:  L2( 0),  6480,  6480,    34,220416,[     0,     0],     0
     Src_Flow [     0,     1,     1,     1] [     0,     0,     0]***[  6400,    17,     5,     1] [  1600, 27200, 27200]***[     0,     1,     1,     1] [     0,     0,     0]***[2]
     Snk_Flow [     0,     1,     1,     1] [     0,     0,     0]***[  6400,    17,     2,     3] [  6480,110160,     0]***[     0,     1,     1,     1] [     0,     0,     0]***[2]
 LINK_X_FM_IN_FULL_TO_PART      47244642128 :  [0,5,1,1]
    FM_FULL        <399> ( L,S8b)[ 5, 1,    0, 1]: MSMC( 0),   448,   400,    85, 38144,[  0,  0],     0 |||| FM_IN_PART     <486> (PP,S8b)[ 5, 1,    0, 1]:  L2( 0),  6480,  6480,    34,220416,[     0,     0],     0
     Src_Flow [     0,     1,     1,     1] [     0,     0,     0]***[  6400,    17,     5,     1] [   448,  7616,  7616]***[     0,     1,     1,     1] [     0,     0,     0]***[2]
     Snk_Flow [     0,     1,     1,     1] [     0,     0,     0]***[  6400,    17,     2,     3] [  6480,110160,     0]***[     0,     1,     1,     1] [     0,     0,     0]***[2]
 LINK_P                         47378859856 :  [1,5,1,1]
    FM_IN_PART     <486> (PP,S8b)[ 5, 1,    0, 1]:  L2( 0),  6480,  6480,    34,220416,[  0,  0],     0 |||| FM_FULL        <485> ( L,F32b)[ 5, 1,    0, 1]: MSMC( 0),  1424,  1405,     1,  1440,[     0,     0], 2a880
     Src_Flow [     0,     1,     1,     1] [     0,     0,     0]***[  6400,    17,     2,     3] [  6480,110160,     0]***[     0,     1,     1,     1] [     0,     0,     0]***[2]
     Snk_Flow [     0,     1,     1,     1] [     0,     0,     0]***[ 28100,    17,     5,     1] [  1424, 24208, 24208]***[     0,     1,     1,     1] [     0,     0,     0]***[2]
Padding Info [Row, Col]: Actual  IN -> OUT : [ 0,  0] -> [ 0,  0],  To fill zero OUT: [ 0,  0], Virtual Pad(T,L,B,R): [ 0,  0,  0,  0]

 ------------- 118( 0, 118, 0, 4, 0) [1 x 1405 x  1] => [1 x 5 x  200] | TIDL_OdOutputReformatLayer
 LINK_X_FM_IN_FULL_TO_PART      62813898592 :  [0,1,1,1]
    FM_FULL        <485> ( L,F32b)[ 1, 1,    0, 1]: MSMC( 0),  1424,  1405,     1,  1440,[  0,  0], 2a880 |||| FM_IN_PART     <488> (PP,S8b)[ 1, 1,    0, 1]:  L2( 0),  1405,  1405,     1,  1408,[     0,     0],     0
     Src_Flow [     0,     1,     1,     1] [     0,     0,     0]***[  1405,     1,     1,     1] [  1424,  1405,  1424]***[     0,     1,     1,     1] [     0,     0,     0]***[2]
     Snk_Flow [     0,     1,     1,     1] [     0,     0,     0]***[  1405,     1,     1,     1] [  1405,   702,     0]***[     0,     1,     1,     1] [     0,     0,     0]***[2]
 LINK_X_FM_OUT_PART_TO_FULL     62897784672 :  [2,1,1,1]
    FM_OUT_PART    <489> (PP,S8b)[ 1, 1,    0, 1]: MSMC( 0),  1000,  1000,     2,  2048,[  0,  0],     0 |||| FM_FULL        <487> ( L,F32b)[ 1, 1,    0, 1]: DDR( 0),  1000,  1000,     1,  1280,[     0,     0],12c400
     Src_Flow [     0,     1,     1,     1] [     0,     0,     0]***[     5,     1,     1,     1] [  1000,   500,     0]***[     0,     1,     1,     1] [     0,     0,     0]***[2]
     Snk_Flow [     0,     1,     1,     1] [     0,     0,     0]***[     5,     1,     1,     1] [  1000,     5,  1000]***[     0,     1,     1,     1] [     0,     0,     0]***[2]
 LINK_P                         62948116320 :  [1,1,1,1]
    FM_IN_PART     <488> (PP,S8b)[ 1, 1,    0, 1]:  L2( 0),  1405,  1405,     1,  1408,[  0,  0],     0 |||| FM_OUT_PART    <489> (PP,S8b)[ 1, 1,    0, 1]: MSMC( 0),  1000,  1000,     2,  2048,[     0,     0],     0
     Src_Flow [     0,     1,     1,     1] [     0,     0,     0]***[  1405,     1,     1,     1] [  1405,   702,     0]***[     0,     1,     1,     1] [     0,     0,     0]***[2]
     Snk_Flow [     0,     1,     1,     1] [     0,     0,     0]***[     5,     1,     1,     1] [  1000,     5,     0]***[     0,     1,     1,     1] [     0,     0,     0]***[2]
Padding Info [Row, Col]: Actual  IN -> OUT : [ 0,  0] -> [ 0,  0],  To fill zero OUT: [ 0,  0], Virtual Pad(T,L,B,R): [ 0,  0,  0,  0]

 ------------- 119( 0, 119, 0, 4, 0) [1 x 1405 x  1] => [1 x 200 x  1] | TIDL_OdOutputReformatLayer
 LINK_X_FM_IN_FULL_TO_PART      62813898608 :  [0,1,1,1]
    FM_FULL        <485> ( L,F32b)[ 1, 1,    0, 1]: MSMC( 0),  1424,  1405,     1,  1440,[  0,  0], 2a880 |||| FM_IN_PART     <492> (PP,S8b)[ 1, 1,    0, 1]:  L2( 0),  1405,  1405,     1,  1408,[     0,     0],     0
     Src_Flow [     0,     1,     1,     1] [     0,     0,     0]***[  1405,     1,     1,     1] [  1424,  1405,  1424]***[     0,     1,     1,     1] [     0,     0,     0]***[2]
     Snk_Flow [     0,     1,     1,     1] [     0,     0,     0]***[  1405,     1,     1,     1] [  1405,   702,     0]***[     0,     1,     1,     1] [     0,     0,     0]***[2]
 LINK_X_FM_OUT_PART_TO_FULL     62897784688 :  [2,1,1,1]
    FM_OUT_PART    <493> (PP,S8b)[ 1, 1,    0, 1]: MSMC( 0),   200,   200,     2,   512,[  0,  0],     0 |||| FM_FULL        <491> ( L,F32b)[ 1, 1,    0, 1]: DDR( 0),   200,   200,     1,   480,[     0,     0],12d800
     Src_Flow [     0,     1,     1,     1] [     0,     0,     0]***[   200,     1,     1,     1] [   200,   100,     0]***[     0,     1,     1,     1] [     0,     0,     0]***[2]
     Snk_Flow [     0,     1,     1,     1] [     0,     0,     0]***[   200,     1,     1,     1] [   200,   200,   200]***[     0,     1,     1,     1] [     0,     0,     0]***[2]
 LINK_P                         62948116336 :  [1,1,1,1]
    FM_IN_PART     <492> (PP,S8b)[ 1, 1,    0, 1]:  L2( 0),  1405,  1405,     1,  1408,[  0,  0],     0 |||| FM_OUT_PART    <493> (PP,S8b)[ 1, 1,    0, 1]: MSMC( 0),   200,   200,     2,   512,[     0,     0],     0
     Src_Flow [     0,     1,     1,     1] [     0,     0,     0]***[  1405,     1,     1,     1] [  1405,   702,     0]***[     0,     1,     1,     1] [     0,     0,     0]***[2]
     Snk_Flow [     0,     1,     1,     1] [     0,     0,     0]***[   200,     1,     1,     1] [   200,   200,     0]***[     0,     1,     1,     1] [     0,     0,     0]***[2]
Padding Info [Row, Col]: Actual  IN -> OUT : [ 0,  0] -> [ 0,  0],  To fill zero OUT: [ 0,  0], Virtual Pad(T,L,B,R): [ 0,  0,  0,  0]

 ------------- 120 [Persistent Links WL]
 layer ID :2
 LINK_X_COEFF_IN_FULL_TO_STAGE  570425376   :  [0,1,1,1]
    COEFF_FULL     <5> ( L,S8b)[ 1, 1,    0, 1]: DDR_PERSIST( 0),    28,    28,    12,   384,[  0,  0],     0 |||| COEFF_IN_STAGE <6> ( L,S8b)[ 1, 1,    0, 1]: MSMC( 0),    28,    28,    12,   384,[     0,     0],4ff580
     Src_Flow [     0,     1,     1,     1] [     0,     0,     0]***[    28,    12,     1,     1] [    28,    28,   336]***[     0,     1,     1,     1] [     0,     0,     0]***[2]
     Snk_Flow [     0,     1,     1,     1] [     0,     0,     0]***[    28,    12,     1,     1] [    28,    28,     0]***[     0,     1,     1,     1] [     0,     0,     0]***[2]
 layer ID :3
 LINK_X_COEFF_IN_FULL_TO_STAGE  1107296304  :  [0,1,1,1]
    COEFF_FULL     <10> ( L,S8b)[ 1, 1,    0, 1]: DDR_PERSIST( 0),   109,   109,    16,  1792,[  0,  0],   180 |||| COEFF_IN_STAGE <11> ( L,S8b)[ 1, 1,    0, 1]: MSMC( 0),   192,   109,    16,  3072,[     0,     0],4fb900
     Src_Flow [     0,     1,     1,     1] [     0,     0,     0]***[   109,    16,     1,     1] [   109,   109,     0]***[     0,     1,     1,     1] [     0,     0,     0]***[2]
     Snk_Flow [     0,     1,     1,     1] [     0,     0,     0]***[   109,    16,     1,     1] [   192,   109,  3072]***[     0,     1,     1,     1] [     0,     0,     0]***[2]
 layer ID :4
 LINK_X_COEFF_IN_FULL_TO_STAGE  1644167232  :  [0,1,1,1]
    COEFF_FULL     <15> ( L,S8b)[ 1, 1,    0, 1]: DDR_PERSIST( 0),   145,   145,    32,  4736,[  0,  0],   880 |||| COEFF_IN_STAGE <16> ( L,S8b)[ 1, 1,    0, 1]: MSMC( 0),   192,   145,    32,  6144,[     0,     0],4f4100
     Src_Flow [     0,     1,     1,     1] [     0,     0,     0]***[   145,    32,     1,     1] [   145,   145,     0]***[     0,     1,     1,     1] [     0,     0,     0]***[2]
     Snk_Flow [     0,     1,     1,     1] [     0,     0,     0]***[   145,    32,     1,     1] [   192,   145,  6144]***[     0,     1,     1,     1] [     0,     0,     0]***[2]
 layer ID :5
 LINK_X_COEFF_IN_FULL_TO_STAGE  2181038160  :  [0,1,1,1]
    COEFF_FULL     <20> ( L,S8b)[ 1, 1,    0, 1]: DDR_PERSIST( 0),    33,    33,    16,   640,[  0,  0],  1b00 |||| COEFF_IN_STAGE <21> ( L,S8b)[ 1, 1,    0, 1]: MSMC( 0),    33,    33,    16,   640,[     0,     0],4ff080
     Src_Flow [     0,     1,     1,     1] [     0,     0,     0]***[    33,    16,     1,     1] [    33,    33,   528]***[     0,     1,     1,     1] [     0,     0,     0]***[2]
     Snk_Flow [     0,     1,     1,     1] [     0,     0,     0]***[    33,    16,     1,     1] [    33,    33,     0]***[     0,     1,     1,     1] [     0,     0,     0]***[2]
 layer ID :7
 LINK_X_COEFF_IN_FULL_TO_STAGE  2717909104  :  [0,1,1,1]
    COEFF_FULL     <25> ( L,S8b)[ 1, 1,    0, 1]: DDR_PERSIST( 0),    17,    17,    16,   384,[  0,  0],  1d80 |||| COEFF_IN_STAGE <26> ( L,S8b)[ 1, 1,    0, 1]: MSMC( 0),    17,    17,    16,   384,[     0,     0],4ff700
     Src_Flow [     0,     1,     1,     1] [     0,     0,     0]***[    17,    16,     1,     1] [    17,    17,   272]***[     0,     1,     1,     1] [     0,     0,     0]***[2]
     Snk_Flow [     0,     1,     1,     1] [     0,     0,     0]***[    17,    16,     1,     1] [    17,    17,     0]***[     0,     1,     1,     1] [     0,     0,     0]***[2]
 layer ID :8
 LINK_X_COEFF_IN_FULL_TO_STAGE  3791650944  :  [0,1,1,1]
    COEFF_FULL     <30> ( L,S8b)[ 1, 1,    0, 1]: DDR_PERSIST( 0),   145,   145,    16,  2432,[  0,  0],  1f00 |||| COEFF_IN_STAGE <31> ( L,S8b)[ 1, 1,    0, 1]: MSMC( 0),   192,   145,    16,  3072,[     0,     0],4fc500
     Src_Flow [     0,     1,     1,     1] [     0,     0,     0]***[   145,    16,     1,     1] [   145,   145,     0]***[     0,     1,     1,     1] [     0,     0,     0]***[2]
     Snk_Flow [     0,     1,     1,     1] [     0,     0,     0]***[   145,    16,     1,     1] [   192,   145,  3072]***[     0,     1,     1,     1] [     0,     0,     0]***[2]
 layer ID :6
 LINK_X_COEFF_IN_FULL_TO_STAGE  2181038176  :  [0,1,1,1]
    COEFF_FULL     <37> ( L,S8b)[ 1, 1,    0, 1]: DDR_PERSIST( 0),    33,    33,    16,   640,[  0,  0],  2880 |||| COEFF_IN_STAGE <38> ( L,S8b)[ 1, 1,    0, 1]: MSMC( 0),    33,    33,    16,   640,[     0,     0],4ff300
     Src_Flow [     0,     1,     1,     1] [     0,     0,     0]***[    33,    16,     1,     1] [    33,    33,   528]***[     0,     1,     1,     1] [     0,     0,     0]***[2]
     Snk_Flow [     0,     1,     1,     1] [     0,     0,     0]***[    33,    16,     1,     1] [    33,    33,     0]***[     0,     1,     1,     1] [     0,     0,     0]***[2]
 layer ID :11
 LINK_X_COEFF_IN_FULL_TO_STAGE  5402263728  :  [0,1,1,1]
    COEFF_FULL     <44> ( L,S8b)[ 1, 1,    0, 1]: DDR_PERSIST( 0),    33,    33,    32,  1152,[  0,  0],  2b00 |||| COEFF_IN_STAGE <45> ( L,S8b)[ 1, 1,    0, 1]: MSMC( 0),    33,    33,    32,  1152,[     0,     0],4fd100
     Src_Flow [     0,     1,     1,     1] [     0,     0,     0]***[    33,    32,     1,     1] [    33,    33,  1056]***[     0,     1,     1,     1] [     0,     0,     0]***[2]
     Snk_Flow [     0,     1,     1,     1] [     0,     0,     0]***[    33,    32,     1,     1] [    33,    33,     0]***[     0,     1,     1,     1] [     0,     0,     0]***[2]
 layer ID :12
 LINK_X_COEFF_IN_FULL_TO_STAGE  5939134656  :  [0,1,1,1]
    COEFF_FULL     <49> ( L,S8b)[ 1, 1,    0, 1]: DDR_PERSIST( 0),   289,   289,    64, 18560,[  0,  0],  2f80 |||| COEFF_IN_STAGE <50> ( L,S8b)[ 1, 1,    0, 1]: MSMC( 0),   320,   289,    64, 20480,[     0,     0],4a0d00
     Src_Flow [     0,     1,     1,     1] [     0,     0,     0]***[   289,    64,     1,     1] [   289,   289,     0]***[     0,     1,     1,     1] [     0,     0,     0]***[2]
     Snk_Flow [     0,     1,     1,     1] [     0,     0,     0]***[   289,    64,     1,     1] [   320,   289, 20480]***[     0,     1,     1,     1] [     0,     0,     0]***[2]
 layer ID :13
 LINK_X_COEFF_IN_FULL_TO_STAGE  6476005584  :  [0,1,1,1]
    COEFF_FULL     <54> ( L,S8b)[ 1, 1,    0, 1]: DDR_PERSIST( 0),    65,    65,    32,  2176,[  0,  0],  7800 |||| COEFF_IN_STAGE <55> ( L,S8b)[ 1, 1,    0, 1]: MSMC( 0),   192,    65,    32,  6144,[     0,     0],4fa100
     Src_Flow [     0,     1,     1,     1] [     0,     0,     0]***[    65,    32,     1,     1] [    65,    65,     0]***[     0,     1,     1,     1] [     0,     0,     0]***[2]
     Snk_Flow [     0,     1,     1,     1] [     0,     0,     0]***[    65,    32,     1,     1] [   192,    65,  6144]***[     0,     1,     1,     1] [     0,     0,     0]***[2]
 layer ID :15
 LINK_X_COEFF_IN_FULL_TO_STAGE  7012876528  :  [0,1,1,1]
    COEFF_FULL     <59> ( L,S8b)[ 1, 1,    0, 1]: DDR_PERSIST( 0),    33,    33,    32,  1152,[  0,  0],  8080 |||| COEFF_IN_STAGE <60> ( L,S8b)[ 1, 1,    0, 1]: MSMC( 0),    33,    33,    32,  1152,[     0,     0],4fde80
     Src_Flow [     0,     1,     1,     1] [     0,     0,     0]***[    33,    32,     1,     1] [    33,    33,  1056]***[     0,     1,     1,     1] [     0,     0,     0]***[2]
     Snk_Flow [     0,     1,     1,     1] [     0,     0,     0]***[    33,    32,     1,     1] [    33,    33,     0]***[     0,     1,     1,     1] [     0,     0,     0]***[2]
 layer ID :16
 LINK_X_COEFF_IN_FULL_TO_STAGE  8086618368  :  [0,1,1,1]
    COEFF_FULL     <64> ( L,S8b)[ 1, 1,    0, 1]: DDR_PERSIST( 0),   289,   289,    32,  9344,[  0,  0],  8500 |||| COEFF_IN_STAGE <65> ( L,S8b)[ 1, 1,    0, 1]: MSMC( 0),   320,   289,    32, 10240,[     0,     0],4ef100
     Src_Flow [     0,     1,     1,     1] [     0,     0,     0]***[   289,    32,     1,     1] [   289,   289,     0]***[     0,     1,     1,     1] [     0,     0,     0]***[2]
     Snk_Flow [     0,     1,     1,     1] [     0,     0,     0]***[   289,    32,     1,     1] [   320,   289, 10240]***[     0,     1,     1,     1] [     0,     0,     0]***[2]
 layer ID :18
 LINK_X_COEFF_IN_FULL_TO_STAGE  9160360224  :  [0,1,1,1]
    COEFF_FULL     <71> ( L,S8b)[ 1, 1,    0, 1]: DDR_PERSIST( 0),    33,    33,    32,  1152,[  0,  0],  a980 |||| COEFF_IN_STAGE <72> ( L,S8b)[ 1, 1,    0, 1]: MSMC( 0),    33,    33,    32,  1152,[     0,     0],4fda00
     Src_Flow [     0,     1,     1,     1] [     0,     0,     0]***[    33,    32,     1,     1] [    33,    33,  1056]***[     0,     1,     1,     1] [     0,     0,     0]***[2]
     Snk_Flow [     0,     1,     1,     1] [     0,     0,     0]***[    33,    32,     1,     1] [    33,    33,     0]***[     0,     1,     1,     1] [     0,     0,     0]***[2]
 layer ID :19
 LINK_X_COEFF_IN_FULL_TO_STAGE  9697231152  :  [0,1,1,1]
    COEFF_FULL     <76> ( L,S8b)[ 1, 1,    0, 1]: DDR_PERSIST( 0),   289,   289,    32,  9344,[  0,  0],  ae00 |||| COEFF_IN_STAGE <77> ( L,S8b)[ 1, 1,    0, 1]: MSMC( 0),   320,   289,    32, 10240,[     0,     0],4f1900
     Src_Flow [     0,     1,     1,     1] [     0,     0,     0]***[   289,    32,     1,     1] [   289,   289,     0]***[     0,     1,     1,     1] [     0,     0,     0]***[2]
     Snk_Flow [     0,     1,     1,     1] [     0,     0,     0]***[   289,    32,     1,     1] [   320,   289, 10240]***[     0,     1,     1,     1] [     0,     0,     0]***[2]
 layer ID :21
 LINK_X_COEFF_IN_FULL_TO_STAGE  10770973008 :  [0,1,1,1]
    COEFF_FULL     <83> ( L,S8b)[ 1, 1,    0, 1]: DDR_PERSIST( 0),    33,    33,    32,  1152,[  0,  0],  d280 |||| COEFF_IN_STAGE <84> ( L,S8b)[ 1, 1,    0, 1]: MSMC( 0),    33,    33,    32,  1152,[     0,     0],4fe300
     Src_Flow [     0,     1,     1,     1] [     0,     0,     0]***[    33,    32,     1,     1] [    33,    33,  1056]***[     0,     1,     1,     1] [     0,     0,     0]***[2]
     Snk_Flow [     0,     1,     1,     1] [     0,     0,     0]***[    33,    32,     1,     1] [    33,    33,     0]***[     0,     1,     1,     1] [     0,     0,     0]***[2]
 layer ID :22
 LINK_X_COEFF_IN_FULL_TO_STAGE  11307843936 :  [0,1,1,1]
    COEFF_FULL     <88> ( L,S8b)[ 1, 1,    0, 1]: DDR_PERSIST( 0),   289,   289,    32,  9344,[  0,  0],  d700 |||| COEFF_IN_STAGE <89> ( L,S8b)[ 1, 1,    0, 1]: MSMC( 0),   320,   289,    32, 10240,[     0,     0],4ec900
     Src_Flow [     0,     1,     1,     1] [     0,     0,     0]***[   289,    32,     1,     1] [   289,   289,     0]***[     0,     1,     1,     1] [     0,     0,     0]***[2]
     Snk_Flow [     0,     1,     1,     1] [     0,     0,     0]***[   289,    32,     1,     1] [   320,   289, 10240]***[     0,     1,     1,     1] [     0,     0,     0]***[2]
 layer ID :14
 LINK_X_COEFF_IN_FULL_TO_STAGE  6476005600  :  [0,1,1,1]
    COEFF_FULL     <95> ( L,S8b)[ 1, 1,    0, 1]: DDR_PERSIST( 0),    65,    65,    32,  2176,[  0,  0],  fb80 |||| COEFF_IN_STAGE <96> ( L,S8b)[ 1, 1,    0, 1]: MSMC( 0),   192,    65,    32,  6144,[     0,     0],4f7100
     Src_Flow [     0,     1,     1,     1] [     0,     0,     0]***[    65,    32,     1,     1] [    65,    65,     0]***[     0,     1,     1,     1] [     0,     0,     0]***[2]
     Snk_Flow [     0,     1,     1,     1] [     0,     0,     0]***[    65,    32,     1,     1] [   192,    65,  6144]***[     0,     1,     1,     1] [     0,     0,     0]***[2]
 layer ID :25
 LINK_X_COEFF_IN_FULL_TO_STAGE  12918456720 :  [0,1,1,1]
    COEFF_FULL     <102> ( L,S8b)[ 1, 1,    0, 1]: DDR_PERSIST( 0),    65,    65,    64,  4224,[  0,  0], 10400 |||| COEFF_IN_STAGE <103> ( L,S8b)[ 1, 1,    0, 1]: MSMC( 0),   192,    65,    64, 12288,[     0,     0],4cf100
     Src_Flow [     0,     1,     1,     1] [     0,     0,     0]***[    65,    64,     1,     1] [    65,    65,     0]***[     0,     1,     1,     1] [     0,     0,     0]***[2]
     Snk_Flow [     0,     1,     1,     1] [     0,     0,     0]***[    65,    64,     1,     1] [   192,    65, 12288]***[     0,     1,     1,     1] [     0,     0,     0]***[2]
 layer ID :26
 LINK_X_COEFF_IN_FULL_TO_STAGE  13455327648 :  [0,1,1,1]
    COEFF_FULL     <107> ( L,S8b)[ 1, 1,    0, 1]: DDR_PERSIST( 0),   577,   577,   128, 73856,[  0,  0], 11480 |||| COEFF_IN_STAGE <108> ( L,S8b)[ 1, 1,    0, 1]: MSMC( 0),   704,   577,   128, 90112,[     0,     0],342d00
     Src_Flow [     0,     1,     1,     1] [     0,     0,     0]***[   577,   128,     1,     1] [   577,   577,     0]***[     0,     1,     1,     1] [     0,     0,     0]***[2]
     Snk_Flow [     0,     1,     1,     1] [     0,     0,     0]***[   577,   128,     1,     1] [   704,   577, 90112]***[     0,     1,     1,     1] [     0,     0,     0]***[2]
 layer ID :27
 LINK_X_COEFF_IN_FULL_TO_STAGE  13992198576 :  [0,1,1,1]
    COEFF_FULL     <112> ( L,S8b)[ 1, 1,    0, 1]: DDR_PERSIST( 0),   129,   129,    64,  8320,[  0,  0], 23500 |||| COEFF_IN_STAGE <113> ( L,S8b)[ 1, 1,    0, 1]: MSMC( 0),   192,   129,    64, 12288,[     0,     0],4de100
     Src_Flow [     0,     1,     1,     1] [     0,     0,     0]***[   129,    64,     1,     1] [   129,   129,     0]***[     0,     1,     1,     1] [     0,     0,     0]***[2]
     Snk_Flow [     0,     1,     1,     1] [     0,     0,     0]***[   129,    64,     1,     1] [   192,   129, 12288]***[     0,     1,     1,     1] [     0,     0,     0]***[2]
 layer ID :29
 LINK_X_COEFF_IN_FULL_TO_STAGE  14529069520 :  [0,1,1,1]
    COEFF_FULL     <117> ( L,S8b)[ 1, 1,    0, 1]: DDR_PERSIST( 0),    65,    65,    64,  4224,[  0,  0], 25580 |||| COEFF_IN_STAGE <118> ( L,S8b)[ 1, 1,    0, 1]: MSMC( 0),   192,    65,    64, 12288,[     0,     0],4c3100
     Src_Flow [     0,     1,     1,     1] [     0,     0,     0]***[    65,    64,     1,     1] [    65,    65,     0]***[     0,     1,     1,     1] [     0,     0,     0]***[2]
     Snk_Flow [     0,     1,     1,     1] [     0,     0,     0]***[    65,    64,     1,     1] [   192,    65, 12288]***[     0,     1,     1,     1] [     0,     0,     0]***[2]
 layer ID :30
 LINK_X_COEFF_IN_FULL_TO_STAGE  15602811360 :  [0,1,1,1]
    COEFF_FULL     <122> ( L,S8b)[ 1, 1,    0, 1]: DDR_PERSIST( 0),   577,   577,    64, 36992,[  0,  0], 26600 |||| COEFF_IN_STAGE <123> ( L,S8b)[ 1, 1,    0, 1]: MSMC( 0),   704,   577,    64, 45056,[     0,     0],3b7d00
     Src_Flow [     0,     1,     1,     1] [     0,     0,     0]***[   577,    64,     1,     1] [   577,   577,     0]***[     0,     1,     1,     1] [     0,     0,     0]***[2]
     Snk_Flow [     0,     1,     1,     1] [     0,     0,     0]***[   577,    64,     1,     1] [   704,   577, 45056]***[     0,     1,     1,     1] [     0,     0,     0]***[2]
 layer ID :32
 LINK_X_COEFF_IN_FULL_TO_STAGE  16676553216 :  [0,1,1,1]
    COEFF_FULL     <129> ( L,S8b)[ 1, 1,    0, 1]: DDR_PERSIST( 0),    65,    65,    64,  4224,[  0,  0], 2f680 |||| COEFF_IN_STAGE <130> ( L,S8b)[ 1, 1,    0, 1]: MSMC( 0),   192,    65,    64, 12288,[     0,     0],4d2100
     Src_Flow [     0,     1,     1,     1] [     0,     0,     0]***[    65,    64,     1,     1] [    65,    65,     0]***[     0,     1,     1,     1] [     0,     0,     0]***[2]
     Snk_Flow [     0,     1,     1,     1] [     0,     0,     0]***[    65,    64,     1,     1] [   192,    65, 12288]***[     0,     1,     1,     1] [     0,     0,     0]***[2]
 layer ID :33
 LINK_X_COEFF_IN_FULL_TO_STAGE  17213424144 :  [0,1,1,1]
    COEFF_FULL     <134> ( L,S8b)[ 1, 1,    0, 1]: DDR_PERSIST( 0),   577,   577,    64, 36992,[  0,  0], 30700 |||| COEFF_IN_STAGE <135> ( L,S8b)[ 1, 1,    0, 1]: MSMC( 0),   704,   577,    64, 45056,[     0,     0],3a1d00
     Src_Flow [     0,     1,     1,     1] [     0,     0,     0]***[   577,    64,     1,     1] [   577,   577,     0]***[     0,     1,     1,     1] [     0,     0,     0]***[2]
     Snk_Flow [     0,     1,     1,     1] [     0,     0,     0]***[   577,    64,     1,     1] [   704,   577, 45056]***[     0,     1,     1,     1] [     0,     0,     0]***[2]
 layer ID :35
 LINK_X_COEFF_IN_FULL_TO_STAGE  18287166000 :  [0,1,1,1]
    COEFF_FULL     <141> ( L,S8b)[ 1, 1,    0, 1]: DDR_PERSIST( 0),    65,    65,    64,  4224,[  0,  0], 39780 |||| COEFF_IN_STAGE <142> ( L,S8b)[ 1, 1,    0, 1]: MSMC( 0),   192,    65,    64, 12288,[     0,     0],4e7100
     Src_Flow [     0,     1,     1,     1] [     0,     0,     0]***[    65,    64,     1,     1] [    65,    65,     0]***[     0,     1,     1,     1] [     0,     0,     0]***[2]
     Snk_Flow [     0,     1,     1,     1] [     0,     0,     0]***[    65,    64,     1,     1] [   192,    65, 12288]***[     0,     1,     1,     1] [     0,     0,     0]***[2]
 layer ID :36
 LINK_X_COEFF_IN_FULL_TO_STAGE  18824036928 :  [0,1,1,1]
    COEFF_FULL     <146> ( L,S8b)[ 1, 1,    0, 1]: DDR_PERSIST( 0),   577,   577,    64, 36992,[  0,  0], 3a800 |||| COEFF_IN_STAGE <147> ( L,S8b)[ 1, 1,    0, 1]: MSMC( 0),   704,   577,    64, 45056,[     0,     0],3acd00
     Src_Flow [     0,     1,     1,     1] [     0,     0,     0]***[   577,    64,     1,     1] [   577,   577,     0]***[     0,     1,     1,     1] [     0,     0,     0]***[2]
     Snk_Flow [     0,     1,     1,     1] [     0,     0,     0]***[   577,    64,     1,     1] [   704,   577, 45056]***[     0,     1,     1,     1] [     0,     0,     0]***[2]
 layer ID :28
 LINK_X_COEFF_IN_FULL_TO_STAGE  13992198592 :  [0,1,1,1]
    COEFF_FULL     <153> ( L,S8b)[ 1, 1,    0, 1]: DDR_PERSIST( 0),   129,   129,    64,  8320,[  0,  0], 43880 |||| COEFF_IN_STAGE <154> ( L,S8b)[ 1, 1,    0, 1]: MSMC( 0),   192,   129,    64, 12288,[     0,     0],4cc100
     Src_Flow [     0,     1,     1,     1] [     0,     0,     0]***[   129,    64,     1,     1] [   129,   129,     0]***[     0,     1,     1,     1] [     0,     0,     0]***[2]
     Snk_Flow [     0,     1,     1,     1] [     0,     0,     0]***[   129,    64,     1,     1] [   192,   129, 12288]***[     0,     1,     1,     1] [     0,     0,     0]***[2]
 layer ID :39
 LINK_X_COEFF_IN_FULL_TO_STAGE  20434649712 :  [0,1,1,1]
    COEFF_FULL     <160> ( L,S8b)[ 1, 1,    0, 1]: DDR_PERSIST( 0),   129,   129,   128, 16512,[  0,  0], 45900 |||| COEFF_IN_STAGE <161> ( L,S8b)[ 1, 1,    0, 1]: MSMC( 0),   192,   129,   128, 24576,[     0,     0],482d00
     Src_Flow [     0,     1,     1,     1] [     0,     0,     0]***[   129,   128,     1,     1] [   129,   129,     0]***[     0,     1,     1,     1] [     0,     0,     0]***[2]
     Snk_Flow [     0,     1,     1,     1] [     0,     0,     0]***[   129,   128,     1,     1] [   192,   129, 24576]***[     0,     1,     1,     1] [     0,     0,     0]***[2]
 layer ID :40
 LINK_X_COEFF_IN_FULL_TO_STAGE  20971520640 :  [0,1,1,1]
    COEFF_FULL     <165> ( L,S8b)[ 1, 1,    0, 1]: DDR_PERSIST( 0),  1153,  1153,   256,295168,[  0,  0], 49980 |||| COEFF_IN_STAGE <166> ( L,S8b)[ 1, 1,    0, 1]: MSMC( 0),  1216,  1153,   256,311296,[     0,     0],260d00
     Src_Flow [     0,     1,     1,     1] [     0,     0,     0]***[  1153,   256,     1,     1] [  1153,  1153,     0]***[     0,     1,     1,     1] [     0,     0,     0]***[2]
     Snk_Flow [     0,     1,     1,     1] [     0,     0,     0]***[  1153,   256,     1,     1] [  1216,  1153,311296]***[     0,     1,     1,     1] [     0,     0,     0]***[2]
 layer ID :41
 LINK_X_COEFF_IN_FULL_TO_STAGE  21508391568 :  [0,1,1,1]
    COEFF_FULL     <170> ( L,S8b)[ 1, 1,    0, 1]: DDR_PERSIST( 0),   257,   257,   128, 32896,[  0,  0], 91a80 |||| COEFF_IN_STAGE <171> ( L,S8b)[ 1, 1,    0, 1]: MSMC( 0),   320,   257,   128, 40960,[     0,     0],464d00
     Src_Flow [     0,     1,     1,     1] [     0,     0,     0]***[   257,   128,     1,     1] [   257,   257,     0]***[     0,     1,     1,     1] [     0,     0,     0]***[2]
     Snk_Flow [     0,     1,     1,     1] [     0,     0,     0]***[   257,   128,     1,     1] [   320,   257, 40960]***[     0,     1,     1,     1] [     0,     0,     0]***[2]
 layer ID :49
 LINK_X_COEFF_IN_FULL_TO_STAGE  25803358992 :  [0,1,1,1]
    COEFF_FULL     <189> ( L,S8b)[ 1, 1,    0, 1]: DDR_PERSIST( 0),   513,   513,   256,131328,[  0,  0], 99b00 |||| COEFF_IN_STAGE <190> ( L,S8b)[ 1, 1,    0, 1]: MSMC( 0),   576,   513,   256,147456,[     0,     0],31ed00
     Src_Flow [     0,     1,     1,     1] [     0,     0,     0]***[   513,   256,     1,     1] [   513,   513,     0]***[     0,     1,     1,     1] [     0,     0,     0]***[2]
     Snk_Flow [     0,     1,     1,     1] [     0,     0,     0]***[   513,   256,     1,     1] [   576,   513,147456]***[     0,     1,     1,     1] [     0,     0,     0]***[2]
 layer ID :50
 LINK_X_COEFF_IN_FULL_TO_STAGE  26340229920 :  [0,1,1,1]
    COEFF_FULL     <194> ( L,S8b)[ 1, 1,    0, 1]: DDR_PERSIST( 0),   257,   257,   128, 32896,[  0,  0], b9c00 |||| COEFF_IN_STAGE <195> ( L,S8b)[ 1, 1,    0, 1]: MSMC( 0),   320,   257,   128, 40960,[     0,     0],446d00
     Src_Flow [     0,     1,     1,     1] [     0,     0,     0]***[   257,   128,     1,     1] [   257,   257,     0]***[     0,     1,     1,     1] [     0,     0,     0]***[2]
     Snk_Flow [     0,     1,     1,     1] [     0,     0,     0]***[   257,   128,     1,     1] [   320,   257, 40960]***[     0,     1,     1,     1] [     0,     0,     0]***[2]

 ------------- 121 [Persistent Links WL]
 layer ID :52
 LINK_X_COEFF_IN_FULL_TO_STAGE  26877100864 :  [0,1,1,1]
    COEFF_FULL     <199> ( L,S8b)[ 1, 1,    0, 1]: DDR_PERSIST( 0),   129,   129,   128, 16512,[  0,  0], c1c80 |||| COEFF_IN_STAGE <200> ( L,S8b)[ 1, 1,    0, 1]: MSMC( 0),   192,   129,   128, 24576,[     0,     0],494d00
     Src_Flow [     0,     1,     1,     1] [     0,     0,     0]***[   129,   128,     1,     1] [   129,   129,     0]***[     0,     1,     1,     1] [     0,     0,     0]***[2]
     Snk_Flow [     0,     1,     1,     1] [     0,     0,     0]***[   129,   128,     1,     1] [   192,   129, 24576]***[     0,     1,     1,     1] [     0,     0,     0]***[2]
 layer ID :53
 LINK_X_COEFF_IN_FULL_TO_STAGE  27950842704 :  [0,1,1,1]
    COEFF_FULL     <204> ( L,S8b)[ 1, 1,    0, 1]: DDR_PERSIST( 0),  1153,  1153,   128,147584,[  0,  0], c5d00 |||| COEFF_IN_STAGE <205> ( L,S8b)[ 1, 1,    0, 1]: MSMC( 0),  1216,  1153,   128,155648,[     0,     0],2acd00
     Src_Flow [     0,     1,     1,     1] [     0,     0,     0]***[  1153,   128,     1,     1] [  1153,  1153,     0]***[     0,     1,     1,     1] [     0,     0,     0]***[2]
     Snk_Flow [     0,     1,     1,     1] [     0,     0,     0]***[  1153,   128,     1,     1] [  1216,  1153,155648]***[     0,     1,     1,     1] [     0,     0,     0]***[2]
 layer ID :51
 LINK_X_COEFF_IN_FULL_TO_STAGE  26340229936 :  [0,1,1,1]
    COEFF_FULL     <209> ( L,S8b)[ 1, 1,    0, 1]: DDR_PERSIST( 0),   257,   257,   128, 32896,[  0,  0], e9d80 |||| COEFF_IN_STAGE <210> ( L,S8b)[ 1, 1,    0, 1]: MSMC( 0),   320,   257,   128, 40960,[     0,     0],478d00
     Src_Flow [     0,     1,     1,     1] [     0,     0,     0]***[   257,   128,     1,     1] [   257,   257,     0]***[     0,     1,     1,     1] [     0,     0,     0]***[2]
     Snk_Flow [     0,     1,     1,     1] [     0,     0,     0]***[   257,   128,     1,     1] [   320,   257, 40960]***[     0,     1,     1,     1] [     0,     0,     0]***[2]
 layer ID :55
 LINK_X_COEFF_IN_FULL_TO_STAGE  29024584560 :  [0,1,1,1]
    COEFF_FULL     <216> ( L,S8b)[ 1, 1,    0, 1]: DDR_PERSIST( 0),   257,   257,   256, 65792,[  0,  0], f1e00 |||| COEFF_IN_STAGE <217> ( L,S8b)[ 1, 1,    0, 1]: MSMC( 0),   320,   257,   256, 81920,[     0,     0],358d00
     Src_Flow [     0,     1,     1,     1] [     0,     0,     0]***[   257,   256,     1,     1] [   257,   257,     0]***[     0,     1,     1,     1] [     0,     0,     0]***[2]
     Snk_Flow [     0,     1,     1,     1] [     0,     0,     0]***[   257,   256,     1,     1] [   320,   257, 81920]***[     0,     1,     1,     1] [     0,     0,     0]***[2]
 layer ID :56
 LINK_X_COEFF_IN_FULL_TO_STAGE  29561455488 :  [0,1,1,1]
    COEFF_FULL     <221> ( L,S8b)[ 1, 1,    0, 1]: DDR_PERSIST( 0),   257,   257,   128, 32896,[  0,  0],101f00 |||| COEFF_IN_STAGE <222> ( L,S8b)[ 1, 1,    0, 1]: MSMC( 0),   320,   257,   128, 40960,[     0,     0],450d00
     Src_Flow [     0,     1,     1,     1] [     0,     0,     0]***[   257,   128,     1,     1] [   257,   257,     0]***[     0,     1,     1,     1] [     0,     0,     0]***[2]
     Snk_Flow [     0,     1,     1,     1] [     0,     0,     0]***[   257,   128,     1,     1] [   320,   257, 40960]***[     0,     1,     1,     1] [     0,     0,     0]***[2]
 layer ID :59
 LINK_X_COEFF_IN_FULL_TO_STAGE  31172068272 :  [0,1,1,1]
    COEFF_FULL     <230> ( L,S8b)[ 1, 1,    0, 1]: DDR_PERSIST( 0),   257,   257,    64, 16512,[  0,  0],109f80 |||| COEFF_IN_STAGE <231> ( L,S8b)[ 1, 1,    0, 1]: MSMC( 0),   320,   257,    64, 20480,[     0,     0],4aad00
     Src_Flow [     0,     1,     1,     1] [     0,     0,     0]***[   257,    64,     1,     1] [   257,   257,     0]***[     0,     1,     1,     1] [     0,     0,     0]***[2]
     Snk_Flow [     0,     1,     1,     1] [     0,     0,     0]***[   257,    64,     1,     1] [   320,   257, 20480]***[     0,     1,     1,     1] [     0,     0,     0]***[2]
 layer ID :61
 LINK_X_COEFF_IN_FULL_TO_STAGE  31708939216 :  [0,1,1,1]
    COEFF_FULL     <235> ( L,S8b)[ 1, 1,    0, 1]: DDR_PERSIST( 0),    65,    65,    64,  4224,[  0,  0],10e000 |||| COEFF_IN_STAGE <236> ( L,S8b)[ 1, 1,    0, 1]: MSMC( 0),   192,    65,    64, 12288,[     0,     0],4c9100
     Src_Flow [     0,     1,     1,     1] [     0,     0,     0]***[    65,    64,     1,     1] [    65,    65,     0]***[     0,     1,     1,     1] [     0,     0,     0]***[2]
     Snk_Flow [     0,     1,     1,     1] [     0,     0,     0]***[    65,    64,     1,     1] [   192,    65, 12288]***[     0,     1,     1,     1] [     0,     0,     0]***[2]
 layer ID :62
 LINK_X_COEFF_IN_FULL_TO_STAGE  32782681056 :  [0,1,1,1]
    COEFF_FULL     <240> ( L,S8b)[ 1, 1,    0, 1]: DDR_PERSIST( 0),   577,   577,    64, 36992,[  0,  0],10f080 |||| COEFF_IN_STAGE <241> ( L,S8b)[ 1, 1,    0, 1]: MSMC( 0),   704,   577,    64, 45056,[     0,     0],380d00
     Src_Flow [     0,     1,     1,     1] [     0,     0,     0]***[   577,    64,     1,     1] [   577,   577,     0]***[     0,     1,     1,     1] [     0,     0,     0]***[2]
     Snk_Flow [     0,     1,     1,     1] [     0,     0,     0]***[   577,    64,     1,     1] [   704,   577, 45056]***[     0,     1,     1,     1] [     0,     0,     0]***[2]
 layer ID :60
 LINK_X_COEFF_IN_FULL_TO_STAGE  31172068288 :  [0,1,1,1]
    COEFF_FULL     <245> ( L,S8b)[ 1, 1,    0, 1]: DDR_PERSIST( 0),   257,   257,    64, 16512,[  0,  0],118100 |||| COEFF_IN_STAGE <246> ( L,S8b)[ 1, 1,    0, 1]: MSMC( 0),   320,   257,    64, 20480,[     0,     0],4a5d00
     Src_Flow [     0,     1,     1,     1] [     0,     0,     0]***[   257,    64,     1,     1] [   257,   257,     0]***[     0,     1,     1,     1] [     0,     0,     0]***[2]
     Snk_Flow [     0,     1,     1,     1] [     0,     0,     0]***[   257,    64,     1,     1] [   320,   257, 20480]***[     0,     1,     1,     1] [     0,     0,     0]***[2]
 layer ID :64
 LINK_X_COEFF_IN_FULL_TO_STAGE  33856422912 :  [0,1,1,1]
    COEFF_FULL     <252> ( L,S8b)[ 1, 1,    0, 1]: DDR_PERSIST( 0),   129,   129,   128, 16512,[  0,  0],11c180 |||| COEFF_IN_STAGE <253> ( L,S8b)[ 1, 1,    0, 1]: MSMC( 0),   192,   129,   128, 24576,[     0,     0],48ed00
     Src_Flow [     0,     1,     1,     1] [     0,     0,     0]***[   129,   128,     1,     1] [   129,   129,     0]***[     0,     1,     1,     1] [     0,     0,     0]***[2]
     Snk_Flow [     0,     1,     1,     1] [     0,     0,     0]***[   129,   128,     1,     1] [   192,   129, 24576]***[     0,     1,     1,     1] [     0,     0,     0]***[2]
 layer ID :65
 LINK_X_COEFF_IN_FULL_TO_STAGE  34393293840 :  [0,1,1,1]
    COEFF_FULL     <257> ( L,S8b)[ 1, 1,    0, 1]: DDR_PERSIST( 0),   129,   129,    64,  8320,[  0,  0],120200 |||| COEFF_IN_STAGE <258> ( L,S8b)[ 1, 1,    0, 1]: MSMC( 0),   192,   129,    64, 12288,[     0,     0],4d5100
     Src_Flow [     0,     1,     1,     1] [     0,     0,     0]***[   129,    64,     1,     1] [   129,   129,     0]***[     0,     1,     1,     1] [     0,     0,     0]***[2]
     Snk_Flow [     0,     1,     1,     1] [     0,     0,     0]***[   129,    64,     1,     1] [   192,   129, 12288]***[     0,     1,     1,     1] [     0,     0,     0]***[2]
 layer ID :68
 LINK_X_COEFF_IN_FULL_TO_STAGE  36003906624 :  [0,1,1,1]
    COEFF_FULL     <266> ( L,S8b)[ 1, 1,    0, 1]: DDR_PERSIST( 0),   129,   129,    32,  4224,[  0,  0],122280 |||| COEFF_IN_STAGE <267> ( L,S8b)[ 1, 1,    0, 1]: MSMC( 0),   192,   129,    32,  6144,[     0,     0],4f5900
     Src_Flow [     0,     1,     1,     1] [     0,     0,     0]***[   129,    32,     1,     1] [   129,   129,     0]***[     0,     1,     1,     1] [     0,     0,     0]***[2]
     Snk_Flow [     0,     1,     1,     1] [     0,     0,     0]***[   129,    32,     1,     1] [   192,   129,  6144]***[     0,     1,     1,     1] [     0,     0,     0]***[2]
 layer ID :70
 LINK_X_COEFF_IN_FULL_TO_STAGE  36540777568 :  [0,1,1,1]
    COEFF_FULL     <271> ( L,S8b)[ 1, 1,    0, 1]: DDR_PERSIST( 0),    33,    33,    32,  1152,[  0,  0],123300 |||| COEFF_IN_STAGE <272> ( L,S8b)[ 1, 1,    0, 1]: MSMC( 0),    33,    33,    32,  1152,[     0,     0],4fd580
     Src_Flow [     0,     1,     1,     1] [     0,     0,     0]***[    33,    32,     1,     1] [    33,    33,  1056]***[     0,     1,     1,     1] [     0,     0,     0]***[2]
     Snk_Flow [     0,     1,     1,     1] [     0,     0,     0]***[    33,    32,     1,     1] [    33,    33,     0]***[     0,     1,     1,     1] [     0,     0,     0]***[2]
 layer ID :71
 LINK_X_COEFF_IN_FULL_TO_STAGE  37614519408 :  [0,1,1,1]
    COEFF_FULL     <276> ( L,S8b)[ 1, 1,    0, 1]: DDR_PERSIST( 0),   289,   289,    32,  9344,[  0,  0],123780 |||| COEFF_IN_STAGE <277> ( L,S8b)[ 1, 1,    0, 1]: MSMC( 0),   320,   289,    32, 10240,[     0,     0],4ea100
     Src_Flow [     0,     1,     1,     1] [     0,     0,     0]***[   289,    32,     1,     1] [   289,   289,     0]***[     0,     1,     1,     1] [     0,     0,     0]***[2]
     Snk_Flow [     0,     1,     1,     1] [     0,     0,     0]***[   289,    32,     1,     1] [   320,   289, 10240]***[     0,     1,     1,     1] [     0,     0,     0]***[2]
 layer ID :69
 LINK_X_COEFF_IN_FULL_TO_STAGE  36003906640 :  [0,1,1,1]
    COEFF_FULL     <281> ( L,S8b)[ 1, 1,    0, 1]: DDR_PERSIST( 0),   129,   129,    32,  4224,[  0,  0],125c00 |||| COEFF_IN_STAGE <282> ( L,S8b)[ 1, 1,    0, 1]: MSMC( 0),   192,   129,    32,  6144,[     0,     0],4f8900
     Src_Flow [     0,     1,     1,     1] [     0,     0,     0]***[   129,    32,     1,     1] [   129,   129,     0]***[     0,     1,     1,     1] [     0,     0,     0]***[2]
     Snk_Flow [     0,     1,     1,     1] [     0,     0,     0]***[   129,    32,     1,     1] [   192,   129,  6144]***[     0,     1,     1,     1] [     0,     0,     0]***[2]
 layer ID :73
 LINK_X_COEFF_IN_FULL_TO_STAGE  38688261264 :  [0,1,1,1]
    COEFF_FULL     <288> ( L,S8b)[ 1, 1,    0, 1]: DDR_PERSIST( 0),    65,    65,    64,  4224,[  0,  0],126c80 |||| COEFF_IN_STAGE <289> ( L,S8b)[ 1, 1,    0, 1]: MSMC( 0),   192,    65,    64, 12288,[     0,     0],4db100
     Src_Flow [     0,     1,     1,     1] [     0,     0,     0]***[    65,    64,     1,     1] [    65,    65,     0]***[     0,     1,     1,     1] [     0,     0,     0]***[2]
     Snk_Flow [     0,     1,     1,     1] [     0,     0,     0]***[    65,    64,     1,     1] [   192,    65, 12288]***[     0,     1,     1,     1] [     0,     0,     0]***[2]
 layer ID :74
 LINK_X_COEFF_IN_FULL_TO_STAGE  39225132192 :  [0,1,1,1]
    COEFF_FULL     <293> ( L,S8b)[ 1, 1,    0, 1]: DDR_PERSIST( 0),   577,   577,    64, 36992,[  0,  0],127d00 |||| COEFF_IN_STAGE <294> ( L,S8b)[ 1, 1,    0, 1]: MSMC( 0),   704,   577,    64, 45056,[     0,     0],38bd00
     Src_Flow [     0,     1,     1,     1] [     0,     0,     0]***[   577,    64,     1,     1] [   577,   577,     0]***[     0,     1,     1,     1] [     0,     0,     0]***[2]
     Snk_Flow [     0,     1,     1,     1] [     0,     0,     0]***[   577,    64,     1,     1] [   704,   577, 45056]***[     0,     1,     1,     1] [     0,     0,     0]***[2]
 layer ID :79
 LINK_X_COEFF_IN_FULL_TO_STAGE  40835745008 :  [0,1,1,1]
    COEFF_FULL     <300> ( L,S8b)[ 1, 1,    0, 1]: DDR_PERSIST( 0),   129,   129,    64,  8320,[  0,  0],130d80 |||| COEFF_IN_STAGE <301> ( L,S8b)[ 1, 1,    0, 1]: MSMC( 0),   192,   129,    64, 12288,[     0,     0],4e1100
     Src_Flow [     0,     1,     1,     1] [     0,     0,     0]***[   129,    64,     1,     1] [   129,   129,     0]***[     0,     1,     1,     1] [     0,     0,     0]***[2]
     Snk_Flow [     0,     1,     1,     1] [     0,     0,     0]***[   129,    64,     1,     1] [   192,   129, 12288]***[     0,     1,     1,     1] [     0,     0,     0]***[2]
 layer ID :83
 LINK_X_COEFF_IN_FULL_TO_STAGE  42446357808 :  [0,1,1,1]
    COEFF_FULL     <305> ( L,S8b)[ 1, 1,    0, 1]: DDR_PERSIST( 0),    65,    65,    64,  4224,[  0,  0],132e00 |||| COEFF_IN_STAGE <306> ( L,S8b)[ 1, 1,    0, 1]: MSMC( 0),   192,    65,    64, 12288,[     0,     0],4e4100
     Src_Flow [     0,     1,     1,     1] [     0,     0,     0]***[    65,    64,     1,     1] [    65,    65,     0]***[     0,     1,     1,     1] [     0,     0,     0]***[2]
     Snk_Flow [     0,     1,     1,     1] [     0,     0,     0]***[    65,    64,     1,     1] [   192,    65, 12288]***[     0,     1,     1,     1] [     0,     0,     0]***[2]
 layer ID :87
 LINK_X_COEFF_IN_FULL_TO_STAGE  44593841520 :  [0,1,1,1]
    COEFF_FULL     <310> ( L,S8b)[ 1, 1,    0, 1]: DDR_PERSIST( 0),   577,   577,    64, 36992,[  0,  0],133e80 |||| COEFF_IN_STAGE <311> ( L,S8b)[ 1, 1,    0, 1]: MSMC( 0),   704,   577,    64, 45056,[     0,     0],396d00
     Src_Flow [     0,     1,     1,     1] [     0,     0,     0]***[   577,    64,     1,     1] [   577,   577,     0]***[     0,     1,     1,     1] [     0,     0,     0]***[2]
     Snk_Flow [     0,     1,     1,     1] [     0,     0,     0]***[   577,    64,     1,     1] [   704,   577, 45056]***[     0,     1,     1,     1] [     0,     0,     0]***[2]
 layer ID :80
 LINK_X_COEFF_IN_FULL_TO_STAGE  40835745024 :  [0,1,1,1]
    COEFF_FULL     <315> ( L,S8b)[ 1, 1,    0, 1]: DDR_PERSIST( 0),   129,   129,    64,  8320,[  0,  0],13cf00 |||| COEFF_IN_STAGE <316> ( L,S8b)[ 1, 1,    0, 1]: MSMC( 0),   192,   129,    64, 12288,[     0,     0],4c0100
     Src_Flow [     0,     1,     1,     1] [     0,     0,     0]***[   129,    64,     1,     1] [   129,   129,     0]***[     0,     1,     1,     1] [     0,     0,     0]***[2]
     Snk_Flow [     0,     1,     1,     1] [     0,     0,     0]***[   129,    64,     1,     1] [   192,   129, 12288]***[     0,     1,     1,     1] [     0,     0,     0]***[2]
 layer ID :90
 LINK_X_COEFF_IN_FULL_TO_STAGE  47815067040 :  [0,1,1,1]
    COEFF_FULL     <322> ( L,S8b)[ 1, 1,    0, 1]: DDR_PERSIST( 0),   129,   129,   128, 16512,[  0,  0],13ef80 |||| COEFF_IN_STAGE <323> ( L,S8b)[ 1, 1,    0, 1]: MSMC( 0),   192,   129,   128, 24576,[     0,     0],488d00
     Src_Flow [     0,     1,     1,     1] [     0,     0,     0]***[   129,   128,     1,     1] [   129,   129,     0]***[     0,     1,     1,     1] [     0,     0,     0]***[2]
     Snk_Flow [     0,     1,     1,     1] [     0,     0,     0]***[   129,   128,     1,     1] [   192,   129, 24576]***[     0,     1,     1,     1] [     0,     0,     0]***[2]
 layer ID :91
 LINK_X_COEFF_IN_FULL_TO_STAGE  48351937968 :  [0,1,1,1]
    COEFF_FULL     <327> ( L,S8b)[ 1, 1,    0, 1]: DDR_PERSIST( 0),  1153,  1153,   128,147584,[  0,  0],143000 |||| COEFF_IN_STAGE <328> ( L,S8b)[ 1, 1,    0, 1]: MSMC( 0),  1216,  1153,   128,155648,[     0,     0],2d2d00
     Src_Flow [     0,     1,     1,     1] [     0,     0,     0]***[  1153,   128,     1,     1] [  1153,  1153,     0]***[     0,     1,     1,     1] [     0,     0,     0]***[2]
     Snk_Flow [     0,     1,     1,     1] [     0,     0,     0]***[  1153,   128,     1,     1] [  1216,  1153,155648]***[     0,     1,     1,     1] [     0,     0,     0]***[2]
 layer ID :96
 LINK_X_COEFF_IN_FULL_TO_STAGE  49962550784 :  [0,1,1,1]
    COEFF_FULL     <334> ( L,S8b)[ 1, 1,    0, 1]: DDR_PERSIST( 0),   257,   257,   128, 32896,[  0,  0],167080 |||| COEFF_IN_STAGE <335> ( L,S8b)[ 1, 1,    0, 1]: MSMC( 0),   320,   257,   128, 40960,[     0,     0],45ad00
     Src_Flow [     0,     1,     1,     1] [     0,     0,     0]***[   257,   128,     1,     1] [   257,   257,     0]***[     0,     1,     1,     1] [     0,     0,     0]***[2]
     Snk_Flow [     0,     1,     1,     1] [     0,     0,     0]***[   257,   128,     1,     1] [   320,   257, 40960]***[     0,     1,     1,     1] [     0,     0,     0]***[2]
 layer ID :100
 LINK_X_COEFF_IN_FULL_TO_STAGE  51573163584 :  [0,1,1,1]
    COEFF_FULL     <339> ( L,S8b)[ 1, 1,    0, 1]: DDR_PERSIST( 0),   129,   129,   128, 16512,[  0,  0],16f100 |||| COEFF_IN_STAGE <340> ( L,S8b)[ 1, 1,    0, 1]: MSMC( 0),   192,   129,   128, 24576,[     0,     0],49ad00
     Src_Flow [     0,     1,     1,     1] [     0,     0,     0]***[   129,   128,     1,     1] [   129,   129,     0]***[     0,     1,     1,     1] [     0,     0,     0]***[2]
     Snk_Flow [     0,     1,     1,     1] [     0,     0,     0]***[   129,   128,     1,     1] [   192,   129, 24576]***[     0,     1,     1,     1] [     0,     0,     0]***[2]
 layer ID :104
 LINK_X_COEFF_IN_FULL_TO_STAGE  53720647296 :  [0,1,1,1]
    COEFF_FULL     <344> ( L,S8b)[ 1, 1,    0, 1]: DDR_PERSIST( 0),  1153,  1153,   128,147584,[  0,  0],173180 |||| COEFF_IN_STAGE <345> ( L,S8b)[ 1, 1,    0, 1]: MSMC( 0),  1216,  1153,   128,155648,[     0,     0],2f8d00
     Src_Flow [     0,     1,     1,     1] [     0,     0,     0]***[  1153,   128,     1,     1] [  1153,  1153,     0]***[     0,     1,     1,     1] [     0,     0,     0]***[2]
     Snk_Flow [     0,     1,     1,     1] [     0,     0,     0]***[  1153,   128,     1,     1] [  1216,  1153,155648]***[     0,     1,     1,     1] [     0,     0,     0]***[2]
 layer ID :97
 LINK_X_COEFF_IN_FULL_TO_STAGE  49962550800 :  [0,1,1,1]
    COEFF_FULL     <349> ( L,S8b)[ 1, 1,    0, 1]: DDR_PERSIST( 0),   257,   257,   128, 32896,[  0,  0],197200 |||| COEFF_IN_STAGE <350> ( L,S8b)[ 1, 1,    0, 1]: MSMC( 0),   320,   257,   128, 40960,[     0,     0],46ed00
     Src_Flow [     0,     1,     1,     1] [     0,     0,     0]***[   257,   128,     1,     1] [   257,   257,     0]***[     0,     1,     1,     1] [     0,     0,     0]***[2]
     Snk_Flow [     0,     1,     1,     1] [     0,     0,     0]***[   257,   128,     1,     1] [   320,   257, 40960]***[     0,     1,     1,     1] [     0,     0,     0]***[2]
 layer ID :107
 LINK_X_COEFF_IN_FULL_TO_STAGE  56941872816 :  [0,1,1,1]
    COEFF_FULL     <356> ( L,S8b)[ 1, 1,    0, 1]: DDR_PERSIST( 0),   257,   257,   256, 65792,[  0,  0],19f280 |||| COEFF_IN_STAGE <357> ( L,S8b)[ 1, 1,    0, 1]: MSMC( 0),   320,   257,   256, 81920,[     0,     0],36cd00
     Src_Flow [     0,     1,     1,     1] [     0,     0,     0]***[   257,   256,     1,     1] [   257,   257,     0]***[     0,     1,     1,     1] [     0,     0,     0]***[2]
     Snk_Flow [     0,     1,     1,     1] [     0,     0,     0]***[   257,   256,     1,     1] [   320,   257, 81920]***[     0,     1,     1,     1] [     0,     0,     0]***[2]
 layer ID :108
 LINK_X_COEFF_IN_FULL_TO_STAGE  57478743744 :  [0,1,1,1]
    COEFF_FULL     <361> ( L,S8b)[ 1, 1,    0, 1]: DDR_PERSIST( 0),   257,   257,    64, 16512,[  0,  0],1af380 |||| COEFF_IN_STAGE <362> ( L,S8b)[ 1, 1,    0, 1]: MSMC( 0),   320,   257,    64, 20480,[     0,     0],4afd00
     Src_Flow [     0,     1,     1,     1] [     0,     0,     0]***[   257,    64,     1,     1] [   257,   257,     0]***[     0,     1,     1,     1] [     0,     0,     0]***[2]
     Snk_Flow [     0,     1,     1,     1] [     0,     0,     0]***[   257,    64,     1,     1] [   320,   257, 20480]***[     0,     1,     1,     1] [     0,     0,     0]***[2]
 layer ID :109
 LINK_X_COEFF_IN_FULL_TO_STAGE  58015614672 :  [0,1,1,1]
    COEFF_FULL     <366> ( L,S8b)[ 1, 1,    0, 1]: DDR_PERSIST( 0),   577,   577,    64, 36992,[  0,  0],1b3400 |||| COEFF_IN_STAGE <367> ( L,S8b)[ 1, 1,    0, 1]: MSMC( 0),   704,   577,    64, 45056,[     0,     0],3c2d00
     Src_Flow [     0,     1,     1,     1] [     0,     0,     0]***[   577,    64,     1,     1] [   577,   577,     0]***[     0,     1,     1,     1] [     0,     0,     0]***[2]
     Snk_Flow [     0,     1,     1,     1] [     0,     0,     0]***[   577,    64,     1,     1] [   704,   577, 45056]***[     0,     1,     1,     1] [     0,     0,     0]***[2]
 layer ID :111
 LINK_X_COEFF_IN_FULL_TO_STAGE  58552485616 :  [0,1,1,1]
    COEFF_FULL     <371> ( L,S8b)[ 1, 1,    0, 1]: DDR_PERSIST( 0),   577,   577,    64, 36992,[  0,  0],1bc480 |||| COEFF_IN_STAGE <372> ( L,S8b)[ 1, 1,    0, 1]: MSMC( 0),   704,   577,    64, 45056,[     0,     0],3cdd00
     Src_Flow [     0,     1,     1,     1] [     0,     0,     0]***[   577,    64,     1,     1] [   577,   577,     0]***[     0,     1,     1,     1] [     0,     0,     0]***[2]
     Snk_Flow [     0,     1,     1,     1] [     0,     0,     0]***[   577,    64,     1,     1] [   704,   577, 45056]***[     0,     1,     1,     1] [     0,     0,     0]***[2]
 layer ID :113
 LINK_X_COEFF_IN_FULL_TO_STAGE  59626227472 :  [0,1,1,1]
    COEFF_FULL     <376> ( L,S8b)[ 1, 1,    0, 1]: DDR_PERSIST( 0),    65,    65,    80,  5248,[  0,  0],1c5500 |||| COEFF_IN_STAGE <377> ( L,S8b)[ 1, 1,    0, 1]: MSMC( 0),   192,    65,    80, 15360,[     0,     0],4b8900
     Src_Flow [     0,     1,     1,     1] [     0,     0,     0]***[    65,    80,     1,     1] [    65,    65,     0]***[     0,     1,     1,     1] [     0,     0,     0]***[2]
     Snk_Flow [     0,     1,     1,     1] [     0,     0,     0]***[    65,    80,     1,     1] [   192,    65, 15360]***[     0,     1,     1,     1] [     0,     0,     0]***[2]

 ------------- 122 [Persistent Links WL]
 layer ID :110
 LINK_X_COEFF_IN_FULL_TO_STAGE  58015614688 :  [0,1,1,1]
    COEFF_FULL     <381> ( L,S8b)[ 1, 1,    0, 1]: DDR_PERSIST( 0),   577,   577,    64, 36992,[  0,  0],1c6980 |||| COEFF_IN_STAGE <382> ( L,S8b)[ 1, 1,    0, 1]: MSMC( 0),   704,   577,    64, 45056,[     0,     0],3d8d00
     Src_Flow [     0,     1,     1,     1] [     0,     0,     0]***[   577,    64,     1,     1] [   577,   577,     0]***[     0,     1,     1,     1] [     0,     0,     0]***[2]
     Snk_Flow [     0,     1,     1,     1] [     0,     0,     0]***[   577,    64,     1,     1] [   704,   577, 45056]***[     0,     1,     1,     1] [     0,     0,     0]***[2]
 layer ID :112
 LINK_X_COEFF_IN_FULL_TO_STAGE  59089356544 :  [0,1,1,1]
    COEFF_FULL     <386> ( L,S8b)[ 1, 1,    0, 1]: DDR_PERSIST( 0),   577,   577,    64, 36992,[  0,  0],1cfa00 |||| COEFF_IN_STAGE <387> ( L,S8b)[ 1, 1,    0, 1]: MSMC( 0),   704,   577,    64, 45056,[     0,     0],3e3d00
     Src_Flow [     0,     1,     1,     1] [     0,     0,     0]***[   577,    64,     1,     1] [   577,   577,     0]***[     0,     1,     1,     1] [     0,     0,     0]***[2]
     Snk_Flow [     0,     1,     1,     1] [     0,     0,     0]***[   577,    64,     1,     1] [   704,   577, 45056]***[     0,     1,     1,     1] [     0,     0,     0]***[2]
 layer ID :114
 LINK_X_COEFF_IN_FULL_TO_STAGE  60163098400 :  [0,1,1,1]
    COEFF_FULL     <391> ( L,S8b)[ 1, 1,    0, 1]: DDR_PERSIST( 0),    65,    65,     4,   384,[  0,  0],1d8a80 |||| COEFF_IN_STAGE <392> ( L,S8b)[ 1, 1,    0, 1]: MSMC( 0),   192,    65,     4,   768,[     0,     0],4fe780
     Src_Flow [     0,     1,     1,     1] [     0,     0,     0]***[    65,     4,     1,     1] [    65,    65,     0]***[     0,     1,     1,     1] [     0,     0,     0]***[2]
     Snk_Flow [     0,     1,     1,     1] [     0,     0,     0]***[    65,     4,     1,     1] [   192,    65,   768]***[     0,     1,     1,     1] [     0,     0,     0]***[2]
 layer ID :115
 LINK_X_COEFF_IN_FULL_TO_STAGE  60163098416 :  [0,1,1,1]
    COEFF_FULL     <396> ( L,S8b)[ 1, 1,    0, 1]: DDR_PERSIST( 0),    65,    65,     1,   128,[  0,  0],1d8c00 |||| COEFF_IN_STAGE <397> ( L,S8b)[ 1, 1,    0, 1]: MSMC( 0),   192,    65,     1,   256,[     0,     0],4ff980
     Src_Flow [     0,     1,     1,     1] [     0,     0,     0]***[    65,     1,     1,     1] [    65,    65,     0]***[     0,     1,     1,     1] [     0,     0,     0]***[2]
     Snk_Flow [     0,     1,     1,     1] [     0,     0,     0]***[    65,     1,     1,     1] [   192,    65,   192]***[     0,     1,     1,     1] [     0,     0,     0]***[2]
 layer ID :92
 LINK_X_COEFF_IN_FULL_TO_STAGE  48351937984 :  [0,1,1,1]
    COEFF_FULL     <403> ( L,S8b)[ 1, 1,    0, 1]: DDR_PERSIST( 0),   129,   129,    64,  8320,[  0,  0],1d8c80 |||| COEFF_IN_STAGE <404> ( L,S8b)[ 1, 1,    0, 1]: MSMC( 0),   192,   129,    64, 12288,[     0,     0],4c6100
     Src_Flow [     0,     1,     1,     1] [     0,     0,     0]***[   129,    64,     1,     1] [   129,   129,     0]***[     0,     1,     1,     1] [     0,     0,     0]***[2]
     Snk_Flow [     0,     1,     1,     1] [     0,     0,     0]***[   129,    64,     1,     1] [   192,   129, 12288]***[     0,     1,     1,     1] [     0,     0,     0]***[2]
 layer ID :94
 LINK_X_COEFF_IN_FULL_TO_STAGE  49425679840 :  [0,1,1,1]
    COEFF_FULL     <408> ( L,S8b)[ 1, 1,    0, 1]: DDR_PERSIST( 0),   577,   577,    64, 36992,[  0,  0],1dad00 |||| COEFF_IN_STAGE <409> ( L,S8b)[ 1, 1,    0, 1]: MSMC( 0),   704,   577,    64, 45056,[     0,     0],3eed00
     Src_Flow [     0,     1,     1,     1] [     0,     0,     0]***[   577,    64,     1,     1] [   577,   577,     0]***[     0,     1,     1,     1] [     0,     0,     0]***[2]
     Snk_Flow [     0,     1,     1,     1] [     0,     0,     0]***[   577,    64,     1,     1] [   704,   577, 45056]***[     0,     1,     1,     1] [     0,     0,     0]***[2]
 layer ID :98
 LINK_X_COEFF_IN_FULL_TO_STAGE  50499421728 :  [0,1,1,1]
    COEFF_FULL     <413> ( L,S8b)[ 1, 1,    0, 1]: DDR_PERSIST( 0),   577,   577,    64, 36992,[  0,  0],1e3d80 |||| COEFF_IN_STAGE <414> ( L,S8b)[ 1, 1,    0, 1]: MSMC( 0),   704,   577,    64, 45056,[     0,     0],3f9d00
     Src_Flow [     0,     1,     1,     1] [     0,     0,     0]***[   577,    64,     1,     1] [   577,   577,     0]***[     0,     1,     1,     1] [     0,     0,     0]***[2]
     Snk_Flow [     0,     1,     1,     1] [     0,     0,     0]***[   577,    64,     1,     1] [   704,   577, 45056]***[     0,     1,     1,     1] [     0,     0,     0]***[2]
 layer ID :101
 LINK_X_COEFF_IN_FULL_TO_STAGE  52646905424 :  [0,1,1,1]
    COEFF_FULL     <418> ( L,S8b)[ 1, 1,    0, 1]: DDR_PERSIST( 0),    65,    65,    80,  5248,[  0,  0],1ece00 |||| COEFF_IN_STAGE <419> ( L,S8b)[ 1, 1,    0, 1]: MSMC( 0),   192,    65,    80, 15360,[     0,     0],4bc500
     Src_Flow [     0,     1,     1,     1] [     0,     0,     0]***[    65,    80,     1,     1] [    65,    65,     0]***[     0,     1,     1,     1] [     0,     0,     0]***[2]
     Snk_Flow [     0,     1,     1,     1] [     0,     0,     0]***[    65,    80,     1,     1] [   192,    65, 15360]***[     0,     1,     1,     1] [     0,     0,     0]***[2]
 layer ID :95
 LINK_X_COEFF_IN_FULL_TO_STAGE  49425679856 :  [0,1,1,1]
    COEFF_FULL     <423> ( L,S8b)[ 1, 1,    0, 1]: DDR_PERSIST( 0),   577,   577,    64, 36992,[  0,  0],1ee280 |||| COEFF_IN_STAGE <424> ( L,S8b)[ 1, 1,    0, 1]: MSMC( 0),   704,   577,    64, 45056,[     0,     0],404d00
     Src_Flow [     0,     1,     1,     1] [     0,     0,     0]***[   577,    64,     1,     1] [   577,   577,     0]***[     0,     1,     1,     1] [     0,     0,     0]***[2]
     Snk_Flow [     0,     1,     1,     1] [     0,     0,     0]***[   577,    64,     1,     1] [   704,   577, 45056]***[     0,     1,     1,     1] [     0,     0,     0]***[2]
 layer ID :99
 LINK_X_COEFF_IN_FULL_TO_STAGE  51036292656 :  [0,1,1,1]
    COEFF_FULL     <428> ( L,S8b)[ 1, 1,    0, 1]: DDR_PERSIST( 0),   577,   577,    64, 36992,[  0,  0],1f7300 |||| COEFF_IN_STAGE <429> ( L,S8b)[ 1, 1,    0, 1]: MSMC( 0),   704,   577,    64, 45056,[     0,     0],40fd00
     Src_Flow [     0,     1,     1,     1] [     0,     0,     0]***[   577,    64,     1,     1] [   577,   577,     0]***[     0,     1,     1,     1] [     0,     0,     0]***[2]
     Snk_Flow [     0,     1,     1,     1] [     0,     0,     0]***[   577,    64,     1,     1] [   704,   577, 45056]***[     0,     1,     1,     1] [     0,     0,     0]***[2]
 layer ID :102
 LINK_X_COEFF_IN_FULL_TO_STAGE  53183776352 :  [0,1,1,1]
    COEFF_FULL     <433> ( L,S8b)[ 1, 1,    0, 1]: DDR_PERSIST( 0),    65,    65,     4,   384,[  0,  0],200380 |||| COEFF_IN_STAGE <434> ( L,S8b)[ 1, 1,    0, 1]: MSMC( 0),   192,    65,     4,   768,[     0,     0],4fea80
     Src_Flow [     0,     1,     1,     1] [     0,     0,     0]***[    65,     4,     1,     1] [    65,    65,     0]***[     0,     1,     1,     1] [     0,     0,     0]***[2]
     Snk_Flow [     0,     1,     1,     1] [     0,     0,     0]***[    65,     4,     1,     1] [   192,    65,   768]***[     0,     1,     1,     1] [     0,     0,     0]***[2]
 layer ID :103
 LINK_X_COEFF_IN_FULL_TO_STAGE  53183776368 :  [0,1,1,1]
    COEFF_FULL     <438> ( L,S8b)[ 1, 1,    0, 1]: DDR_PERSIST( 0),    65,    65,     1,   128,[  0,  0],200500 |||| COEFF_IN_STAGE <439> ( L,S8b)[ 1, 1,    0, 1]: MSMC( 0),   192,    65,     1,   256,[     0,     0],4ff880
     Src_Flow [     0,     1,     1,     1] [     0,     0,     0]***[    65,     1,     1,     1] [    65,    65,     0]***[     0,     1,     1,     1] [     0,     0,     0]***[2]
     Snk_Flow [     0,     1,     1,     1] [     0,     0,     0]***[    65,     1,     1,     1] [   192,    65,   192]***[     0,     1,     1,     1] [     0,     0,     0]***[2]
 layer ID :75
 LINK_X_COEFF_IN_FULL_TO_STAGE  39225132208 :  [0,1,1,1]
    COEFF_FULL     <445> ( L,S8b)[ 1, 1,    0, 1]: DDR_PERSIST( 0),    65,    65,    64,  4224,[  0,  0],200580 |||| COEFF_IN_STAGE <446> ( L,S8b)[ 1, 1,    0, 1]: MSMC( 0),   192,    65,    64, 12288,[     0,     0],4d8100
     Src_Flow [     0,     1,     1,     1] [     0,     0,     0]***[    65,    64,     1,     1] [    65,    65,     0]***[     0,     1,     1,     1] [     0,     0,     0]***[2]
     Snk_Flow [     0,     1,     1,     1] [     0,     0,     0]***[    65,    64,     1,     1] [   192,    65, 12288]***[     0,     1,     1,     1] [     0,     0,     0]***[2]
 layer ID :77
 LINK_X_COEFF_IN_FULL_TO_STAGE  40298874064 :  [0,1,1,1]
    COEFF_FULL     <450> ( L,S8b)[ 1, 1,    0, 1]: DDR_PERSIST( 0),   577,   577,    64, 36992,[  0,  0],201600 |||| COEFF_IN_STAGE <451> ( L,S8b)[ 1, 1,    0, 1]: MSMC( 0),   704,   577,    64, 45056,[     0,     0],41ad00
     Src_Flow [     0,     1,     1,     1] [     0,     0,     0]***[   577,    64,     1,     1] [   577,   577,     0]***[     0,     1,     1,     1] [     0,     0,     0]***[2]
     Snk_Flow [     0,     1,     1,     1] [     0,     0,     0]***[   577,    64,     1,     1] [   704,   577, 45056]***[     0,     1,     1,     1] [     0,     0,     0]***[2]
 layer ID :81
 LINK_X_COEFF_IN_FULL_TO_STAGE  41372615952 :  [0,1,1,1]
    COEFF_FULL     <455> ( L,S8b)[ 1, 1,    0, 1]: DDR_PERSIST( 0),   577,   577,    64, 36992,[  0,  0],20a680 |||| COEFF_IN_STAGE <456> ( L,S8b)[ 1, 1,    0, 1]: MSMC( 0),   704,   577,    64, 45056,[     0,     0],425d00
     Src_Flow [     0,     1,     1,     1] [     0,     0,     0]***[   577,    64,     1,     1] [   577,   577,     0]***[     0,     1,     1,     1] [     0,     0,     0]***[2]
     Snk_Flow [     0,     1,     1,     1] [     0,     0,     0]***[   577,    64,     1,     1] [   704,   577, 45056]***[     0,     1,     1,     1] [     0,     0,     0]***[2]
 layer ID :84
 LINK_X_COEFF_IN_FULL_TO_STAGE  43520099648 :  [0,1,1,1]
    COEFF_FULL     <460> ( L,S8b)[ 1, 1,    0, 1]: DDR_PERSIST( 0),    65,    65,    80,  5248,[  0,  0],213700 |||| COEFF_IN_STAGE <461> ( L,S8b)[ 1, 1,    0, 1]: MSMC( 0),   192,    65,    80, 15360,[     0,     0],4b4d00
     Src_Flow [     0,     1,     1,     1] [     0,     0,     0]***[    65,    80,     1,     1] [    65,    65,     0]***[     0,     1,     1,     1] [     0,     0,     0]***[2]
     Snk_Flow [     0,     1,     1,     1] [     0,     0,     0]***[    65,    80,     1,     1] [   192,    65, 15360]***[     0,     1,     1,     1] [     0,     0,     0]***[2]
 layer ID :78
 LINK_X_COEFF_IN_FULL_TO_STAGE  40298874080 :  [0,1,1,1]
    COEFF_FULL     <465> ( L,S8b)[ 1, 1,    0, 1]: DDR_PERSIST( 0),   577,   577,    64, 36992,[  0,  0],214b80 |||| COEFF_IN_STAGE <466> ( L,S8b)[ 1, 1,    0, 1]: MSMC( 0),   704,   577,    64, 45056,[     0,     0],430d00
     Src_Flow [     0,     1,     1,     1] [     0,     0,     0]***[   577,    64,     1,     1] [   577,   577,     0]***[     0,     1,     1,     1] [     0,     0,     0]***[2]
     Snk_Flow [     0,     1,     1,     1] [     0,     0,     0]***[   577,    64,     1,     1] [   704,   577, 45056]***[     0,     1,     1,     1] [     0,     0,     0]***[2]
 layer ID :82
 LINK_X_COEFF_IN_FULL_TO_STAGE  41909486880 :  [0,1,1,1]
    COEFF_FULL     <470> ( L,S8b)[ 1, 1,    0, 1]: DDR_PERSIST( 0),   577,   577,    64, 36992,[  0,  0],21dc00 |||| COEFF_IN_STAGE <471> ( L,S8b)[ 1, 1,    0, 1]: MSMC( 0),   704,   577,    64, 45056,[     0,     0],43bd00
     Src_Flow [     0,     1,     1,     1] [     0,     0,     0]***[   577,    64,     1,     1] [   577,   577,     0]***[     0,     1,     1,     1] [     0,     0,     0]***[2]
     Snk_Flow [     0,     1,     1,     1] [     0,     0,     0]***[   577,    64,     1,     1] [   704,   577, 45056]***[     0,     1,     1,     1] [     0,     0,     0]***[2]
 layer ID :85
 LINK_X_COEFF_IN_FULL_TO_STAGE  44056970576 :  [0,1,1,1]
    COEFF_FULL     <475> ( L,S8b)[ 1, 1,    0, 1]: DDR_PERSIST( 0),    65,    65,     4,   384,[  0,  0],226c80 |||| COEFF_IN_STAGE <476> ( L,S8b)[ 1, 1,    0, 1]: MSMC( 0),   192,    65,     4,   768,[     0,     0],4fed80
     Src_Flow [     0,     1,     1,     1] [     0,     0,     0]***[    65,     4,     1,     1] [    65,    65,     0]***[     0,     1,     1,     1] [     0,     0,     0]***[2]
     Snk_Flow [     0,     1,     1,     1] [     0,     0,     0]***[    65,     4,     1,     1] [   192,    65,   768]***[     0,     1,     1,     1] [     0,     0,     0]***[2]
 layer ID :86
 LINK_X_COEFF_IN_FULL_TO_STAGE  44056970592 :  [0,1,1,1]
    COEFF_FULL     <480> ( L,S8b)[ 1, 1,    0, 1]: DDR_PERSIST( 0),    65,    65,     1,   128,[  0,  0],226e00 |||| COEFF_IN_STAGE <481> ( L,S8b)[ 1, 1,    0, 1]: MSMC( 0),   192,    65,     1,   256,[     0,     0],4ffa80
     Src_Flow [     0,     1,     1,     1] [     0,     0,     0]***[    65,     1,     1,     1] [    65,    65,     0]***[     0,     1,     1,     1] [     0,     0,     0]***[2]
     Snk_Flow [     0,     1,     1,     1] [     0,     0,     0]***[    65,     1,     1,     1] [   192,    65,   192]***[     0,     1,     1,     1] [     0,     0,     0]***[2]
